{"type": "FeatureCollection", "name": "两步路调研轨迹_全部", "features": [{"type": "Feature", "properties": {"type": "track", "name": "2026-09-09 调研轨迹", "date": "2026-09-09", "time": "18:05:42", "distance_m": 12837.7, "point_count": 1695}, "geometry": {"type": "LineString", "coordinates": [[111.589803, 26.449314, 112.363215], [111.589884, 26.449193, 111.876079], [111.589887, 26.449181, 111.786374], [111.589893, 26.44917, 112.214731], [111.589961, 26.449046, 111.859632], [111.589976, 26.449018, 111.498682], [111.59, 26.44899, 111.669096], [111.590169, 26.448801, 114.694297], [111.590169, 26.448801, 114.737265], [111.590169, 26.448801, 114.465291], [111.590237, 26.448539, 111.148699], [111.590237, 26.448539, 110.962958], [111.590237, 26.448539, 111.020269], [111.590409, 26.448538, 110.241346], [111.590446, 26.448544, 110.536981], [111.590485, 26.448553, 110.146036], [111.590535, 26.448563, 110.266934], [111.59054, 26.44845, 110.235573], [111.590537, 26.448427, 110.203272], [111.590544, 26.448401, 110.274882], [111.590621, 26.448084, 109.212527], [111.590621, 26.448084, 113.24227], [111.590621, 26.448084, 113.728963], [111.590691, 26.447923, 108.853097], [111.590701, 26.447912, 109.037667], [111.59072, 26.447899, 108.695304], [111.590815, 26.447838, 107.966713], [111.590838, 26.447822, 107.788558], [111.590864, 26.447803, 107.275109], [111.590922, 26.447762, 106.993812], [111.590954, 26.447739, 107.303348], [111.590985, 26.447716, 106.819703], [111.59108, 26.447646, 106.27631], [111.591034, 26.446971, 110.55837], [111.591034, 26.446971, 105.911145], [111.591034, 26.446971, 106.078732], [111.591245, 26.446977, 105.051958], [111.591249, 26.447057, 104.978451], [111.59125, 26.447089, 105.079297], [111.591272, 26.447129, 105.083519], [111.591162, 26.446934, 105.459565], [111.591144, 26.446907, 111.270467], [111.591127, 26.446879, 110.936971], [111.591077, 26.446797, 109.912312], [111.591058, 26.447054, 106.843527], [111.591058, 26.447054, 106.614333], [111.591057, 26.447051, 106.536918], [111.591147, 26.447248, 106.638252], [111.591146, 26.44725, 106.79518], [111.591142, 26.447258, 106.853139], [111.590868, 26.447737, 108.35824], [111.590868, 26.447737, 108.051903], [111.590868, 26.447737, 107.875749], [111.590736, 26.447962, 108.458451], [111.590539, 26.44804, 108.656852], [111.590514, 26.44805, 108.693456], [111.590514, 26.44805, 107.482853], [111.590533, 26.448213, 109.365995], [111.590567, 26.448508, 109.523137], [111.590573, 26.448533, 110.125134], [111.590575, 26.448564, 108.929845], [111.59058, 26.448648, 109.650883], [111.59058, 26.44867, 109.874261], [111.590574, 26.448699, 110.535521], [111.590549, 26.448789, 110.123018], [111.590534, 26.448817, 110.650056], [111.590508, 26.448839, 110.49637], [111.59043, 26.448902, 110.432651], [111.590412, 26.44891, 110.322167], [111.590382, 26.448914, 110.304671], [111.59082, 26.448849, 109.609295], [111.59082, 26.448849, 109.82502], [111.59082, 26.448849, 109.292325], [111.5911, 26.448897, 108.608949], [111.59113, 26.4489, 108.494475], [111.591168, 26.448905, 108.686028], [111.591245, 26.448914, 108.606411], [111.591283, 26.448915, 108.643053], [111.591326, 26.448911, 108.558496], [111.591367, 26.448905, 107.996327], [111.591408, 26.448895, 107.887461], [111.591449, 26.448885, 107.982204], [111.591485, 26.448875, 107.869349], [111.591521, 26.448865, 108.014434], [111.591553, 26.448858, 107.86469], [111.591579, 26.44885, 107.570081], [111.591617, 26.448832, 107.797849], [111.591638, 26.448815, 107.734435], [111.591654, 26.448794, 107.945262], [111.591681, 26.448763, 107.804286], [111.59171, 26.448744, 106.152132], [111.591733, 26.448739, 105.481181], [111.591778, 26.448736, 106.13839], [111.591815, 26.448737, 106.127263], [111.591844, 26.448741, 106.075829], [111.591875, 26.448748, 106.183757], [111.591933, 26.448766, 106.371308], [111.591959, 26.448776, 106.652661], [111.591984, 26.448786, 106.678444], [111.592035, 26.448809, 106.394822], [111.592071, 26.448825, 106.482879], [111.592104, 26.448842, 106.419509], [111.592141, 26.44886, 106.375706], [111.592172, 26.448876, 106.378608], [111.592196, 26.448888, 106.22899], [111.592237, 26.448903, 106.072453], [111.592302, 26.448921, 109.834127], [111.592302, 26.448924, 109.869222], [111.592324, 26.448746, 105.789438], [111.592323, 26.448723, 105.695462], [111.592316, 26.44872, 105.652312], [111.592102, 26.44864, 105.541817], [111.592086, 26.448628, 105.591276], [111.592071, 26.448618, 106.831807], [111.591896, 26.448508, 105.641781], [111.592361, 26.448692, 105.054423], [111.592397, 26.448707, 105.097189], [111.592442, 26.44872, 104.889216], [111.592563, 26.448741, 104.995229], [111.592593, 26.448736, 105.054968], [111.592598, 26.448726, 105.14361], [111.592644, 26.448614, 104.363432], [111.592636, 26.448585, 104.540591], [111.592577, 26.448362, 104.664723], [111.592564, 26.448317, 104.171444], [111.592563, 26.448314, 103.847474], [111.592529, 26.448233, 103.073637], [111.592516, 26.448204, 102.988644], [111.5925, 26.44817, 103.212578], [111.592481, 26.448133, 103.033437], [111.592469, 26.44809, 102.903995], [111.592409, 26.447867, 102.807911], [111.592407, 26.447857, 102.305742], [111.592406, 26.447856, 102.595747], [111.592384, 26.447757, 101.601669], [111.592336, 26.447544, 101.566723], [111.592332, 26.447515, 102.018086], [111.592296, 26.447263, 101.597719], [111.592296, 26.447263, 101.587864], [111.592296, 26.447263, 101.463774], [111.592237, 26.447124, 101.055246], [111.592222, 26.447096, 100.792305], [111.592205, 26.447063, 101.019656], [111.59217, 26.446997, 101.025944], [111.592153, 26.446964, 101.038912], [111.592141, 26.446931, 101.115517], [111.592118, 26.446859, 101.214756], [111.59211, 26.446822, 100.765388], [111.592114, 26.446793, 100.854198], [111.592133, 26.446732, 100.770473], [111.59215, 26.446695, 100.771688], [111.592164, 26.446682, 100.538136], [111.592221, 26.44663, 100.039109], [111.592247, 26.44661, 99.982783], [111.592276, 26.446597, 99.967847], [111.592357, 26.44656, 98.943829], [111.592383, 26.446545, 99.694238], [111.592393, 26.446528, 99.637633], [111.59244, 26.446417, 99.673565], [111.592431, 26.446389, 99.435866], [111.592385, 26.446245, 99.907152], [111.592376, 26.446227, 99.622769], [111.59237, 26.446221, 99.888517], [111.592286, 26.446138, 99.819293], [111.592069, 26.445922, 99.666153], [111.592042, 26.445891, 99.591704], [111.591991, 26.445831, 99.378175], [111.591988, 26.445827, 99.35262], [111.59198, 26.44582, 99.57056], [111.591913, 26.44576, 99.644938], [111.59164, 26.445519, 99.505336], [111.591621, 26.445503, 99.832367], [111.59157, 26.445465, 100.159443], [111.591562, 26.445465, 100.772166], [111.591524, 26.445474, 101.10103], [111.591466, 26.445493, 101.542929], [111.591432, 26.445509, 100.804965], [111.591404, 26.445537, 101.724415], [111.591277, 26.44567, 102.087331], [111.591268, 26.445679, 102.595403], [111.591267, 26.445681, 102.594469], [111.591206, 26.445767, 103.704229], [111.59107, 26.445959, 103.607042], [111.591048, 26.445983, 104.461379], [111.590755, 26.446321, 106.835256], [111.590755, 26.446321, 106.65833], [111.590755, 26.446321, 106.665595], [111.59064, 26.446454, 108.222561], [111.590499, 26.446615, 108.250954], [111.590478, 26.446637, 108.438141], [111.590387, 26.446731, 109.291745], [111.590384, 26.446736, 109.364117], [111.590367, 26.446764, 109.807266], [111.59031, 26.446843, 110.265155], [111.590169, 26.447036, 110.521472], [111.59015, 26.447063, 110.452909], [111.590147, 26.447066, 110.193228], [111.590092, 26.447149, 110.939247], [111.590078, 26.447175, 110.94291], [111.590059, 26.447208, 111.110791], [111.590038, 26.447244, 111.400053], [111.590014, 26.44728, 111.281487], [111.58999, 26.447317, 111.285121], [111.589964, 26.447353, 111.108225], [111.589938, 26.447389, 111.286359], [111.58991, 26.447425, 111.386787], [111.589882, 26.447459, 111.575827], [111.589855, 26.447492, 111.671348], [111.589828, 26.447522, 111.582695], [111.589801, 26.44755, 111.716001], [111.589774, 26.447576, 111.635349], [111.589748, 26.447601, 111.608284], [111.589736, 26.447628, 111.956476], [111.589715, 26.447695, 112.165924], [111.589692, 26.447761, 112.015918], [111.589679, 26.447792, 112.036135], [111.589647, 26.447853, 112.307984], [111.589589, 26.447936, 112.269674], [111.589548, 26.447987, 113.125252], [111.589524, 26.448007, 112.281276], [111.589421, 26.448057, 112.773556], [111.589265, 26.448131, 113.087495], [111.589255, 26.448135, 113.129658], [111.589254, 26.448136, 112.76989], [111.589146, 26.44829, 112.928068], [111.58901, 26.448481, 113.327464], [111.58901, 26.448506, 113.404788], [111.589014, 26.448585, 112.766608], [111.589017, 26.448636, 113.345877], [111.589024, 26.448663, 112.925515], [111.589133, 26.449035, 112.971528], [111.58918, 26.449193, 113.0489], [111.58918, 26.449193, 112.923185], [111.589183, 26.449195, 112.792789], [111.589369, 26.449248, 111.891449], [111.589589, 26.449309, 111.912608], [111.589602, 26.449321, 111.853347], [111.589662, 26.449381, 112.386426], [111.589668, 26.449386, 111.555735], [111.589697, 26.449406, 111.323294], [111.589799, 26.449489, 111.223625], [111.589978, 26.449633, 111.348553], [111.589997, 26.44965, 111.39972], [111.589995, 26.449655, 111.59486], [111.59003, 26.449506, 111.539658], [111.590123, 26.449106, 111.376], [111.590141, 26.449083, 111.257415], [111.590324, 26.44885, 112.8384], [111.590324, 26.44885, 112.703146], [111.590324, 26.44885, 112.608419], [111.590442, 26.448725, 109.269095], [111.590695, 26.448622, 109.098403], [111.590721, 26.448611, 109.025172], [111.590724, 26.44861, 109.212773], [111.590858, 26.448554, 110.461996], [111.590889, 26.448542, 110.371664], [111.590925, 26.448529, 110.183248], [111.591035, 26.448498, 109.6415], [111.591066, 26.448507, 109.366049], [111.591301, 26.448573, 107.017967], [111.591301, 26.448573, 106.830922], [111.591301, 26.448573, 106.644036], [111.591462, 26.448572, 106.158272], [111.591501, 26.448568, 106.205067], [111.591543, 26.448559, 106.153929], [111.591618, 26.44854, 106.11361], [111.591649, 26.448528, 106.002235], [111.591705, 26.448472, 106.013847], [111.591775, 26.448383, 110.470663], [111.591781, 26.448358, 111.001302], [111.591791, 26.44828, 111.839499], [111.591797, 26.448205, 113.141317], [111.591798, 26.448183, 106.010636], [111.591796, 26.448154, 105.71404], [111.591764, 26.448093, 105.464214], [111.591747, 26.44807, 105.933811], [111.591743, 26.448069, 105.862976], [111.591672, 26.448053, 106.974541], [111.590987, 26.447906, 107.235611], [111.590923, 26.447892, 107.545329], [111.590919, 26.447892, 107.600958], [111.591095, 26.447901, 106.948961], [111.591137, 26.447905, 106.783637], [111.591393, 26.447949, 106.740659], [111.59155, 26.447976, 106.027537], [111.591557, 26.447978, 105.975015], [111.591557, 26.447978, 105.781041], [111.591433, 26.447945, 103.257466], [111.5914, 26.447937, 104.386352], [111.591399, 26.447939, 104.604681], [111.591452, 26.447843, 103.745565], [111.591602, 26.447577, 103.600221], [111.591615, 26.447554, 103.251333], [111.591616, 26.447552, 102.967858], [111.591672, 26.447429, 102.780163], [111.591704, 26.447394, 102.886704], [111.591842, 26.447235, 102.846434], [111.59195, 26.447224, 102.378545], [111.591956, 26.447223, 102.182978], [111.591957, 26.447223, 101.985553], [111.592063, 26.4472, 99.74786], [111.592083, 26.447197, 99.843354], [111.592101, 26.447194, 99.943238], [111.592163, 26.447185, 100.525579], [111.592193, 26.447181, 100.860809], [111.5922, 26.447186, 100.897924], [111.592305, 26.447264, 101.607551], [111.592367, 26.447599, 101.679248], [111.592387, 26.447624, 101.624699], [111.592391, 26.447617, 101.848899], [111.592477, 26.447487, 101.182634], [111.592511, 26.447435, 100.975206], [111.592555, 26.447368, 100.654469], [111.592607, 26.447291, 100.500204], [111.592665, 26.447206, 100.127162], [111.592723, 26.447114, 99.878705], [111.592764, 26.447025, 99.622], [111.592794, 26.446957, 99.317816], [111.59276, 26.446971, 108.490682], [111.592553, 26.447058, 107.502889], [111.592531, 26.447072, 107.11147], [111.592512, 26.447072, 106.889546], [111.592748, 26.44705, 99.643954], [111.592774, 26.447038, 99.745017], [111.592773, 26.447037, 99.529226], [111.592683, 26.446899, 105.97054], [111.592665, 26.446885, 106.168843], [111.592642, 26.446871, 106.084187], [111.592539, 26.446821, 105.524861], [111.59254, 26.446816, 105.14272], [111.59245, 26.447139, 105.143209], [111.592452, 26.44714, 104.893209], [111.592689, 26.447224, 100.313981], [111.592689, 26.447224, 100.717654], [111.592689, 26.447224, 100.849127], [111.592578, 26.447354, 100.520746], [111.592568, 26.447358, 100.649165], [111.592548, 26.447361, 100.773976], [111.592477, 26.447372, 100.662975], [111.592464, 26.447375, 100.609917], [111.592451, 26.447384, 100.88404], [111.592377, 26.447444, 101.834447], [111.592363, 26.447461, 101.84938], [111.592358, 26.447482, 101.657765], [111.592342, 26.44758, 101.624117], [111.59234, 26.447605, 101.147436], [111.592343, 26.447633, 101.524906], [111.592354, 26.447726, 101.907721], [111.592354, 26.447746, 102.218191], [111.592351, 26.447777, 102.267643], [111.592337, 26.44791, 102.331093], [111.592334, 26.447934, 102.496173], [111.592334, 26.44796, 103.481504], [111.592348, 26.448097, 103.078479], [111.592366, 26.448117, 102.862279], [111.592496, 26.448258, 102.585273], [111.592712, 26.448238, 103.280103], [111.592712, 26.448238, 103.30109], [111.592712, 26.448238, 103.441141], [111.593137, 26.44817, 103.178244], [111.593137, 26.44817, 103.178243], [111.593137, 26.44817, 101.875326], [111.593238, 26.448057, 102.020795], [111.593245, 26.448034, 102.074185], [111.593259, 26.447972, 102.579444], [111.593265, 26.447945, 102.31013], [111.59327, 26.44792, 102.158601], [111.593279, 26.447881, 102.200733], [111.593289, 26.44785, 102.248394], [111.593303, 26.447832, 102.221231], [111.593337, 26.447777, 101.533025], [111.593342, 26.447762, 101.9707], [111.59337, 26.447737, 108.461935], [111.593457, 26.447622, 100.67169], [111.593565, 26.447477, 100.600683], [111.593573, 26.447466, 100.621952], [111.593573, 26.447466, 100.491062], [111.593465, 26.447362, 99.454282], [111.593441, 26.447334, 99.49135], [111.593419, 26.447301, 99.846171], [111.593399, 26.447267, 99.825094], [111.593383, 26.447232, 100.025437], [111.593362, 26.447173, 100.177957], [111.593348, 26.447129, 100.272161], [111.593344, 26.447112, 100.213937], [111.59333, 26.447085, 100.288882], [111.593397, 26.447213, 99.243209], [111.593397, 26.447213, 99.456803], [111.593397, 26.447213, 99.244871], [111.593353, 26.447318, 99.059614], [111.593285, 26.447479, 98.509691], [111.593277, 26.447498, 99.075012], [111.593276, 26.4475, 99.781237], [111.593244, 26.447564, 99.995212], [111.59323, 26.447586, 100.05439], [111.593212, 26.447612, 100.496173], [111.593191, 26.447638, 100.244829], [111.593169, 26.447663, 100.319784], [111.593146, 26.447686, 100.297991], [111.593102, 26.44772, 100.996944], [111.593073, 26.447719, 100.587438], [111.593063, 26.447707, 100.712807], [111.593018, 26.447637, 100.662862], [111.593014, 26.447624, 100.605303], [111.593015, 26.447611, 100.605303], [111.593032, 26.447532, 100.305199], [111.59304, 26.447521, 100.367051], [111.593048, 26.447522, 100.243176], [111.593224, 26.447539, 100.339978], [111.593224, 26.447539, 100.332899], [111.593224, 26.447539, 100.007372], [111.593256, 26.44769, 100.663646], [111.593258, 26.44772, 100.377413], [111.593256, 26.447755, 100.722255], [111.593253, 26.447791, 100.851899], [111.59325, 26.447827, 100.853269], [111.593245, 26.447863, 101.033185], [111.593241, 26.447898, 101.18693], [111.593237, 26.447932, 101.197472], [111.593232, 26.447964, 101.407504], [111.593229, 26.447997, 101.165384], [111.593227, 26.448028, 101.034645], [111.593229, 26.448078, 101.468071], [111.593239, 26.448106, 101.730125], [111.593229, 26.448118, 102.062621], [111.593321, 26.447992, 102.15195], [111.59333, 26.447967, 102.130092], [111.593335, 26.447936, 101.47636], [111.593342, 26.447868, 101.734242], [111.593345, 26.447833, 101.719923], [111.593348, 26.447797, 101.60201], [111.593355, 26.447728, 101.125002], [111.59336, 26.447695, 101.146414], [111.593366, 26.447663, 101.092275], [111.593378, 26.447596, 101.323394], [111.593384, 26.447564, 101.110677], [111.593389, 26.44753, 100.810743], [111.593398, 26.447464, 100.593049], [111.593402, 26.447432, 100.22925], [111.593407, 26.447403, 99.853712], [111.593414, 26.44735, 99.918325], [111.593421, 26.447305, 99.722077], [111.593433, 26.447291, 99.399584], [111.593485, 26.447276, 99.40006], [111.593558, 26.447264, 99.203757], [111.593589, 26.447263, 99.302033], [111.593628, 26.447266, 99.437422], [111.593712, 26.447275, 99.272926], [111.593753, 26.447283, 98.909723], [111.593794, 26.447292, 98.637816], [111.593835, 26.447302, 98.568193], [111.593878, 26.447311, 99.128742], [111.593916, 26.44732, 98.83463], [111.593951, 26.447329, 98.57849], [111.593979, 26.447339, 98.463666], [111.594019, 26.447339, 98.465292], [111.593819, 26.447342, 98.376118], [111.593778, 26.447343, 99.025662], [111.593734, 26.44734, 98.922434], [111.593414, 26.447312, 98.540101], [111.593414, 26.447312, 99.022516], [111.593414, 26.447312, 99.466025], [111.593444, 26.447445, 99.95147], [111.593456, 26.447459, 99.913684], [111.593477, 26.447468, 99.725965], [111.593556, 26.447494, 100.108667], [111.59358, 26.447499, 99.776787], [111.593604, 26.447505, 99.851341], [111.593693, 26.447528, 99.770798], [111.593703, 26.447524, 99.572259], [111.593517, 26.447596, 99.912127], [111.593491, 26.447601, 100.088863], [111.593461, 26.447609, 99.487641], [111.593372, 26.447633, 99.959379], [111.593343, 26.447641, 100.236673], [111.593321, 26.447657, 99.946339], [111.593262, 26.447712, 100.219846], [111.593255, 26.447729, 100.291466], [111.593256, 26.447769, 100.550712], [111.593271, 26.447847, 101.717577], [111.593285, 26.44787, 101.549182], [111.59331, 26.447884, 101.54822], [111.593413, 26.447929, 102.181139], [111.593451, 26.447939, 102.090786], [111.593497, 26.447945, 102.457496], [111.59359, 26.447952, 102.818685], [111.593634, 26.447952, 102.125625], [111.593677, 26.44795, 101.840972], [111.59376, 26.447948, 101.513749], [111.593799, 26.447949, 101.276309], [111.593489, 26.447959, 100.900792], [111.593321, 26.447967, 100.760405], [111.593301, 26.447968, 100.70467], [111.593299, 26.447969, 100.606328], [111.593164, 26.448045, 100.839131], [111.593128, 26.448061, 101.400399], [111.593084, 26.448076, 101.32959], [111.592996, 26.448108, 101.424013], [111.592748, 26.448198, 102.660402], [111.592748, 26.448198, 102.349961], [111.592748, 26.448198, 102.287777], [111.592574, 26.448254, 103.256517], [111.592547, 26.448271, 103.693645], [111.592525, 26.448298, 103.59366], [111.592491, 26.448352, 103.974896], [111.592496, 26.448368, 104.460129], [111.592541, 26.448409, 104.423741], [111.592614, 26.448454, 104.944128], [111.592642, 26.448459, 104.79666], [111.592681, 26.448454, 104.284561], [111.593257, 26.448377, 103.659877], [111.593257, 26.448377, 104.085286], [111.593257, 26.448377, 104.068761], [111.593448, 26.448392, 103.669744], [111.593667, 26.448411, 103.371404], [111.593692, 26.448421, 103.730364], [111.593743, 26.448457, 103.271985], [111.593844, 26.448528, 103.900289], [111.593933, 26.448389, 102.852142], [111.593948, 26.448381, 103.572809], [111.593971, 26.448366, 102.601303], [111.593702, 26.448543, 104.514119], [111.593702, 26.448543, 104.537984], [111.593702, 26.448543, 104.50948], [111.59359, 26.448645, 104.094574], [111.593577, 26.448653, 104.398462], [111.593564, 26.448664, 104.652952], [111.593478, 26.448755, 104.915844], [111.593468, 26.448773, 105.116079], [111.593469, 26.448785, 105.744867], [111.593477, 26.448902, 106.197321], [111.59348, 26.448928, 106.081831], [111.593482, 26.448959, 106.212373], [111.593485, 26.449053, 106.665357], [111.593485, 26.449086, 106.358778], [111.593483, 26.44912, 106.656514], [111.593478, 26.449191, 107.027987], [111.593473, 26.449226, 107.385887], [111.593463, 26.449262, 107.147136], [111.593426, 26.44935, 107.303336], [111.593429, 26.4494, 107.549093], [111.593426, 26.449425, 108.265702], [111.593464, 26.449168, 106.868474], [111.593468, 26.449144, 106.635891], [111.593479, 26.449121, 106.661088], [111.593544, 26.449016, 106.689095], [111.593561, 26.449002, 106.689983], [111.593588, 26.448991, 106.640079], [111.59373, 26.448942, 106.23941], [111.593765, 26.448938, 106.185292], [111.59381, 26.448939, 105.855369], [111.593893, 26.448943, 106.119582], [111.59393, 26.448946, 106.216677], [111.593963, 26.448944, 106.574642], [111.594019, 26.448925, 106.445603], [111.594069, 26.448904, 106.45231], [111.594075, 26.448907, 106.519528], [111.593926, 26.448856, 105.532864], [111.593593, 26.448745, 105.478425], [111.59356, 26.448757, 105.238982], [111.593416, 26.448808, 105.055251], [111.593416, 26.448808, 104.932186], [111.593387, 26.448798, 112.185384], [111.59305, 26.448679, 104.621497], [111.59305, 26.448679, 104.41417], [111.59305, 26.448679, 104.406954], [111.592876, 26.448859, 105.781098], [111.592857, 26.448874, 106.207704], [111.592836, 26.448891, 105.888023], [111.592781, 26.448967, 105.581979], [111.592679, 26.449109, 106.36926], [111.59267, 26.449123, 106.741477], [111.59267, 26.449124, 106.730553], [111.592682, 26.4493, 108.359485], [111.592582, 26.449487, 108.500805], [111.59257, 26.44951, 108.25152], [111.592571, 26.449512, 108.122797], [111.59248, 26.449311, 106.446093], [111.592466, 26.44929, 106.893195], [111.592442, 26.449273, 107.290085], [111.592298, 26.449167, 106.962532], [111.59228, 26.449149, 106.842887], [111.592268, 26.449153, 113.910542], [111.59201, 26.449255, 111.51351], [111.591833, 26.449325, 111.201925], [111.591809, 26.449334, 108.250184], [111.591808, 26.449336, 108.443957], [111.591675, 26.449519, 109.37469], [111.591691, 26.449647, 109.362409], [111.591709, 26.449766, 109.904431], [111.591704, 26.449771, 109.701667], [111.591551, 26.449932, 110.814787], [111.591547, 26.449937, 110.350613], [111.591546, 26.449937, 110.727865], [111.591449, 26.449993, 111.356183], [111.591423, 26.450006, 111.227801], [111.591392, 26.450022, 111.010113], [111.591352, 26.450045, 110.616799], [111.591312, 26.450071, 112.219546], [111.591273, 26.450097, 111.21529], [111.591242, 26.450118, 110.897136], [111.591212, 26.450137, 110.909401], [111.591015, 26.45026, 111.144895], [111.591008, 26.450264, 111.162895], [111.591007, 26.450264, 111.500445], [111.590886, 26.450341, 112.447287], [111.590859, 26.450363, 111.796689], [111.590831, 26.450391, 112.330338], [111.590802, 26.45042, 111.853159], [111.59078, 26.450447, 112.018874], [111.590763, 26.450472, 111.683759], [111.590734, 26.450518, 111.798727], [111.590725, 26.450539, 111.929199], [111.590728, 26.450558, 111.8675], [111.590746, 26.450618, 111.997224], [111.590758, 26.450642, 112.365288], [111.590777, 26.450667, 112.064236], [111.590826, 26.450721, 111.831881], [111.590857, 26.450749, 112.251722], [111.590894, 26.450772, 112.411985], [111.590933, 26.450792, 113.140361], [111.590974, 26.45081, 111.55687], [111.591019, 26.450827, 112.277607], [111.591061, 26.450842, 112.711136], [111.591131, 26.450869, 112.613962], [111.591164, 26.450883, 112.593949], [111.591185, 26.450905, 112.180218], [111.591266, 26.450994, 111.868116], [111.591276, 26.451029, 112.161936], [111.59131, 26.451151, 112.60193], [111.591314, 26.451167, 112.309898], [111.591316, 26.451169, 112.672503], [111.591387, 26.451258, 112.688538], [111.591418, 26.451279, 112.82926], [111.591664, 26.451416, 112.866231], [111.592214, 26.451722, 113.637274], [111.592214, 26.451722, 113.228961], [111.592214, 26.451722, 112.788934], [111.592203, 26.451554, 112.729561], [111.592208, 26.451516, 112.653159], [111.592231, 26.451368, 112.354196], [111.592233, 26.451348, 112.340217], [111.592233, 26.45134, 113.849569], [111.592237, 26.451158, 111.908732], [111.592239, 26.451123, 111.495531], [111.592231, 26.451088, 112.101321], [111.592194, 26.450986, 111.779466], [111.592169, 26.45093, 111.120373], [111.592155, 26.450906, 111.744513], [111.592126, 26.450855, 111.856023], [111.592085, 26.450771, 112.281946], [111.592082, 26.450753, 111.535861], [111.592084, 26.450725, 112.029844], [111.592091, 26.450629, 112.192908], [111.592092, 26.450596, 112.539485], [111.592088, 26.450564, 112.421495], [111.59207, 26.450501, 112.173935], [111.592055, 26.450468, 111.840086], [111.592011, 26.450407, 111.350956], [111.591995, 26.450398, 111.493524], [111.591982, 26.450365, 111.295306], [111.592059, 26.450527, 112.16471], [111.592076, 26.450552, 112.323604], [111.592097, 26.450576, 112.208354], [111.592136, 26.450618, 112.188943], [111.592151, 26.450636, 112.224934], [111.592176, 26.450706, 111.533176], [111.592195, 26.450779, 111.765094], [111.59224, 26.450868, 112.567267], [111.592272, 26.450929, 112.576481], [111.592307, 26.450995, 111.538644], [111.592515, 26.450931, 112.098416], [111.592782, 26.451032, 112.477134], [111.592806, 26.451029, 112.472822], [111.592821, 26.45104, 113.113546], [111.59293, 26.451098, 112.814823], [111.592955, 26.451102, 113.216637], [111.592989, 26.451104, 112.899379], [111.59321, 26.451117, 112.986435], [111.593353, 26.450966, 118.58547], [111.593357, 26.450967, 117.991171], [111.59392, 26.451201, 112.922411], [111.59392, 26.451201, 113.342685], [111.59392, 26.451201, 113.299429], [111.594247, 26.451278, 113.569764], [111.594261, 26.451281, 113.11432], [111.594261, 26.451281, 111.474298], [111.594238, 26.451152, 112.818868], [111.594231, 26.451114, 112.965117], [111.594198, 26.450931, 112.788198], [111.594189, 26.450881, 113.22988], [111.594189, 26.450878, 112.928411], [111.5942, 26.450834, 113.121202], [111.594221, 26.450776, 112.881479], [111.594244, 26.450744, 112.33501], [111.594409, 26.450515, 112.379471], [111.594416, 26.450505, 112.611614], [111.594417, 26.450505, 112.522453], [111.594109, 26.450536, 113.64382], [111.594034, 26.45059, 113.967123], [111.594032, 26.450589, 114.330893], [111.59386, 26.450481, 111.830799], [111.593824, 26.450472, 111.836951], [111.593571, 26.4504, 111.790319], [111.593584, 26.450403, 111.426797], [111.593584, 26.450403, 111.6382], [111.593656, 26.450537, 111.818814], [111.593665, 26.45057, 111.861685], [111.593667, 26.450608, 112.172487], [111.593669, 26.450676, 112.359762], [111.593668, 26.450705, 112.443378], [111.593673, 26.450785, 112.838941], [111.593688, 26.450998, 112.374977], [111.593688, 26.450998, 112.334613], [111.593688, 26.450999, 131.143759], [111.593651, 26.451151, 112.886267], [111.593641, 26.451183, 112.917968], [111.59363, 26.451215, 112.791693], [111.593609, 26.45127, 112.962708], [111.593599, 26.451292, 113.243794], [111.59361, 26.451316, 113.472982], [111.593501, 26.451076, 114.381064], [111.593792, 26.450609, 114.563865], [111.593821, 26.450562, 114.618369], [111.593905, 26.450715, 112.669806], [111.594079, 26.450666, 111.729602], [111.594106, 26.450667, 112.32409], [111.594142, 26.450668, 112.861042], [111.594316, 26.450665, 111.773244], [111.594345, 26.450657, 112.076403], [111.594374, 26.45064, 111.766008], [111.594436, 26.450596, 112.55314], [111.594466, 26.45057, 111.608781], [111.594494, 26.45054, 112.530277], [111.594521, 26.450509, 111.954068], [111.594546, 26.450477, 111.983622], [111.594572, 26.450447, 111.9335], [111.594592, 26.450414, 112.089937], [111.594618, 26.450356, 111.390076], [111.594625, 26.450328, 111.190481], [111.594627, 26.450299, 112.623989], [111.594629, 26.450212, 111.228616], [111.594628, 26.450157, 111.963938], [111.594626, 26.450103, 111.637668], [111.59463, 26.450014, 116.168294], [111.594628, 26.449999, 115.706136], [111.594609, 26.4499, 115.162252], [111.594601, 26.449884, 115.158895], [111.594586, 26.449864, 115.257833], [111.594527, 26.449799, 115.547689], [111.594501, 26.449777, 115.269796], [111.594469, 26.449758, 115.00472], [111.594402, 26.449743, 115.020711], [111.59414, 26.449683, 110.441728], [111.59414, 26.449683, 110.281919], [111.59414, 26.449683, 110.298288], [111.594164, 26.449454, 108.833442], [111.594171, 26.449449, 109.025621], [111.594169, 26.449447, 109.184058], [111.59432, 26.449646, 109.311822], [111.594347, 26.449677, 109.306238], [111.594355, 26.449708, 109.109009], [111.594455, 26.450086, 109.61636], [111.594455, 26.450086, 110.006574], [111.594455, 26.450086, 110.016341], [111.594598, 26.450095, 111.550317], [111.594635, 26.450095, 111.279458], [111.594676, 26.450093, 111.553385], [111.594719, 26.450089, 111.452186], [111.594759, 26.450084, 111.465394], [111.594797, 26.450077, 111.512668], [111.594827, 26.45007, 111.337542], [111.594873, 26.450053, 111.037178], [111.594894, 26.450042, 110.951779], [111.594912, 26.450025, 110.806166], [111.594955, 26.449974, 110.152216], [111.594962, 26.449955, 110.384877], [111.594966, 26.449917, 110.403153], [111.594965, 26.449849, 110.424719], [111.594961, 26.449819, 109.922281], [111.594952, 26.449788, 110.586313], [111.594933, 26.44972, 109.588454], [111.594921, 26.449684, 109.457816], [111.594911, 26.449644, 109.137396], [111.594897, 26.449569, 108.682766], [111.594893, 26.44953, 109.100603], [111.594895, 26.449493, 108.826981], [111.594901, 26.449421, 108.668135], [111.594905, 26.44939, 108.122346], [111.594921, 26.449339, 108.493537], [111.594945, 26.449272, 108.082997], [111.59493, 26.449248, 107.854738], [111.59484, 26.44915, 107.190355], [111.594812, 26.449135, 107.275375], [111.594775, 26.449119, 107.093741], [111.594656, 26.449064, 106.868546], [111.594635, 26.44906, 106.882086], [111.594626, 26.449067, 106.741918], [111.594476, 26.449195, 107.047227], [111.594461, 26.449209, 107.034301], [111.594437, 26.44922, 107.59662], [111.594325, 26.449263, 107.087235], [111.594307, 26.449264, 107.143669], [111.594281, 26.449267, 107.450779], [111.594056, 26.449291, 106.98797], [111.59403, 26.449295, 107.455637], [111.594011, 26.449293, 107.873632], [111.594291, 26.449317, 107.549111], [111.594325, 26.449317, 107.823375], [111.594361, 26.449313, 107.55453], [111.594427, 26.449303, 108.185842], [111.594457, 26.449296, 107.548026], [111.594478, 26.449282, 107.598948], [111.594586, 26.449194, 107.510367], [111.594586, 26.449184, 106.909576], [111.594567, 26.449177, 106.843282], [111.594349, 26.449104, 107.07689], [111.594342, 26.449105, 106.617933], [111.594338, 26.449103, 106.664671], [111.594706, 26.449272, 107.748899], [111.594706, 26.449272, 107.896476], [111.594706, 26.449272, 106.480905], [111.594786, 26.449134, 106.215723], [111.594903, 26.448934, 105.590753], [111.594917, 26.44891, 108.230306], [111.594919, 26.44891, 108.09908], [111.594661, 26.448881, 106.326192], [111.594424, 26.448853, 106.290731], [111.594393, 26.448848, 106.129292], [111.593747, 26.448743, 105.05537], [111.593747, 26.448743, 104.708153], [111.593747, 26.448743, 104.664403], [111.593462, 26.448729, 104.459991], [111.593452, 26.448719, 104.606179], [111.593457, 26.448711, 104.353771], [111.593562, 26.44853, 103.646725], [111.593576, 26.448504, 103.761763], [111.593592, 26.448481, 104.394584], [111.593625, 26.448448, 104.362947], [111.593645, 26.448434, 104.749913], [111.593669, 26.448428, 104.403561], [111.593725, 26.448419, 104.357114], [111.593764, 26.448416, 103.291768], [111.593808, 26.448412, 103.611116], [111.593853, 26.448406, 104.178046], [111.5939, 26.448401, 104.154813], [111.593941, 26.448413, 104.006964], [111.594115, 26.448467, 104.171035], [111.594127, 26.448471, 104.01658], [111.594128, 26.448471, 104.129375], [111.594281, 26.448512, 103.511627], [111.594506, 26.448573, 103.097827], [111.59453, 26.448589, 103.592268], [111.594604, 26.448625, 103.992261], [111.594656, 26.448642, 104.060964], [111.59472, 26.448659, 104.247372], [111.594763, 26.448667, 103.820077], [111.594856, 26.448683, 104.538809], [111.594902, 26.44869, 104.179181], [111.594944, 26.448692, 104.155159], [111.595017, 26.448687, 103.912189], [111.595072, 26.448679, 103.681762], [111.59509, 26.448674, 103.797395], [111.595164, 26.448664, 103.031153], [111.595211, 26.448666, 103.548665], [111.595214, 26.448662, 102.63212], [111.595257, 26.448607, 103.648575], [111.595268, 26.448592, 103.738438], [111.595285, 26.448578, 103.714604], [111.595339, 26.448541, 104.494149], [111.595359, 26.448531, 103.766596], [111.595375, 26.448531, 102.898777], [111.595454, 26.44854, 103.308766], [111.595467, 26.448545, 103.329311], [111.595482, 26.448552, 103.342294], [111.595562, 26.448592, 103.215375], [111.595581, 26.448601, 103.137622], [111.595599, 26.448614, 103.305443], [111.595652, 26.448659, 103.65833], [111.595667, 26.448675, 103.539984], [111.595674, 26.448694, 103.54073], [111.59569, 26.448769, 104.297079], [111.59569, 26.448802, 105.138986], [111.595684, 26.448837, 104.44156], [111.595673, 26.44887, 105.030772], [111.595658, 26.448897, 105.234597], [111.595636, 26.448907, 104.421648], [111.595577, 26.448915, 105.217185], [111.595543, 26.448911, 104.806538], [111.595502, 26.448902, 104.752218], [111.595462, 26.44889, 104.777944], [111.595423, 26.448878, 104.822581], [111.595383, 26.448865, 104.699569], [111.595344, 26.44885, 104.802808], [111.595304, 26.448835, 104.592218], [111.595228, 26.448804, 104.533514], [111.595157, 26.448775, 104.422177], [111.595098, 26.44875, 105.096955], [111.595063, 26.448816, 106.986104], [111.594945, 26.448797, 104.7042], [111.594885, 26.448866, 105.397666], [111.594859, 26.448901, 105.013382], [111.594852, 26.448939, 104.720164], [111.59476, 26.44942, 107.497354], [111.59476, 26.44942, 108.130678], [111.59476, 26.44942, 107.199635], [111.594908, 26.449385, 107.68779], [111.59491, 26.449387, 107.830711], [111.594909, 26.449393, 107.718369], [111.594878, 26.449535, 108.457761], [111.594871, 26.449557, 108.641306], [111.594866, 26.449583, 108.86941], [111.594859, 26.449664, 108.929172], [111.594862, 26.449688, 109.030296], [111.594864, 26.449713, 109.177543], [111.594871, 26.44982, 109.537339], [111.594873, 26.44985, 109.812066], [111.594865, 26.449871, 110.085157], [111.59482, 26.449966, 110.76162], [111.594804, 26.449992, 110.447932], [111.594784, 26.450019, 110.872275], [111.594729, 26.450093, 111.023368], [111.594713, 26.450118, 111.223666], [111.594698, 26.450141, 111.111876], [111.594632, 26.450236, 110.924717], [111.594616, 26.450256, 112.198266], [111.594601, 26.450278, 111.818913], [111.594529, 26.450388, 111.876514], [111.594518, 26.450402, 111.687202], [111.594505, 26.450422, 112.156556], [111.594427, 26.450552, 112.432746], [111.594416, 26.45058, 112.202054], [111.594402, 26.450613, 112.075084], [111.594344, 26.450747, 112.831972], [111.59433, 26.450776, 112.21029], [111.594314, 26.450806, 112.433467], [111.594259, 26.450902, 112.556952], [111.59424, 26.450936, 112.909913], [111.594221, 26.450968, 113.449482], [111.59417, 26.45105, 113.215458], [111.594152, 26.45108, 112.953062], [111.594135, 26.451113, 113.255559], [111.594117, 26.451152, 113.109931], [111.594076, 26.451246, 114.157339], [111.594071, 26.451259, 112.872264], [111.59407, 26.45126, 113.110493], [111.594014, 26.451336, 112.598579], [111.593995, 26.451359, 113.738284], [111.593968, 26.451389, 113.342295], [111.593939, 26.451421, 113.430533], [111.593914, 26.451452, 112.946304], [111.593891, 26.451483, 113.321333], [111.593868, 26.451513, 113.625265], [111.593851, 26.451536, 114.128661], [111.593844, 26.451561, 113.299342], [111.593854, 26.451601, 113.316064], [111.59388, 26.45165, 114.033436], [111.593899, 26.451665, 113.532379], [111.593951, 26.451703, 113.832884], [111.594004, 26.451736, 113.509129], [111.594024, 26.451756, 113.873032], [111.594065, 26.451803, 114.761297], [111.594089, 26.451831, 114.826831], [111.59412, 26.45186, 114.630536], [111.594178, 26.4519, 115.182276], [111.594205, 26.451905, 114.24182], [111.594275, 26.45191, 114.139583], [111.59431, 26.451893, 114.113462], [111.594524, 26.451791, 114.101479], [111.594539, 26.451784, 114.158288], [111.594541, 26.451783, 114.125543], [111.594692, 26.451731, 112.552322], [111.594705, 26.451714, 112.074624], [111.594751, 26.451653, 116.773642], [111.594843, 26.451551, 112.529341], [111.594865, 26.451541, 112.912009], [111.594942, 26.451506, 112.803286], [111.594737, 26.451742, 115.721398], [111.594722, 26.451765, 112.57708], [111.594724, 26.451766, 111.651495], [111.594817, 26.451836, 114.486791], [111.594844, 26.451848, 114.041884], [111.594882, 26.451852, 114.400613], [111.595153, 26.451877, 114.385687], [111.595165, 26.451878, 114.628175], [111.595166, 26.451878, 114.629778], [111.59536, 26.451899, 115.464895], [111.595579, 26.451922, 115.535966], [111.595608, 26.451928, 115.829569], [111.595847, 26.451975, 115.23361], [111.595847, 26.451975, 116.566733], [111.595847, 26.451975, 116.338301], [111.595994, 26.451964, 115.714437], [111.596223, 26.451945, 116.591959], [111.596251, 26.451935, 116.724551], [111.596313, 26.451911, 116.368419], [111.596315, 26.451908, 116.688893], [111.596341, 26.45188, 116.569721], [111.596384, 26.451833, 116.468559], [111.59654, 26.451666, 116.067809], [111.596549, 26.45164, 116.017676], [111.596683, 26.451244, 115.999279], [111.596683, 26.451244, 115.364185], [111.596683, 26.451244, 115.619788], [111.596729, 26.45112, 114.96428], [111.596818, 26.450878, 114.505634], [111.596834, 26.450848, 114.337299], [111.596922, 26.450682, 114.290432], [111.596927, 26.450671, 113.637386], [111.596927, 26.45067, 113.973066], [111.596903, 26.450566, 112.951146], [111.596894, 26.450529, 112.459327], [111.59685, 26.45034, 112.686856], [111.596844, 26.450315, 112.865685], [111.596845, 26.450313, 113.162167], [111.596917, 26.450231, 111.660769], [111.597081, 26.450044, 111.570679], [111.597085, 26.450017, 111.717647], [111.597101, 26.449912, 111.155973], [111.597101, 26.449912, 110.447752], [111.5971, 26.449908, 110.540524], [111.597145, 26.45001, 109.995346], [111.597145, 26.45001, 109.909347], [111.597145, 26.45001, 110.005019], [111.597111, 26.450103, 111.504044], [111.597105, 26.45014, 111.195661], [111.597111, 26.450323, 111.739157], [111.597121, 26.450625, 112.21319], [111.597121, 26.450625, 112.69548], [111.59712, 26.450625, 112.834802], [111.597021, 26.450738, 113.7393], [111.596996, 26.450764, 113.91373], [111.596967, 26.45079, 114.023799], [111.596938, 26.450815, 113.454142], [111.596912, 26.450837, 113.176138], [111.596867, 26.450875, 113.538224], [111.596847, 26.450892, 113.799893], [111.596821, 26.450894, 114.528429], [111.596735, 26.450901, 113.881105], [111.596729, 26.450906, 114.07357], [111.596719, 26.450935, 114.131685], [111.596703, 26.451002, 114.16237], [111.596699, 26.451039, 114.645669], [111.596695, 26.451077, 114.453591], [111.59669, 26.451115, 114.930257], [111.596684, 26.451154, 115.021141], [111.59668, 26.45119, 115.081371], [111.596678, 26.451229, 115.202721], [111.596679, 26.451267, 115.225798], [111.596679, 26.451305, 116.322512], [111.59668, 26.451343, 116.016267], [111.596682, 26.45138, 116.613144], [111.596682, 26.451419, 116.861661], [111.596679, 26.451456, 115.871708], [111.596675, 26.451491, 116.140481], [111.596666, 26.451525, 116.091817], [111.596654, 26.451542, 115.957176], [111.596625, 26.451569, 116.349702], [111.596589, 26.451595, 116.039781], [111.596566, 26.451608, 116.269849], [111.59654, 26.451619, 116.506067], [111.59649, 26.451641, 115.899344], [111.596466, 26.451652, 115.821867], [111.596444, 26.451662, 115.538859], [111.5964, 26.451685, 115.822692], [111.596373, 26.451701, 115.645195], [111.596341, 26.451717, 115.332992], [111.596313, 26.451728, 115.297615], [111.596274, 26.451743, 116.020081], [111.595978, 26.451859, 116.14378], [111.595978, 26.451859, 115.790969], [111.595978, 26.451859, 114.874447], [111.595857, 26.45193, 115.730791], [111.595835, 26.45194, 116.074718], [111.595835, 26.451949, 116.231576], [111.595824, 26.451776, 115.985365], [111.595821, 26.451752, 115.666082], [111.59581, 26.451748, 115.742569], [111.595623, 26.451694, 114.130064], [111.595585, 26.451688, 114.227502], [111.595553, 26.451665, 114.170662], [111.595476, 26.451578, 113.997545], [111.595473, 26.451557, 114.220342], [111.595462, 26.451485, 114.148304], [111.595446, 26.451421, 114.137124], [111.595431, 26.451391, 114.296093], [111.595389, 26.451345, 114.293307], [111.595333, 26.451243, 114.298604], [111.595335, 26.451236, 114.268697], [111.595355, 26.45118, 114.228353], [111.595069, 26.451197, 113.635329], [111.595051, 26.451198, 113.598961], [111.595045, 26.451192, 113.726845], [111.59523, 26.451394, 114.611966], [111.595243, 26.451401, 114.63727], [111.595259, 26.451407, 114.879996], [111.595361, 26.451445, 114.419098], [111.595388, 26.45145, 114.618976], [111.595413, 26.451456, 114.259522], [111.595518, 26.451499, 116.146861], [111.595547, 26.451524, 116.044226], [111.595809, 26.451744, 116.109944], [111.595894, 26.451815, 116.634745], [111.595894, 26.451815, 116.67802], [111.59583, 26.451927, 115.250858], [111.595816, 26.451943, 115.145254], [111.595802, 26.451947, 116.055361], [111.595689, 26.45197, 115.734274], [111.595661, 26.451972, 115.748826], [111.59563, 26.451972, 115.339161], [111.595539, 26.451964, 115.742326], [111.595513, 26.451958, 115.710008], [111.59549, 26.451948, 115.454433], [111.595397, 26.451906, 115.694818], [111.595376, 26.451897, 115.228342], [111.595348, 26.451888, 115.515494], [111.595241, 26.451851, 115.088765], [111.595223, 26.451846, 114.951865], [111.595198, 26.451843, 114.830291], [111.595097, 26.45183, 115.295961], [111.595078, 26.451825, 114.414498], [111.59506, 26.451816, 114.610978], [111.594968, 26.451773, 114.142975], [111.594946, 26.451766, 114.546287], [111.594917, 26.451765, 114.448562], [111.59483, 26.451765, 113.896138], [111.59479, 26.451766, 114.071698], [111.594749, 26.451766, 113.941305], [111.594675, 26.451766, 114.083634], [111.59464, 26.451769, 114.110534], [111.59461, 26.451776, 113.804098], [111.594551, 26.451795, 113.898088], [111.594527, 26.451809, 113.705734], [111.594485, 26.451828, 113.811038], [111.594737, 26.451708, 112.207053], [111.594737, 26.451708, 112.560916], [111.594737, 26.451707, 112.354029], [111.594819, 26.451586, 116.146016], [111.594841, 26.451546, 114.378773], [111.594859, 26.45153, 114.74541], [111.594688, 26.451676, 114.641067], [111.594593, 26.452245, 114.505062], [111.594585, 26.452296, 115.046423], [111.594525, 26.452196, 115.454234], [111.594513, 26.452175, 114.417406], [111.594503, 26.452158, 114.281121], [111.594466, 26.452091, 114.060918], [111.594258, 26.451715, 113.665801], [111.594258, 26.451715, 114.329379], [111.594258, 26.451715, 113.601035], [111.59416, 26.451632, 113.821599], [111.594143, 26.45162, 113.067667], [111.594121, 26.451607, 113.420696], [111.594047, 26.451571, 113.924577], [111.594022, 26.451564, 114.020196], [111.594022, 26.451556, 113.364037], [111.594041, 26.451449, 112.857877], [111.59405, 26.451415, 113.041447], [111.594057, 26.451394, 113.008672], [111.594088, 26.451322, 112.852985], [111.59411, 26.451242, 112.966108], [111.594108, 26.451228, 112.583723], [111.594083, 26.451157, 113.317053], [111.594022, 26.451073, 112.900669], [111.593928, 26.450947, 113.091142], [111.593932, 26.450936, 113.183554], [111.593965, 26.450902, 112.723398], [111.594088, 26.450776, 112.199922], [111.594436, 26.450656, 112.686214], [111.594458, 26.450632, 112.822036], [111.594519, 26.450564, 112.675123], [111.59452, 26.450558, 112.626208], [111.594517, 26.450529, 112.199156], [111.594506, 26.450446, 111.762536], [111.594503, 26.45041, 111.691705], [111.594501, 26.450372, 112.290486], [111.594504, 26.450334, 111.539832], [111.594514, 26.450296, 112.10485], [111.594531, 26.45026, 111.959043], [111.594554, 26.450227, 112.136433], [111.594581, 26.450197, 111.731043], [111.594613, 26.450176, 111.63898], [111.594651, 26.450163, 111.806894], [111.594693, 26.450155, 111.939269], [111.594735, 26.450152, 111.86441], [111.594808, 26.450151, 111.171256], [111.594839, 26.450153, 111.054625], [111.594868, 26.450157, 110.931655], [111.594953, 26.450169, 111.207046], [111.594982, 26.450178, 110.754077], [111.595009, 26.45019, 110.9426], [111.595127, 26.450252, 110.732463], [111.595196, 26.450296, 110.962832], [111.595218, 26.450298, 121.185445], [111.595338, 26.450275, 111.176024], [111.595438, 26.450239, 111.641887], [111.595455, 26.450224, 111.468412], [111.595495, 26.450182, 111.568537], [111.595536, 26.450141, 111.345546], [111.595555, 26.450133, 111.218008], [111.595597, 26.450142, 111.268806], [111.595678, 26.450171, 111.260532], [111.595702, 26.450185, 111.651249], [111.595725, 26.4502, 111.761299], [111.595774, 26.450227, 111.604099], [111.595789, 26.45023, 111.66853], [111.595817, 26.450224, 111.451332], [111.595877, 26.450207, 111.258203], [111.595896, 26.450198, 111.285121], [111.595917, 26.450188, 111.147924], [111.595964, 26.450164, 111.235778], [111.595987, 26.450152, 111.13942], [111.596011, 26.450139, 110.709119], [111.596063, 26.450112, 110.336263], [111.596093, 26.450095, 110.024469], [111.596123, 26.450075, 111.274074], [111.596152, 26.450054, 110.136038], [111.596181, 26.450032, 110.003358], [111.596213, 26.45001, 110.479908], [111.596248, 26.449989, 110.737919], [111.596285, 26.449968, 110.242637], [111.596325, 26.449947, 109.892406], [111.596366, 26.449931, 109.570999], [111.596484, 26.449887, 110.034046], [111.596491, 26.449885, 109.813168], [111.596492, 26.449884, 110.640123], [111.596593, 26.449835, 109.31825], [111.596626, 26.44982, 109.478248], [111.596663, 26.449804, 109.552743], [111.596734, 26.449773, 109.946776], [111.596764, 26.44975, 109.481886], [111.596814, 26.449707, 108.879528], [111.596864, 26.449667, 108.108021], [111.596956, 26.449604, 108.718754], [111.596978, 26.449596, 115.867146], [111.597003, 26.449585, 116.108846], [111.59672, 26.449727, 108.423091], [111.596701, 26.449743, 108.599902], [111.596676, 26.449763, 108.126253], [111.596586, 26.449828, 108.793644], [111.596549, 26.44985, 109.156282], [111.596509, 26.449867, 109.038708], [111.596357, 26.449933, 109.255494], [111.596347, 26.449938, 109.334691], [111.596346, 26.449939, 109.421478], [111.596251, 26.449993, 110.093439], [111.596222, 26.45001, 110.331572], [111.596186, 26.450031, 110.521116], [111.596146, 26.450055, 110.405441], [111.596107, 26.450077, 110.169769], [111.596074, 26.450097, 110.889018], [111.596012, 26.450134, 111.019826], [111.595982, 26.45015, 110.721568], [111.595953, 26.450167, 111.093265], [111.595883, 26.450203, 110.858073], [111.59585, 26.450213, 111.739134], [111.595827, 26.450226, 112.00668], [111.595781, 26.450259, 111.421212], [111.595758, 26.450284, 112.230666], [111.595745, 26.45031, 112.613097], [111.595741, 26.450352, 111.947882], [111.595762, 26.45037, 112.135881], [111.595821, 26.450397, 112.148911], [111.595847, 26.450401, 112.133933], [111.595881, 26.450402, 112.419287], [111.595958, 26.450409, 112.604934], [111.595999, 26.450412, 112.59884], [111.596039, 26.450415, 112.848685], [111.596121, 26.450421, 112.708744], [111.596161, 26.450425, 113.065861], [111.596205, 26.45043, 112.94312], [111.596248, 26.450435, 112.892658], [111.596283, 26.45045, 112.91922], [111.596608, 26.450591, 113.190305], [111.596608, 26.450591, 112.961441], [111.596608, 26.450591, 112.916008], [111.596523, 26.450508, 112.851538], [111.596511, 26.450501, 112.936355], [111.596509, 26.450501, 113.230373], [111.596409, 26.450527, 112.533947], [111.596383, 26.450526, 112.887012], [111.596348, 26.450517, 112.427416], [111.596262, 26.450493, 112.513116], [111.596218, 26.450487, 112.594055], [111.596181, 26.450481, 112.08957], [111.596098, 26.450463, 112.307862], [111.596067, 26.450451, 112.654777], [111.596041, 26.450434, 112.536457], [111.595995, 26.450398, 112.389433], [111.595972, 26.450378, 111.793275], [111.595948, 26.450361, 111.860044], [111.595914, 26.450344, 112.073441], [111.595885, 26.450326, 112.32707], [111.595862, 26.450305, 112.042642], [111.595822, 26.450265, 112.035865], [111.595806, 26.450246, 111.484232], [111.595791, 26.450201, 111.568737], [111.59577, 26.450135, 111.122831], [111.595874, 26.450102, 111.019476], [111.595626, 26.450165, 111.13506], [111.595599, 26.450166, 111.151708], [111.595569, 26.450165, 110.660756], [111.595466, 26.45016, 111.651606], [111.595432, 26.450158, 111.842947], [111.595401, 26.450157, 111.362596], [111.595299, 26.450183, 111.291779], [111.595293, 26.450197, 111.759233], [111.595309, 26.450233, 111.766926], [111.595432, 26.45051, 112.391135], [111.59544, 26.450526, 112.287591], [111.595441, 26.450526, 112.330305], [111.595581, 26.450598, 112.574873], [111.595601, 26.450608, 113.175015], [111.595618, 26.450622, 113.363234], [111.595401, 26.450419, 114.062459], [111.595191, 26.450221, 114.274068], [111.595176, 26.450207, 114.044942], [111.595176, 26.450206, 112.403308], [111.595079, 26.450126, 112.699639], [111.595064, 26.450126, 112.665718], [111.59495, 26.450127, 112.480287], [111.594907, 26.450135, 111.975601], [111.594731, 26.45017, 112.31157], [111.594711, 26.450174, 112.048104], [111.59471, 26.450175, 112.091555], [111.594806, 26.450092, 111.495442], [111.594826, 26.45007, 110.811726], [111.594847, 26.450046, 110.382439], [111.594896, 26.450002, 110.609663], [111.594928, 26.449981, 110.448833], [111.594959, 26.449965, 110.136323], [111.595042, 26.449927, 109.650625], [111.595067, 26.44992, 109.565731], [111.595124, 26.449917, 109.271145], [111.595198, 26.449918, 109.364354], [111.595235, 26.44992, 109.506188], [111.595269, 26.449922, 110.035247], [111.595337, 26.449928, 110.111245], [111.595371, 26.449932, 110.052686], [111.595407, 26.449938, 109.963395], [111.595477, 26.449947, 110.258896], [111.595501, 26.44995, 110.277416], [111.595532, 26.449948, 110.845446], [111.595313, 26.449948, 111.093532], [111.595286, 26.44994, 111.210239], [111.59525, 26.449931, 111.451304], [111.594852, 26.449825, 110.644765], [111.594852, 26.449825, 110.48583], [111.594852, 26.449825, 110.631753], [111.594935, 26.449647, 109.716094], [111.595037, 26.449425, 108.746105], [111.59503, 26.449419, 108.214946], [111.595013, 26.449375, 108.342792], [111.594996, 26.449283, 107.408335], [111.595003, 26.449267, 107.223547], [111.595035, 26.449219, 107.6613], [111.595095, 26.449152, 107.052707], [111.595123, 26.449137, 106.980777], [111.595192, 26.449113, 106.545404], [111.595251, 26.44909, 106.585972], [111.595278, 26.449081, 106.660273], [111.595394, 26.449066, 106.824806], [111.595445, 26.449063, 106.036948], [111.595481, 26.44906, 106.357074], [111.595558, 26.449049, 106.040784], [111.59563, 26.44904, 105.974117], [111.595664, 26.449039, 105.887886], [111.595729, 26.449037, 105.72058], [111.595793, 26.449036, 105.327722], [111.595827, 26.449037, 104.916038], [111.595895, 26.449036, 105.376723], [111.595974, 26.449038, 105.43261], [111.596006, 26.449044, 105.369746], [111.59606, 26.449059, 105.645971], [111.596149, 26.449089, 105.661215], [111.596181, 26.449099, 105.827069], [111.596222, 26.449112, 105.866738], [111.59629, 26.449139, 105.780927], [111.59633, 26.449157, 105.553321], [111.596349, 26.449166, 106.024775], [111.596424, 26.449197, 106.424584], [111.596455, 26.449207, 106.02402], [111.59649, 26.449217, 105.974987], [111.596563, 26.449238, 105.437678], [111.596598, 26.449246, 105.668814], [111.596636, 26.449254, 105.582681], [111.596713, 26.449268, 105.760942], [111.596749, 26.449274, 105.478267], [111.596782, 26.449281, 105.686442], [111.596853, 26.449293, 105.850278], [111.59689, 26.449299, 105.878387], [111.596927, 26.449303, 105.85072], [111.597006, 26.449311, 106.172612], [111.59704, 26.449314, 106.005525], [111.597072, 26.449314, 106.034902], [111.597153, 26.44931, 106.948454], [111.597179, 26.449307, 106.030566], [111.597191, 26.449317, 106.265261], [111.59729, 26.449373, 105.750245], [111.597317, 26.449378, 106.550076], [111.597353, 26.449381, 106.769674], [111.597425, 26.449387, 105.710139], [111.597459, 26.449392, 105.804945], [111.597467, 26.449402, 105.750903], [111.597514, 26.449504, 106.159201], [111.59751, 26.44953, 105.956141], [111.597489, 26.449557, 107.081396], [111.59733, 26.44976, 107.386375], [111.597323, 26.449769, 107.708229], [111.597322, 26.44977, 107.853446], [111.597517, 26.44969, 107.962634], [111.597556, 26.449673, 107.847294], [111.597591, 26.449651, 108.008929], [111.597708, 26.449579, 107.373751], [111.597715, 26.449503, 106.862948], [111.597715, 26.449503, 106.659273], [111.5979, 26.449526, 108.440215], [111.597923, 26.449535, 107.718094], [111.597941, 26.449554, 108.004855], [111.598031, 26.449659, 108.567611], [111.598046, 26.449683, 108.940011], [111.598053, 26.449713, 109.292858], [111.59807, 26.449827, 109.920396], [111.598073, 26.449863, 110.775817], [111.598072, 26.449894, 111.242406], [111.598067, 26.450001, 111.128486], [111.598066, 26.450038, 111.673423], [111.598068, 26.450058, 112.484954], [111.598082, 26.450165, 112.606327], [111.598085, 26.450185, 113.149333], [111.598089, 26.450213, 112.827234], [111.598102, 26.450309, 112.756184], [111.598105, 26.450339, 112.577372], [111.598105, 26.450369, 113.271616], [111.598102, 26.450443, 113.506821], [111.598097, 26.450461, 113.283661], [111.598082, 26.450494, 112.394112], [111.598056, 26.450549, 112.922424], [111.59804, 26.45058, 113.189668], [111.59802, 26.450608, 112.459936], [111.597982, 26.450652, 112.911942], [111.597945, 26.450689, 113.296848], [111.597913, 26.45072, 113.121458], [111.597879, 26.450752, 113.80167], [111.597826, 26.450791, 113.688698], [111.597731, 26.450821, 115.771627], [111.597713, 26.450817, 115.726766], [111.597649, 26.450795, 115.860251], [111.597568, 26.450764, 116.065755], [111.597527, 26.450747, 116.043661], [111.597485, 26.450736, 116.014242], [111.59726, 26.450641, 116.967123], [111.597174, 26.4506, 111.158799], [111.597174, 26.450599, 112.160791], [111.597137, 26.450687, 113.268435], [111.597124, 26.450722, 113.901464], [111.59703, 26.450934, 114.164279], [111.596969, 26.451072, 114.414326], [111.596966, 26.451079, 114.771702], [111.596966, 26.45108, 114.528329], [111.596954, 26.451205, 115.83954], [111.596959, 26.451241, 114.980596], [111.596984, 26.451419, 115.660197], [111.59692, 26.45161, 116.007795], [111.59692, 26.45161, 116.75174], [111.59692, 26.45161, 115.853067], [111.596872, 26.451712, 117.300651], [111.596772, 26.451924, 116.820411], [111.596768, 26.451951, 117.625496], [111.59675, 26.452056, 116.88685], [111.59675, 26.452061, 115.983464], [111.596749, 26.452061, 116.824117], [111.596706, 26.452153, 117.408045], [111.596701, 26.452167, 117.170326], [111.596695, 26.452183, 117.495748], [111.59667, 26.452218, 117.700996], [111.59665, 26.452246, 118.050047], [111.596633, 26.452277, 118.660795], [111.59662, 26.452309, 117.82755], [111.596604, 26.452356, 117.767276], [111.596596, 26.452388, 117.329255], [111.596592, 26.452423, 117.572319], [111.596588, 26.452494, 117.78381], [111.596591, 26.452528, 118.062847], [111.596596, 26.45256, 118.286335], [111.596614, 26.452613, 118.308373], [111.596634, 26.452657, 118.51698], [111.596631, 26.452671, 118.616807], [111.596591, 26.452736, 118.385463], [111.596576, 26.45277, 119.590998], [111.596573, 26.452786, 118.743442], [111.596566, 26.452848, 119.117247], [111.596557, 26.452888, 119.393271], [111.596511, 26.453102, 118.939324], [111.596508, 26.453116, 120.322281], [111.596508, 26.453118, 119.096306], [111.596508, 26.453219, 119.629276], [111.596509, 26.453431, 119.84031], [111.59651, 26.453459, 119.175395], [111.596518, 26.453846, 119.586544], [111.596518, 26.453846, 120.357849], [111.596518, 26.453846, 120.290192], [111.596509, 26.453962, 120.586438], [111.596492, 26.454192, 119.78947], [111.596488, 26.454223, 120.064392], [111.596466, 26.454391, 120.25583], [111.596465, 26.454403, 120.221507], [111.596465, 26.454404, 120.58995], [111.596464, 26.454486, 121.040623], [111.596464, 26.454525, 121.24788], [111.59645, 26.454749, 120.661008], [111.59644, 26.4549, 121.132932], [111.59644, 26.4549, 120.942025], [111.59644, 26.4549, 121.079101], [111.596439, 26.455036, 121.726088], [111.596436, 26.455246, 122.003636], [111.596433, 26.455275, 122.002668], [111.596419, 26.455397, 122.343903], [111.596419, 26.455397, 121.860933], [111.596419, 26.455397, 122.461182], [111.596389, 26.455487, 122.795545], [111.596322, 26.455686, 121.974046], [111.596311, 26.455713, 122.036613], [111.596156, 26.456105, 121.466949], [111.596156, 26.456105, 121.917719], [111.596156, 26.456105, 121.057426], [111.596071, 26.456225, 120.154126], [111.596053, 26.456258, 120.450969], [111.595948, 26.456415, 120.01828], [111.595913, 26.456465, 120.368024], [111.59591, 26.456468, 120.594115], [111.595854, 26.456529, 119.680756], [111.595805, 26.456594, 119.952549], [111.595677, 26.456766, 120.051132], [111.595661, 26.45679, 119.128918], [111.595586, 26.456902, 119.913211], [111.595586, 26.456902, 119.469226], [111.595586, 26.456902, 119.94387], [111.595519, 26.457002, 119.37299], [111.595502, 26.457031, 119.133747], [111.595482, 26.457065, 119.309857], [111.595466, 26.457091, 120.172218], [111.595451, 26.457117, 119.95249], [111.595422, 26.45716, 120.070948], [111.595405, 26.457173, 120.203464], [111.595363, 26.457192, 120.854794], [111.595314, 26.45721, 121.394277], [111.595302, 26.457209, 120.514621], [111.59526, 26.457187, 120.644052], [111.595207, 26.457145, 120.94499], [111.595189, 26.457121, 120.799263], [111.59518, 26.457094, 120.845909], [111.595171, 26.457038, 118.054673], [111.595172, 26.45701, 117.221944], [111.595177, 26.456979, 118.747188], [111.595187, 26.456911, 119.647959], [111.595193, 26.456875, 120.381819], [111.595198, 26.456841, 119.863863], [111.595205, 26.456808, 119.886844], [111.595213, 26.456778, 119.311671], [111.595224, 26.456746, 120.065482], [111.595246, 26.456684, 119.457573], [111.59526, 26.456653, 119.822868], [111.595281, 26.45663, 119.942024], [111.595357, 26.456579, 119.805901], [111.595847, 26.456249, 119.7206], [111.595847, 26.456249, 119.563201], [111.595847, 26.456249, 119.533557], [111.595908, 26.456159, 120.110757], [111.595932, 26.456125, 120.014838], [111.596052, 26.455961, 120.264314], [111.596143, 26.455604, 120.601301], [111.596143, 26.455604, 120.581647], [111.596143, 26.455604, 129.438987], [111.596188, 26.45547, 121.269902], [111.596268, 26.455227, 121.126816], [111.596282, 26.455196, 121.182466], [111.596326, 26.455092, 121.445106], [111.596326, 26.455092, 121.023235], [111.596326, 26.455092, 121.840798], [111.59624, 26.455006, 121.124459], [111.596221, 26.454983, 120.796284], [111.596201, 26.454958, 120.710547], [111.595879, 26.454536, 119.847837], [111.595879, 26.454536, 128.5494], [111.595879, 26.454536, 127.93618], [111.595711, 26.454411, 126.598716], [111.595663, 26.454376, 126.941611], [111.595602, 26.454336, 126.967246], [111.595545, 26.454302, 126.527], [111.595493, 26.454272, 126.415854], [111.595448, 26.454242, 126.394919], [111.59541, 26.454222, 117.70313], [111.595376, 26.454205, 117.753982], [111.595332, 26.45418, 117.597028], [111.595307, 26.454164, 117.726712], [111.59528, 26.454146, 117.687947], [111.595251, 26.454124, 117.680341], [111.595221, 26.4541, 117.608744], [111.595022, 26.45394, 117.374609], [111.595014, 26.453934, 117.234932], [111.595013, 26.453933, 117.172652], [111.594919, 26.453871, 116.111062], [111.594707, 26.453733, 116.055347], [111.594683, 26.453712, 115.894123], [111.594625, 26.453663, 115.553441], [111.594621, 26.45366, 115.473574], [111.594594, 26.453641, 114.322784], [111.594517, 26.453589, 123.856161], [111.594486, 26.453568, 123.280232], [111.594355, 26.453481, 114.194534], [111.594346, 26.453475, 114.447817], [111.594345, 26.453475, 114.451372], [111.594266, 26.45342, 114.959464], [111.594236, 26.4534, 115.000397], [111.594198, 26.453376, 114.997189], [111.594001, 26.453253, 114.879804], [111.593989, 26.453245, 114.713125], [111.593987, 26.453244, 114.735944], [111.5939, 26.453182, 114.085747], [111.593697, 26.453035, 113.947787], [111.593676, 26.45301, 113.940444], [111.593578, 26.452892, 113.851735], [111.593572, 26.452884, 113.808014], [111.593571, 26.452884, 113.878779], [111.593458, 26.452852, 113.43379], [111.593421, 26.45285, 113.26965], [111.593258, 26.452845, 113.092004], [111.593237, 26.452842, 112.945904], [111.593101, 26.452828, 112.524264], [111.593092, 26.452827, 112.064388], [111.593091, 26.452827, 111.653284], [111.593001, 26.452719, 112.658675], [111.592975, 26.452679, 112.674225], [111.592945, 26.452626, 112.83273], [111.592914, 26.452567, 112.899009], [111.592885, 26.452508, 112.990067], [111.592861, 26.452449, 113.101984], [111.592844, 26.452387, 113.218298], [111.592831, 26.452327, 113.055003], [111.592821, 26.45227, 113.092033], [111.592814, 26.452216, 113.190942], [111.592808, 26.452165, 113.105633], [111.592808, 26.452115, 113.363826], [111.592818, 26.452059, 113.372019], [111.592829, 26.452018, 113.227282], [111.592843, 26.451971, 113.393467], [111.59286, 26.451921, 113.363373], [111.592882, 26.451873, 113.516471], [111.592903, 26.451842, 113.552506], [111.592936, 26.451793, 113.314109], [111.592655, 26.451876, 113.174995], [111.592617, 26.451882, 113.18727], [111.592407, 26.451917, 113.3302], [111.592323, 26.451931, 113.092109], [111.592323, 26.451933, 112.758435], [111.592293, 26.45197, 113.470677], [111.592244, 26.452012, 112.565435], [111.592224, 26.452019, 112.707973], [111.592194, 26.452021, 112.660927], [111.592123, 26.45202, 112.69058], [111.592087, 26.452016, 112.494085], [111.59206, 26.452009, 112.731088], [111.592007, 26.451991, 112.639018], [111.591982, 26.45198, 112.530779], [111.591955, 26.451967, 112.532538], [111.591908, 26.451935, 112.493972], [111.591887, 26.451915, 112.568483], [111.591872, 26.451897, 112.484448], [111.591843, 26.451859, 112.696672], [111.591829, 26.451837, 112.722711], [111.591813, 26.451809, 112.794175], [111.5918, 26.451781, 112.899996], [111.591787, 26.451753, 112.791742], [111.591772, 26.451723, 112.275732], [111.591756, 26.451697, 112.514615], [111.591737, 26.451674, 112.688227], [111.591713, 26.451654, 112.443476], [111.591671, 26.451623, 112.248674], [111.591649, 26.451611, 112.131138], [111.591623, 26.451602, 111.833344], [111.59157, 26.451584, 111.533587], [111.591544, 26.451576, 111.616884], [111.591517, 26.451572, 111.65689], [111.591457, 26.451564, 111.364989], [111.591443, 26.451563, 111.921534], [111.591408, 26.451563, 111.003369], [111.591347, 26.451563, 111.947254], [111.591328, 26.451562, 112.09362], [111.591299, 26.451558, 112.07473], [111.591247, 26.451551, 111.99478], [111.591334, 26.451505, 111.538781], [111.591334, 26.451505, 112.306721], [111.591375, 26.45147, 111.960329], [111.591388, 26.451454, 112.415351]]}}, {"type": "Feature", "properties": {"type": "photo", "name": "2026-09-09照片1", "date": "2026-09-09", "timestamp": "", "photo_urls": ["track_photos_old/old_0000.jpg"], "photo_count": 1}, "geometry": {"type": "Point", "coordinates": [111.593264, 26.447878, 102.158601]}}, {"type": "Feature", "properties": {"type": "photo", "name": "2026-09-09照片2", "date": "2026-09-09", "timestamp": "", "photo_urls": ["track_photos_old/old_0001.jpg"], "photo_count": 1}, "geometry": {"type": "Point", "coordinates": [111.593387, 26.447145, 100.177957]}}, {"type": "Feature", "properties": {"type": "photo", "name": "2026-09-09照片3", "date": "2026-09-09", "timestamp": "", "photo_urls": ["track_photos_old/old_0002.jpg"], "photo_count": 1}, "geometry": {"type": "Point", "coordinates": [111.593398, 26.447155, 99.890196]}}, {"type": "Feature", "properties": {"type": "track", "name": "2026-09-10 调研轨迹", "date": "2026-09-10", "time": "10:09:04", "distance_m": 26446.3, "point_count": 5001}, "geometry": {"type": "LineString", "coordinates": [[111.604676, 26.449835, 103.350146], [111.604709, 26.449886, 104.920156], [111.604696, 26.44989, 104.800668], [111.604695, 26.44989, 104.724358], [111.604621, 26.449823, 104.698406], [111.604608, 26.449813, 104.794999], [111.604592, 26.449799, 105.181442], [111.604548, 26.449756, 105.372734], [111.604536, 26.449742, 105.339758], [111.604535, 26.449731, 105.304321], [111.60454, 26.449664, 104.86485], [111.604547, 26.449655, 104.716348], [111.604559, 26.449641, 104.231043], [111.604611, 26.449583, 104.402056], [111.604618, 26.449571, 104.193551], [111.604626, 26.449557, 103.982753], [111.60466, 26.449496, 103.466122], [111.604666, 26.449483, 103.310392], [111.604675, 26.449469, 103.316177], [111.604713, 26.449411, 103.266157], [111.604721, 26.4494, 103.901113], [111.604731, 26.44939, 104.534948], [111.604746, 26.449376, 104.74388], [111.604674, 26.449448, 102.921238], [111.604668, 26.449454, 102.667425], [111.604667, 26.449455, 102.829976], [111.604604, 26.449523, 103.490808], [111.604589, 26.44954, 103.518778], [111.604574, 26.449561, 103.727783], [111.604546, 26.449598, 103.77633], [111.604533, 26.449614, 103.697681], [111.60451, 26.44964, 103.992254], [111.604478, 26.449673, 104.338328], [111.604467, 26.449683, 105.152299], [111.604432, 26.449709, 105.277336], [111.604399, 26.449733, 104.655089], [111.604387, 26.449739, 104.58569], [111.604342, 26.449763, 104.700401], [111.604306, 26.449769, 104.722527], [111.604307, 26.44977, 104.883327], [111.604284, 26.449768, 103.884152], [111.604251, 26.449764, 104.602122], [111.604251, 26.449764, 104.906672], [111.604468, 26.449797, 104.286454], [111.604494, 26.4498, 104.452365], [111.604497, 26.4498, 104.694427], [111.604578, 26.449794, 104.554343], [111.604594, 26.449794, 104.555815], [111.604615, 26.449793, 104.330247], [111.604684, 26.449794, 104.000492], [111.604705, 26.449794, 104.202684], [111.604723, 26.449796, 104.496887], [111.60479, 26.449795, 103.566651], [111.604829, 26.449793, 103.938176], [111.604835, 26.449793, 103.871564], [111.604974, 26.449787, 103.245063], [111.605049, 26.449784, 104.104115], [111.605148, 26.449779, 102.851471], [111.605255, 26.449773, 102.692547], [111.605366, 26.449768, 102.381285], [111.605471, 26.449762, 101.792268], [111.605568, 26.449756, 101.417982], [111.605659, 26.44975, 101.791978], [111.605738, 26.449746, 101.799114], [111.605808, 26.449744, 101.469335], [111.605873, 26.449743, 101.1935], [111.605933, 26.449743, 101.151403], [111.605987, 26.449742, 101.012651], [111.606037, 26.449741, 100.848983], [111.606082, 26.44974, 100.870487], [111.606124, 26.449738, 100.883089], [111.606163, 26.449735, 101.140635], [111.606194, 26.44973, 100.917468], [111.60622, 26.449728, 101.209367], [111.606269, 26.449726, 101.444569], [111.606274, 26.449734, 101.509857], [111.606298, 26.449741, 101.978316], [111.60641, 26.449757, 102.346506], [111.60665, 26.449791, 102.36949], [111.606683, 26.449795, 102.511027], [111.606688, 26.449795, 102.684038], [111.606815, 26.449809, 103.509131], [111.607053, 26.449834, 103.722876], [111.607085, 26.449839, 103.915488], [111.607193, 26.449856, 104.326368], [111.607197, 26.449857, 104.376518], [111.607198, 26.449857, 104.564922], [111.607191, 26.44983, 105.145201], [111.60719, 26.449827, 105.154366], [111.607191, 26.449827, 105.154366], [111.60722, 26.449826, 104.717703], [111.607241, 26.449828, 105.001786], [111.607319, 26.449835, 105.827119], [111.607568, 26.449861, 106.185451], [111.607602, 26.449865, 106.50752], [111.607607, 26.449864, 106.914719], [111.60768, 26.449852, 107.781756], [111.607712, 26.449847, 107.98399], [111.60775, 26.44984, 108.154883], [111.607787, 26.449834, 108.141906], [111.60782, 26.449829, 107.938601], [111.607846, 26.449825, 107.938601], [111.607893, 26.449815, 107.938601], [111.607897, 26.449813, 106.926962], [111.607895, 26.449813, 106.926962], [111.608015, 26.449828, 108.432884], [111.608112, 26.44984, 108.202515], [111.608125, 26.449839, 108.126075], [111.608129, 26.449839, 108.267644], [111.60822, 26.449843, 108.266187], [111.608353, 26.449847, 108.626434], [111.60844, 26.449849, 107.62497], [111.608537, 26.449851, 107.986231], [111.608631, 26.449854, 107.194053], [111.608723, 26.449858, 107.916197], [111.608812, 26.449861, 107.453846], [111.608901, 26.449864, 107.469685], [111.608985, 26.449867, 106.732358], [111.609063, 26.44987, 105.954646], [111.609139, 26.449872, 105.845612], [111.609217, 26.449872, 105.669929], [111.609295, 26.449871, 106.306691], [111.609372, 26.44987, 106.343392], [111.609444, 26.449869, 105.364733], [111.609511, 26.449869, 104.83048], [111.609575, 26.44987, 104.820556], [111.609636, 26.449872, 104.423393], [111.609693, 26.449875, 104.282503], [111.609746, 26.449879, 104.040696], [111.609794, 26.44988, 103.894835], [111.609837, 26.449878, 103.888001], [111.609877, 26.449875, 103.597368], [111.609911, 26.44987, 103.937212], [111.609939, 26.449864, 103.777226], [111.609982, 26.449855, 104.028062], [111.609983, 26.449855, 104.398286], [111.609904, 26.449842, 104.398286], [111.609883, 26.449839, 103.2664], [111.609881, 26.449839, 103.689526], [111.610012, 26.449845, 104.138477], [111.610162, 26.449853, 103.749231], [111.610183, 26.449854, 103.713394], [111.610186, 26.449853, 103.360345], [111.610319, 26.449831, 102.759433], [111.610382, 26.449822, 102.811958], [111.610468, 26.449809, 102.693601], [111.610557, 26.449796, 102.56019], [111.610633, 26.449785, 102.536964], [111.610695, 26.449777, 102.547364], [111.61074, 26.449775, 102.475902], [111.610792, 26.449774, 102.402085], [111.610804, 26.44977, 102.555808], [111.610709, 26.449797, 102.507791], [111.610709, 26.449797, 102.507791], [111.610698, 26.449797, 102.554074], [111.610802, 26.449823, 102.676517], [111.610997, 26.449874, 102.946704], [111.611025, 26.449884, 102.793654], [111.611026, 26.449886, 102.838722], [111.611046, 26.44998, 102.952974], [111.611048, 26.450011, 102.985913], [111.611048, 26.450044, 103.041859], [111.611045, 26.450071, 103.202886], [111.611064, 26.450086, 103.586567], [111.611093, 26.450106, 103.500951], [111.611093, 26.450106, 103.273323], [111.611077, 26.450132, 104.007538], [111.611031, 26.450206, 105.814979], [111.610936, 26.45036, 106.339531], [111.610923, 26.450381, 106.646412], [111.610921, 26.450383, 106.836399], [111.610901, 26.450414, 106.47154], [111.6109, 26.450416, 106.411708], [111.610888, 26.450434, 106.674249], [111.610835, 26.450519, 107.282615], [111.610832, 26.450523, 107.599631], [111.610832, 26.450524, 107.792564], [111.610794, 26.450604, 109.332182], [111.610717, 26.45077, 109.767277], [111.610707, 26.450793, 110.215737], [111.610649, 26.450931, 110.410901], [111.610646, 26.450937, 111.001348], [111.610645, 26.450938, 111.335222], [111.610593, 26.451018, 112.567638], [111.610586, 26.45103, 112.480063], [111.610579, 26.451041, 112.345343], [111.610541, 26.451109, 113.39459], [111.610535, 26.451125, 113.63238], [111.610527, 26.451147, 114.029996], [111.610505, 26.451201, 114.132963], [111.610494, 26.451233, 114.346103], [111.610482, 26.451267, 114.652676], [111.610469, 26.451303, 114.63969], [111.610454, 26.45134, 114.57199], [111.610439, 26.451375, 114.556075], [111.610423, 26.451409, 114.444941], [111.610407, 26.451442, 114.892235], [111.610392, 26.451475, 115.034993], [111.610377, 26.451509, 114.646732], [111.610363, 26.451543, 114.65103], [111.61035, 26.451576, 114.788707], [111.610339, 26.451608, 114.702382], [111.61033, 26.451637, 114.711692], [111.610322, 26.451661, 114.692631], [111.610311, 26.451694, 114.930497], [111.610306, 26.451711, 114.925497], [111.610307, 26.45171, 115.32294], [111.610261, 26.451799, 115.576336], [111.610173, 26.45197, 115.504085], [111.610161, 26.451994, 115.229188], [111.610159, 26.451997, 115.242655], [111.610112, 26.452056, 114.987875], [111.610103, 26.452071, 115.212968], [111.610092, 26.452093, 114.808082], [111.61006, 26.452162, 114.753959], [111.610041, 26.452205, 114.15359], [111.610021, 26.452252, 114.293196], [111.610001, 26.452301, 113.825693], [111.609982, 26.45235, 113.602223], [111.609963, 26.452396, 113.274111], [111.609946, 26.452438, 113.029673], [111.609932, 26.452474, 113.045443], [111.609921, 26.452503, 113.334193], [111.609911, 26.452525, 113.297105], [111.609893, 26.452564, 113.648624], [111.609889, 26.452571, 113.688497], [111.60989, 26.452569, 113.688497], [111.609923, 26.452517, 113.031585], [111.609923, 26.452517, 112.977447], [111.609923, 26.452517, 113.111055], [111.609977, 26.452496, 113.381775], [111.609998, 26.452489, 113.570805], [111.609998, 26.452488, 113.570805], [111.609937, 26.452523, 113.276773], [111.609922, 26.452533, 113.118198], [111.609921, 26.452535, 113.051331], [111.609867, 26.452596, 112.613188], [111.609855, 26.452609, 112.35128], [111.609845, 26.452616, 112.256598], [111.609772, 26.452663, 112.08938], [111.609758, 26.452672, 111.763184], [111.609745, 26.452679, 111.921903], [111.609697, 26.452705, 111.567834], [111.609697, 26.452705, 111.791533], [111.609695, 26.452704, 111.74006], [111.609647, 26.452657, 111.446894], [111.60964, 26.452649, 111.437177], [111.609618, 26.45263, 111.178445], [111.609571, 26.452589, 110.965004], [111.609372, 26.452433, 110.638979], [111.609278, 26.452369, 110.846638], [111.609211, 26.452324, 110.722326], [111.609207, 26.45232, 110.710384], [111.609199, 26.452313, 110.769701], [111.609134, 26.452256, 110.691439], [111.609102, 26.452231, 110.634057], [111.608935, 26.452133, 110.048495], [111.608862, 26.452093, 109.266885], [111.608857, 26.452091, 109.065794], [111.608846, 26.452091, 108.189514], [111.60883, 26.452078, 107.854881], [111.608815, 26.452064, 107.715226], [111.608815, 26.452064, 107.920942], [111.608839, 26.452046, 107.927181], [111.608841, 26.452047, 107.914808], [111.608789, 26.452014, 108.116042], [111.608775, 26.452008, 108.007658], [111.608754, 26.452005, 108.123173], [111.608679, 26.451994, 108.008299], [111.608642, 26.451989, 108.24398], [111.608604, 26.451983, 108.441545], [111.608571, 26.451978, 108.212718], [111.608543, 26.451973, 108.313572], [111.608505, 26.451965, 108.285508], [111.608474, 26.451949, 108.118228], [111.608456, 26.451928, 108.049447], [111.608422, 26.451889, 108.185944], [111.608405, 26.45187, 108.438608], [111.608383, 26.451848, 108.082196], [111.608357, 26.451824, 108.100993], [111.608328, 26.451801, 108.162541], [111.6083, 26.451781, 108.124043], [111.608271, 26.451762, 108.154064], [111.608244, 26.451748, 107.82385], [111.608206, 26.451728, 107.96872], [111.608196, 26.451734, 107.994382], [111.608168, 26.451755, 106.990029], [111.608168, 26.451756, 106.990029], [111.608178, 26.451758, 106.711694], [111.608019, 26.451744, 106.585936], [111.60778, 26.451723, 106.6749], [111.607758, 26.451721, 106.840831], [111.607757, 26.451719, 106.836483], [111.607701, 26.451653, 106.579761], [111.607681, 26.451628, 106.898386], [111.607655, 26.451599, 106.800672], [111.607626, 26.451568, 106.397196], [111.607594, 26.451539, 106.538606], [111.60756, 26.451512, 106.368582], [111.607522, 26.451496, 106.116135], [111.607482, 26.451487, 106.199451], [111.607439, 26.451481, 106.24961], [111.607399, 26.451477, 106.239825], [111.607361, 26.451473, 106.09074], [111.607324, 26.45147, 105.970624], [111.607289, 26.451466, 106.198667], [111.607257, 26.451464, 106.102642], [111.60722, 26.451474, 106.073663], [111.607212, 26.451483, 105.646923], [111.607291, 26.4514, 105.584273], [111.607295, 26.451396, 105.390243], [111.607295, 26.451396, 105.479277], [111.607259, 26.451307, 105.763057], [111.607248, 26.451288, 106.003376], [111.607229, 26.451267, 105.975853], [111.607185, 26.451219, 106.019594], [111.607158, 26.45119, 105.889071], [111.607132, 26.45116, 105.913362], [111.607109, 26.451131, 106.050627], [111.607089, 26.451106, 106.14089], [111.607068, 26.45109, 106.349626], [111.607033, 26.451082, 106.297671], [111.607002, 26.451091, 106.037158], [111.606975, 26.451112, 105.251918], [111.606947, 26.45113, 105.251918], [111.606924, 26.451127, 105.297857], [111.606878, 26.451111, 105.333063], [111.606854, 26.451098, 105.341025], [111.60683, 26.451088, 105.863828], [111.60683, 26.451088, 105.745516], [111.606804, 26.451131, 105.204595], [111.606891, 26.45114, 105.591124], [111.606891, 26.45114, 105.591124], [111.606891, 26.45114, 105.591124], [111.606795, 26.451078, 105.288778], [111.606763, 26.451057, 105.217214], [111.606725, 26.451029, 105.223787], [111.606611, 26.450946, 105.095039], [111.606598, 26.450937, 105.084208], [111.606597, 26.450936, 105.003526], [111.606524, 26.450927, 104.468444], [111.606523, 26.450927, 104.596481], [111.606523, 26.450926, 104.587598], [111.606491, 26.450853, 104.463931], [111.606484, 26.450839, 104.631567], [111.606483, 26.450838, 104.351686], [111.606416, 26.450744, 103.912814], [111.606393, 26.450712, 103.905786], [111.606312, 26.450595, 103.884088], [111.606302, 26.450582, 103.835544], [111.606301, 26.45058, 103.792154], [111.606269, 26.450511, 103.666761], [111.606254, 26.450475, 104.056787], [111.606185, 26.450302, 103.966223], [111.60615, 26.450215, 104.151089], [111.606148, 26.45021, 104.183448], [111.606147, 26.450209, 104.146715], [111.606054, 26.450163, 103.443961], [111.606034, 26.450151, 103.68106], [111.606014, 26.450132, 103.428766], [111.605967, 26.450082, 103.50498], [111.605941, 26.450053, 103.562297], [111.605914, 26.450023, 103.619017], [111.605887, 26.449992, 103.484937], [111.605859, 26.449964, 103.328592], [111.605826, 26.449939, 103.094022], [111.60579, 26.449919, 102.859036], [111.605751, 26.449904, 102.524498], [111.60571, 26.449893, 102.413527], [111.60567, 26.449885, 102.28273], [111.605631, 26.449879, 102.191062], [111.605595, 26.449877, 102.04065], [111.605561, 26.449877, 101.909742], [111.605529, 26.449879, 101.832287], [111.605478, 26.449886, 101.942987], [111.60546, 26.449891, 101.822075], [111.60544, 26.449909, 101.872897], [111.605437, 26.449908, 102.341464], [111.60548, 26.449919, 102.42577], [111.605481, 26.449921, 102.304199], [111.605475, 26.449927, 102.177478], [111.605456, 26.449938, 102.332559], [111.605448, 26.449939, 102.259849], [111.605362, 26.449943, 103.329967], [111.605335, 26.449943, 103.322025], [111.605293, 26.449941, 103.41996], [111.604983, 26.449927, 103.454327], [111.604969, 26.449927, 103.698894], [111.604968, 26.449927, 103.493303], [111.604853, 26.449925, 103.970826], [111.604821, 26.449925, 103.974644], [111.604783, 26.449924, 104.035441], [111.604741, 26.449923, 103.931633], [111.604699, 26.449922, 104.205278], [111.60466, 26.449921, 104.414616], [111.604627, 26.44992, 104.303473], [111.604598, 26.449918, 104.548865], [111.604554, 26.449917, 104.581224], [111.604545, 26.449917, 104.58003], [111.604547, 26.449917, 104.58003], [111.604452, 26.449927, 104.639449], [111.604417, 26.44993, 104.688197], [111.60438, 26.449932, 104.796237], [111.604347, 26.449933, 104.897786], [111.604316, 26.449934, 104.988335], [111.604263, 26.449934, 105.097109], [111.604235, 26.449934, 104.840086], [111.604206, 26.449932, 104.919534], [111.604146, 26.449931, 104.995484], [111.604115, 26.449931, 104.976522], [111.604089, 26.449934, 104.95274], [111.604035, 26.449943, 105.063938], [111.604014, 26.449947, 104.996869], [111.603993, 26.449961, 105.068899], [111.603983, 26.44997, 104.844909], [111.603984, 26.44997, 105.019054], [111.604032, 26.44998, 104.989407], [111.604058, 26.449986, 104.99202], [111.604061, 26.449986, 105.114423], [111.603879, 26.44999, 105.41222], [111.603815, 26.449991, 105.450753], [111.603737, 26.449993, 105.446058], [111.603656, 26.449996, 105.484194], [111.603575, 26.449998, 105.416061], [111.603495, 26.45, 105.116617], [111.603419, 26.450002, 104.916068], [111.603344, 26.450004, 104.863533], [111.603277, 26.450007, 104.642384], [111.603215, 26.45001, 104.606824], [111.603154, 26.450014, 104.416009], [111.603146, 26.450015, 104.18174], [111.603088, 26.450022, 102.837623], [111.603051, 26.450024, 102.725355], [111.602804, 26.45004, 102.801355], [111.60277, 26.450042, 102.50737], [111.602765, 26.450042, 102.481307], [111.60266, 26.450043, 101.64479], [111.602374, 26.450043, 101.537425], [111.602335, 26.450047, 101.409311], [111.602272, 26.450053, 101.498602], [111.602272, 26.450054, 101.285138], [111.602251, 26.450116, 101.559973], [111.602239, 26.450153, 101.645322], [111.602234, 26.450171, 101.381277], [111.602224, 26.450206, 101.613725], [111.602222, 26.450219, 102.318227], [111.602222, 26.450217, 102.318227], [111.602225, 26.450278, 102.336842], [111.602227, 26.450296, 102.376875], [111.602229, 26.450307, 102.801426], [111.602242, 26.450392, 103.29937], [111.602246, 26.450422, 103.260827], [111.602252, 26.45046, 103.53228], [111.602258, 26.450499, 103.502428], [111.602265, 26.450538, 103.638735], [111.602276, 26.450575, 103.797621], [111.60229, 26.45061, 103.913315], [111.6023, 26.450642, 104.361517], [111.602305, 26.450668, 104.479122], [111.602308, 26.450704, 104.790467], [111.602308, 26.450721, 104.583927], [111.602307, 26.450719, 104.470649], [111.602271, 26.450695, 104.28936], [111.602252, 26.450683, 104.003311], [111.602252, 26.450683, 104.003311], [111.602213, 26.450783, 105.491082], [111.602209, 26.450812, 105.600099], [111.602211, 26.450848, 105.731332], [111.602215, 26.450884, 105.708203], [111.602221, 26.450918, 105.745143], [111.602227, 26.450947, 105.838816], [111.602236, 26.45097, 105.829145], [111.602257, 26.450999, 105.878612], [111.602284, 26.451009, 106.04379], [111.602284, 26.45101, 106.087361], [111.602285, 26.450959, 105.763144], [111.602285, 26.450959, 105.763144], [111.602285, 26.450959, 105.763144], [111.602334, 26.451054, 106.045627], [111.602342, 26.451078, 106.010842], [111.602348, 26.451109, 106.212121], [111.602355, 26.451144, 106.359818], [111.602361, 26.451179, 105.976068], [111.602368, 26.451215, 106.148459], [111.602375, 26.451251, 106.017573], [111.602382, 26.451286, 106.159682], [111.602395, 26.451319, 106.347601], [111.602413, 26.45135, 106.213223], [111.602433, 26.451382, 106.261779], [111.602453, 26.451414, 106.408634], [111.602473, 26.451447, 106.466055], [111.602493, 26.451481, 106.413564], [111.602512, 26.451515, 106.323166], [111.602525, 26.451551, 106.293237], [111.602534, 26.451587, 106.186562], [111.60254, 26.451621, 105.979171], [111.602543, 26.451651, 105.86259], [111.602542, 26.451675, 105.857714], [111.60254, 26.451719, 106.16685], [111.602539, 26.451726, 106.078724], [111.602539, 26.451725, 106.078724], [111.602545, 26.451654, 105.267705], [111.602545, 26.451654, 105.137422], [111.602545, 26.451654, 104.869922], [111.602558, 26.4517, 105.303241], [111.602567, 26.451726, 105.334169], [111.602577, 26.451751, 105.447843], [111.602594, 26.451792, 105.650388], [111.602607, 26.451819, 105.591352], [111.60262, 26.451848, 105.457271], [111.602632, 26.451875, 105.549097], [111.602652, 26.451916, 105.970221], [111.60266, 26.451931, 105.96177], [111.602678, 26.451953, 105.927158], [111.602685, 26.45196, 105.728758], [111.602685, 26.45196, 105.728758], [111.602677, 26.451935, 105.581311], [111.602676, 26.451933, 105.702656], [111.602676, 26.451931, 105.741837], [111.602709, 26.452023, 106.302718], [111.602717, 26.452046, 106.141367], [111.602725, 26.45207, 106.240131], [111.602739, 26.452107, 106.313062], [111.602744, 26.452132, 106.373138], [111.602743, 26.452159, 106.978485], [111.602742, 26.45216, 106.368893], [111.602742, 26.45216, 106.504459], [111.602732, 26.452099, 106.099538], [111.602732, 26.452099, 106.099538], [111.602732, 26.452099, 106.099538], [111.60274, 26.452143, 106.266161], [111.602754, 26.452199, 107.150556], [111.602763, 26.452223, 107.288333], [111.602776, 26.452255, 107.475751], [111.602791, 26.452288, 107.607526], [111.602808, 26.452324, 107.696362], [111.602826, 26.452358, 107.840274], [111.602841, 26.452388, 108.099751], [111.602854, 26.452414, 108.204621], [111.602874, 26.452452, 108.272693], [111.602891, 26.452473, 108.463922], [111.602902, 26.452486, 108.524496], [111.602902, 26.452484, 108.221925], [111.602924, 26.452437, 109.065799], [111.602929, 26.452436, 109.041869], [111.60293, 26.452436, 109.039351], [111.602944, 26.452452, 109.503306], [111.602945, 26.452454, 109.462757], [111.602945, 26.452455, 109.330601], [111.60293, 26.452396, 109.275915], [111.60293, 26.452396, 109.275915], [111.60293, 26.452396, 109.176497], [111.602936, 26.452439, 109.297757], [111.602932, 26.452449, 108.91162], [111.602902, 26.452482, 109.824344], [111.602872, 26.452508, 109.587614], [111.602863, 26.452512, 109.45464], [111.602805, 26.452526, 109.860345], [111.60277, 26.452533, 109.934174], [111.602764, 26.452533, 109.934174], [111.602763, 26.452533, 109.321009], [111.602834, 26.452484, 109.414339], [111.602848, 26.452474, 109.405359], [111.60285, 26.452472, 109.670352], [111.602891, 26.452444, 108.578999], [111.60294, 26.452619, 109.735964], [111.60309, 26.452789, 109.960415], [111.603111, 26.452812, 110.04618], [111.603111, 26.452813, 109.927667], [111.60311, 26.452841, 110.311219], [111.60311, 26.452877, 110.515761], [111.603114, 26.452892, 110.63452], [111.603123, 26.452934, 110.867916], [111.60313, 26.452965, 110.831627], [111.603131, 26.45298, 111.176986], [111.603132, 26.453025, 110.966139], [111.603129, 26.453033, 111.196953], [111.603137, 26.453033, 111.108915], [111.603163, 26.453032, 111.578875], [111.603166, 26.453032, 111.573413], [111.603166, 26.453031, 111.446152], [111.603151, 26.453053, 111.194531], [111.603149, 26.453056, 111.347116], [111.603131, 26.453094, 111.313879], [111.603108, 26.45314, 111.332334], [111.603108, 26.453142, 111.39847], [111.603096, 26.453199, 111.754445], [111.603091, 26.453245, 111.944442], [111.603092, 26.453271, 112.040922], [111.603096, 26.453297, 112.114396], [111.603102, 26.453342, 112.06371], [111.603104, 26.453359, 112.111833], [111.603104, 26.45339, 112.035115], [111.603102, 26.453395, 112.156791], [111.603102, 26.453394, 112.232538], [111.603101, 26.453345, 112.206625], [111.603101, 26.453345, 112.138069], [111.603101, 26.453345, 112.665736], [111.603125, 26.453325, 112.870509], [111.603139, 26.45331, 113.636057], [111.603142, 26.453309, 113.683184], [111.603228, 26.453283, 112.133791], [111.603245, 26.453281, 111.881236], [111.603266, 26.453283, 111.625418], [111.603332, 26.453286, 111.976341], [111.603326, 26.45329, 111.388869], [111.603175, 26.453391, 111.929685], [111.603164, 26.453398, 112.017575], [111.603163, 26.453398, 111.889036], [111.60324, 26.453239, 111.532158], [111.603239, 26.453232, 111.325777], [111.603242, 26.453218, 111.664807], [111.603261, 26.453146, 111.771743], [111.603262, 26.45314, 111.303682], [111.603266, 26.45313, 112.279771], [111.603239, 26.453196, 111.529993], [111.603238, 26.453201, 111.446999], [111.603229, 26.453203, 112.070023], [111.602818, 26.453295, 112.220701], [111.602818, 26.453295, 112.561338], [111.602818, 26.453295, 112.704953], [111.603097, 26.453265, 113.926566], [111.603088, 26.453349, 113.926566], [111.603558, 26.453104, 113.926566], [111.603558, 26.453104, 108.965634], [111.603558, 26.453104, 112.469785], [111.603236, 26.453164, 109.613081], [111.603216, 26.453168, 109.737433], [111.603215, 26.453169, 109.757867], [111.603154, 26.453229, 112.152176], [111.603136, 26.453241, 112.456902], [111.603129, 26.453239, 112.953152], [111.603215, 26.453248, 112.802496], [111.603224, 26.453248, 112.6675], [111.603225, 26.453247, 112.886404], [111.603395, 26.453217, 116.243283], [111.603395, 26.453217, 118.492002], [111.603394, 26.453217, 111.134426], [111.603262, 26.453275, 111.34452], [111.603257, 26.453275, 111.34452], [111.603252, 26.453277, 111.34452], [111.603171, 26.453327, 117.781064], [111.60317, 26.453335, 117.781064], [111.603158, 26.453341, 117.781064], [111.603095, 26.453374, 117.781064], [111.603092, 26.453381, 117.781064], [111.603152, 26.453231, 117.90759], [111.603161, 26.453327, 117.90759], [111.603163, 26.453347, 117.90759], [111.603163, 26.453356, 117.90759], [111.603182, 26.453159, 112.087353], [111.603186, 26.453127, 112.087353], [111.603184, 26.453125, 112.087353], [111.603277, 26.453209, 111.070643], [111.603277, 26.453209, 111.166302], [111.603272, 26.453215, 111.233747], [111.603202, 26.453287, 112.571369], [111.603189, 26.453295, 112.753802], [111.603173, 26.453307, 112.859798], [111.603124, 26.453344, 113.35572], [111.603109, 26.453357, 113.714941], [111.60311, 26.453367, 113.447783], [111.603112, 26.453475, 113.497892], [111.603111, 26.453499, 113.478067], [111.60311, 26.453502, 112.918347], [111.603082, 26.453562, 113.692226], [111.603069, 26.453589, 113.869628], [111.603051, 26.453623, 114.094832], [111.603031, 26.453658, 114.272105], [111.60301, 26.453694, 114.508864], [111.60297, 26.453761, 114.865954], [111.602954, 26.453791, 114.487193], [111.602941, 26.453818, 114.564374], [111.602931, 26.453845, 114.773355], [111.602916, 26.453891, 114.906406], [111.602911, 26.45391, 114.946701], [111.6029, 26.453944, 114.984789], [111.602885, 26.453984, 115.349791], [111.602877, 26.453992, 115.241885], [111.602877, 26.454008, 115.264025], [111.602877, 26.45394, 115.268743], [111.602877, 26.45394, 115.493224], [111.602877, 26.45394, 115.25345], [111.602855, 26.454034, 115.501044], [111.602852, 26.454043, 115.680832], [111.602852, 26.454053, 115.446933], [111.602843, 26.454056, 116.324753], [111.602881, 26.454035, 115.896013], [111.602892, 26.45403, 115.414873], [111.602933, 26.454008, 117.118134], [111.602978, 26.453982, 116.61864], [111.602992, 26.453973, 117.568462], [111.603018, 26.453954, 118.670321], [111.603056, 26.453928, 118.537105], [111.60308, 26.453921, 118.245247], [111.60311, 26.45392, 117.970411], [111.603156, 26.453928, 116.209917], [111.603186, 26.453938, 115.547626], [111.603204, 26.453949, 115.39361], [111.603251, 26.453977, 115.450071], [111.603272, 26.45399, 115.231492], [111.603294, 26.454002, 115.325366], [111.603344, 26.45402, 114.545778], [111.603373, 26.454024, 114.391621], [111.603409, 26.454025, 113.976458], [111.603463, 26.454025, 112.990031], [111.603501, 26.454025, 113.208621], [111.603539, 26.454028, 113.300612], [111.603578, 26.454033, 113.264688], [111.603629, 26.454045, 113.167328], [111.603656, 26.454054, 113.267253], [111.603701, 26.45407, 111.911733], [111.603747, 26.454087, 112.059722], [111.603769, 26.454086, 112.332962], [111.603824, 26.454102, 110.580982], [111.603858, 26.454142, 109.429021], [111.603899, 26.454197, 111.270638], [111.603916, 26.454216, 110.744559], [111.603952, 26.454254, 111.348564], [111.60398, 26.454279, 111.23794], [111.603994, 26.454293, 111.154085], [111.604024, 26.454337, 111.398954], [111.604037, 26.454364, 110.837955], [111.604036, 26.454377, 111.200776], [111.604019, 26.45443, 111.249867], [111.604005, 26.454446, 111.733368], [111.603989, 26.454455, 111.431472], [111.603938, 26.454492, 112.335195], [111.603921, 26.454506, 111.975053], [111.603912, 26.454514, 112.046708], [111.603861, 26.454553, 112.329076], [111.603843, 26.454567, 112.290152], [111.603837, 26.454575, 112.405533], [111.603809, 26.454629, 111.267895], [111.603798, 26.454654, 112.334353], [111.603795, 26.454665, 112.515062], [111.603778, 26.454718, 112.976825], [111.60377, 26.454743, 114.671407], [111.603774, 26.45475, 114.315135], [111.603799, 26.454762, 113.434929], [111.603834, 26.454788, 113.268294], [111.60385, 26.454804, 113.425193], [111.603871, 26.454822, 113.425193], [111.603913, 26.454857, 112.949984], [111.603924, 26.454867, 113.595709], [111.603945, 26.45489, 113.339978], [111.603979, 26.454927, 113.198762], [111.603989, 26.454935, 112.934735], [111.604016, 26.454956, 112.674032], [111.604062, 26.454989, 112.821258], [111.60407, 26.454994, 113.974982], [111.604105, 26.455015, 113.764709], [111.604152, 26.45504, 113.193806], [111.604167, 26.455048, 113.409806], [111.604197, 26.455063, 113.661608], [111.604243, 26.455087, 113.725884], [111.604258, 26.455094, 113.644796], [111.604288, 26.455106, 113.987848], [111.60434, 26.455123, 113.805763], [111.604359, 26.455126, 113.764868], [111.604389, 26.455125, 113.136444], [111.604442, 26.455123, 112.8646], [111.604465, 26.455122, 111.920284], [111.604497, 26.455124, 112.413175], [111.604543, 26.455131, 113.144487], [111.604563, 26.455138, 111.84821], [111.6046, 26.455152, 111.913461], [111.604635, 26.455167, 112.349955], [111.604656, 26.455178, 112.520224], [111.604694, 26.455197, 112.12213], [111.604721, 26.45521, 112.033669], [111.604752, 26.455224, 112.054165], [111.604793, 26.455241, 112.305367], [111.604816, 26.455248, 112.887907], [111.604847, 26.455258, 112.346679], [111.60489, 26.455273, 112.166463], [111.604913, 26.455281, 111.969943], [111.60494, 26.455291, 111.756594], [111.604991, 26.45531, 110.962848], [111.605013, 26.45532, 111.353729], [111.605038, 26.455333, 111.191136], [111.605078, 26.455353, 111.338062], [111.6051, 26.455353, 111.613216], [111.605116, 26.455337, 111.306295], [111.605159, 26.455288, 110.956102], [111.605162, 26.455281, 110.591496], [111.605172, 26.455263, 110.648015], [111.605205, 26.455206, 111.226219], [111.60521, 26.455198, 111.035912], [111.605222, 26.455182, 111.24083], [111.605258, 26.455128, 109.182347], [111.605265, 26.455115, 109.064869], [111.605276, 26.455101, 109.03669], [111.605318, 26.45505, 108.273856], [111.60533, 26.45504, 108.413487], [111.605346, 26.455029, 108.318209], [111.605403, 26.454989, 106.475696], [111.605411, 26.454984, 106.475876], [111.605426, 26.454973, 107.821149], [111.605483, 26.454931, 107.468746], [111.605491, 26.454925, 107.069109], [111.605511, 26.45491, 106.557646], [111.605565, 26.454868, 106.193204], [111.605576, 26.454858, 105.97836], [111.605588, 26.454845, 106.331335], [111.605637, 26.454787, 106.567173], [111.605646, 26.454775, 106.429772], [111.605657, 26.454761, 106.272815], [111.605698, 26.454708, 106.221686], [111.605706, 26.454697, 106.266083], [111.605707, 26.454687, 105.999834], [111.605708, 26.454616, 106.653345], [111.605705, 26.454607, 106.56759], [111.605706, 26.454596, 106.752024], [111.605716, 26.454526, 105.976113], [111.605712, 26.454519, 105.539842], [111.60571, 26.45452, 105.785463], [111.605662, 26.454537, 106.739071], [111.605662, 26.454537, 106.83484], [111.605662, 26.454537, 106.766986], [111.60571, 26.45445, 106.288481], [111.605712, 26.454446, 107.073088], [111.60571, 26.454441, 106.924041], [111.605693, 26.454405, 107.159126], [111.605693, 26.454405, 107.035895], [111.605693, 26.454405, 106.950979], [111.605711, 26.454363, 106.405844], [111.605713, 26.454364, 106.481934], [111.605715, 26.454361, 106.351266], [111.605755, 26.4543, 106.21966], [111.60576, 26.45429, 106.210718], [111.605766, 26.454281, 105.96482], [111.605811, 26.454211, 106.73254], [111.605819, 26.4542, 106.743525], [111.605827, 26.454186, 106.86584], [111.605859, 26.454122, 106.625681], [111.605864, 26.454112, 107.114951], [111.605867, 26.454099, 107.306725], [111.605883, 26.454027, 107.645355], [111.605886, 26.454015, 107.621012], [111.605889, 26.454001, 107.772722], [111.6059, 26.453936, 107.566438], [111.605901, 26.453926, 107.206109], [111.605904, 26.453904, 107.448225], [111.605915, 26.453845, 107.308633], [111.605919, 26.453831, 106.9367], [111.605924, 26.453816, 107.104978], [111.605942, 26.453748, 107.103135], [111.605943, 26.453738, 107.386385], [111.605943, 26.453727, 107.360467], [111.605941, 26.453652, 107.531494], [111.605941, 26.453642, 107.269739], [111.605938, 26.453631, 106.914366], [111.605922, 26.453554, 106.428563], [111.60592, 26.453545, 106.202594], [111.605921, 26.453534, 106.242332], [111.605929, 26.453462, 106.803077], [111.60593, 26.453455, 106.838843], [111.605936, 26.453442, 106.495671], [111.605968, 26.453387, 105.184315], [111.605968, 26.453387, 105.432942], [111.60597, 26.453389, 105.693287], [111.60592, 26.453342, 106.281485], [111.605914, 26.453334, 106.307904], [111.605913, 26.453325, 106.281059], [111.605906, 26.453248, 106.391788], [111.605905, 26.453237, 106.051179], [111.605903, 26.453224, 105.984289], [111.605887, 26.453154, 104.880135], [111.605885, 26.453146, 104.609089], [111.605882, 26.453129, 104.279603], [111.605869, 26.453062, 103.620059], [111.605866, 26.453057, 103.638281], [111.605861, 26.453041, 103.066333], [111.605838, 26.452968, 103.72741], [111.605838, 26.452963, 104.16473], [111.605841, 26.452951, 104.351723], [111.605843, 26.452924, 104.556875], [111.605844, 26.452909, 104.715465], [111.605845, 26.452899, 104.864254], [111.605853, 26.452863, 105.385229], [111.605866, 26.452804, 105.491536], [111.60587, 26.452788, 105.421471], [111.605875, 26.452769, 105.19125], [111.605894, 26.452704, 106.16404], [111.605899, 26.452694, 106.035172], [111.605905, 26.452684, 105.233778], [111.605945, 26.452617, 105.264029], [111.60595, 26.452609, 105.542616], [111.605953, 26.452599, 105.569219], [111.605978, 26.452519, 105.685637], [111.605982, 26.452507, 105.522011], [111.60599, 26.452495, 105.405014], [111.606041, 26.452454, 105.635133], [111.606057, 26.452454, 105.563171], [111.606073, 26.452463, 105.768692], [111.606128, 26.452501, 106.655941], [111.606138, 26.45251, 106.332917], [111.606143, 26.452524, 107.254793], [111.606163, 26.452593, 106.282064], [111.606164, 26.4526, 106.440087], [111.606174, 26.452608, 106.527324], [111.606192, 26.452639, 106.176318], [111.60614, 26.452558, 104.956364], [111.606137, 26.452553, 104.801013], [111.606136, 26.452552, 104.92628], [111.606069, 26.452492, 104.774296], [111.606057, 26.452479, 104.339211], [111.606047, 26.452463, 104.555718], [111.606027, 26.452414, 104.693478], [111.606019, 26.452386, 104.483754], [111.60602, 26.452372, 104.523901], [111.606037, 26.452319, 105.44468], [111.606048, 26.452299, 105.370158], [111.606056, 26.452289, 105.333128], [111.606086, 26.45224, 105.512902], [111.606101, 26.452212, 105.056738], [111.60611, 26.452205, 104.343348], [111.60615, 26.45217, 105.691523], [111.606209, 26.452209, 105.966657], [111.60622, 26.452215, 106.193742], [111.606233, 26.452221, 105.730334], [111.606309, 26.452252, 105.524773], [111.606321, 26.452257, 105.644435], [111.606335, 26.452264, 105.660728], [111.606404, 26.4523, 105.428335], [111.606411, 26.452304, 105.626819], [111.606426, 26.452306, 105.447866], [111.606503, 26.452316, 105.329904], [111.606512, 26.452317, 105.237473], [111.606524, 26.452325, 105.415147], [111.606589, 26.452365, 104.903607], [111.606598, 26.452367, 104.817356], [111.606611, 26.452368, 104.761714], [111.606693, 26.452375, 105.055114], [111.606703, 26.452376, 104.942917], [111.606715, 26.452377, 105.133866], [111.606838, 26.452389, 106.787536], [111.606828, 26.452386, 106.271522], [111.606819, 26.452387, 105.927954], [111.606738, 26.4524, 105.52326], [111.606727, 26.452402, 105.492861], [111.606714, 26.452401, 105.375333], [111.606639, 26.452388, 105.561392], [111.606621, 26.452384, 105.440911], [111.606621, 26.452383, 105.727362], [111.606626, 26.452489, 105.498769], [111.606629, 26.452499, 105.351572], [111.606631, 26.452512, 105.009264], [111.606639, 26.452587, 104.599921], [111.606638, 26.452595, 104.753988], [111.606632, 26.452598, 105.11087], [111.606548, 26.452632, 105.726334], [111.606539, 26.452635, 105.478798], [111.606534, 26.452632, 105.391801], [111.606487, 26.452616, 106.343559], [111.60648, 26.452618, 105.810641], [111.606431, 26.45263, 105.50647], [111.606391, 26.452641, 105.514312], [111.606369, 26.452648, 105.368878], [111.606328, 26.452664, 105.467485], [111.606291, 26.452678, 105.444125], [111.606279, 26.452685, 105.537972], [111.606281, 26.45269, 106.038783], [111.606287, 26.452725, 105.500001], [111.606286, 26.452728, 105.127026], [111.60628, 26.452784, 105.064179], [111.606277, 26.452809, 105.080318], [111.606277, 26.452809, 105.141121], [111.606286, 26.452817, 106.348426], [111.606322, 26.452839, 105.961942], [111.606364, 26.452862, 106.16707], [111.606369, 26.452869, 105.812766], [111.606334, 26.45279, 104.86322], [111.606317, 26.452751, 105.475938], [111.606318, 26.45275, 105.175873], [111.606348, 26.452688, 105.163698], [111.606355, 26.452661, 104.534702], [111.606351, 26.452655, 104.616045], [111.606301, 26.452601, 104.734461], [111.606286, 26.45259, 105.017747], [111.606275, 26.452586, 104.784877], [111.606203, 26.452565, 104.64349], [111.606189, 26.452562, 104.602365], [111.606176, 26.452555, 104.310601], [111.606106, 26.452521, 105.173377], [111.606096, 26.452514, 105.284551], [111.606084, 26.452504, 105.402418], [111.606028, 26.452458, 105.292696], [111.606024, 26.452452, 105.263287], [111.606026, 26.452438, 105.358328], [111.606035, 26.452358, 105.136047], [111.606038, 26.452346, 105.154579], [111.606043, 26.452332, 105.172954], [111.60607, 26.452259, 104.946563], [111.606075, 26.452246, 105.337543], [111.606082, 26.452232, 105.504185], [111.606113, 26.452174, 105.403806], [111.60612, 26.452162, 105.256002], [111.606127, 26.452149, 105.037517], [111.606162, 26.452085, 105.403266], [111.606167, 26.45208, 105.290033], [111.606176, 26.452069, 105.421439], [111.606207, 26.452032, 105.19259], [111.606207, 26.452032, 105.627206], [111.606217, 26.45201, 104.860166], [111.606246, 26.451947, 104.474294], [111.606256, 26.451929, 104.323517], [111.606269, 26.451911, 103.982026], [111.60631, 26.451862, 104.44582], [111.606323, 26.451848, 104.315319], [111.606335, 26.451837, 104.594113], [111.606348, 26.451795, 104.712442], [111.60635, 26.451768, 104.324699], [111.606353, 26.451731, 104.925522], [111.606352, 26.451723, 104.586495], [111.606368, 26.451665, 104.223231], [111.606382, 26.451618, 104.549825], [111.606383, 26.451618, 104.414483], [111.606272, 26.451817, 104.535606], [111.606272, 26.451817, 104.777238], [111.606311, 26.451842, 104.964693], [111.6065, 26.451987, 105.518852], [111.606672, 26.452104, 105.968269], [111.606781, 26.452162, 105.725087], [111.606813, 26.452178, 105.180622], [111.606814, 26.452178, 105.474315], [111.606883, 26.452187, 105.575724], [111.606924, 26.452195, 105.445526], [111.606947, 26.452202, 105.429886], [111.606993, 26.452214, 105.539871], [111.607036, 26.452226, 105.715821], [111.607056, 26.452231, 105.816238], [111.607091, 26.452242, 105.754025], [111.607133, 26.452257, 105.534194], [111.607158, 26.452267, 105.433252], [111.607169, 26.452284, 105.640049], [111.607188, 26.452316, 105.957379], [111.607187, 26.452316, 106.206419], [111.607237, 26.452297, 106.507254], [111.607237, 26.452297, 106.385158], [111.607239, 26.452304, 106.057311], [111.607257, 26.452382, 106.491978], [111.60726, 26.452391, 106.390129], [111.607264, 26.452402, 106.35404], [111.607293, 26.452482, 106.404694], [111.607298, 26.452499, 106.298523], [111.607306, 26.452521, 106.366221], [111.60732, 26.452567, 106.682475], [111.607326, 26.452589, 106.652355], [111.60733, 26.452609, 106.470924], [111.607339, 26.452655, 106.606785], [111.607343, 26.452677, 106.551153], [111.607347, 26.452705, 106.161496], [111.607347, 26.452747, 106.563702], [111.607345, 26.452772, 106.788936], [111.607342, 26.452796, 107.065809], [111.607337, 26.452838, 106.899942], [111.607334, 26.452862, 107.111197], [111.607331, 26.452891, 107.082728], [111.607327, 26.452928, 106.865522], [111.607323, 26.452956, 107.138138], [111.60732, 26.452991, 106.986114], [111.607316, 26.453029, 106.829038], [111.607313, 26.45305, 106.566802], [111.607312, 26.45309, 106.914666], [111.607312, 26.453133, 107.065638], [111.607312, 26.453144, 107.42177], [111.607315, 26.453182, 108.243912], [111.607322, 26.453225, 109.649736], [111.607326, 26.453239, 109.539599], [111.607334, 26.453272, 109.877743], [111.607343, 26.45332, 108.815271], [111.607342, 26.45333, 108.630597], [111.607338, 26.453373, 108.78981], [111.607333, 26.45342, 108.702891], [111.607331, 26.453434, 108.3667], [111.607325, 26.453463, 108.350654], [111.607314, 26.45352, 108.170107], [111.607313, 26.453532, 108.088577], [111.607311, 26.453559, 108.082547], [111.607307, 26.453617, 108.331736], [111.607307, 26.453629, 108.822742], [111.607306, 26.453657, 108.501397], [111.607305, 26.453713, 108.428482], [111.607305, 26.453725, 108.585832], [111.607306, 26.45375, 108.360484], [111.607309, 26.453815, 108.670104], [111.607309, 26.453827, 108.546192], [111.60731, 26.453841, 108.590643], [111.607315, 26.453921, 109.015247], [111.607316, 26.453935, 109.165569], [111.607316, 26.453949, 109.091809], [111.607319, 26.454022, 109.719884], [111.607318, 26.454034, 110.179953], [111.607316, 26.454048, 110.190086], [111.60731, 26.454121, 110.29142], [111.607309, 26.454132, 110.565391], [111.607309, 26.454146, 110.48788], [111.607305, 26.454218, 111.275256], [111.607305, 26.454226, 111.343424], [111.607306, 26.454235, 111.05236], [111.607317, 26.454317, 110.617914], [111.607319, 26.454327, 110.847417], [111.607321, 26.454339, 110.850385], [111.607335, 26.454406, 112.257726], [111.607336, 26.454416, 112.30698], [111.607334, 26.454427, 112.415003], [111.607319, 26.454496, 112.405026], [111.607317, 26.454504, 112.503035], [111.607312, 26.454513, 112.858902], [111.607268, 26.454575, 111.877511], [111.607264, 26.454576, 111.40024], [111.607243, 26.454569, 111.54501], [111.607155, 26.454539, 111.244807], [111.607137, 26.454531, 111.064144], [111.607116, 26.45452, 110.913082], [111.607051, 26.454486, 111.227022], [111.607028, 26.454474, 110.807838], [111.607005, 26.454465, 110.642229], [111.606946, 26.454444, 110.322753], [111.606928, 26.454439, 110.069218], [111.606912, 26.454437, 109.942569], [111.606846, 26.45443, 110.067935], [111.60682, 26.454428, 110.043404], [111.606807, 26.454429, 109.748054], [111.606735, 26.454432, 110.098093], [111.606711, 26.45443, 110.33668], [111.606696, 26.454431, 110.363259], [111.606627, 26.454442, 110.686797], [111.606602, 26.454447, 110.577023], [111.606589, 26.454447, 110.7898], [111.606517, 26.454444, 111.161784], [111.606498, 26.454443, 110.962047], [111.606488, 26.454441, 110.872969], [111.606415, 26.454431, 109.595244], [111.606393, 26.454427, 109.919902], [111.606381, 26.454426, 110.246961], [111.606314, 26.454422, 109.92874], [111.606287, 26.454423, 109.421261], [111.606274, 26.454427, 109.219197], [111.606207, 26.454451, 109.534393], [111.606197, 26.454457, 109.548099], [111.606187, 26.454469, 109.037143], [111.606131, 26.454539, 108.387406], [111.60612, 26.454556, 108.091306], [111.606105, 26.454572, 108.643607], [111.606061, 26.454614, 108.514416], [111.606045, 26.454625, 108.246173], [111.60603, 26.454626, 107.628798], [111.60596, 26.454626, 107.5795], [111.60594, 26.454626, 107.298506], [111.605928, 26.454627, 107.433363], [111.605858, 26.454628, 107.45516], [111.605841, 26.454621, 107.535533], [111.605829, 26.454609, 108.349948], [111.605778, 26.454557, 107.93134], [111.605772, 26.454548, 107.308987], [111.605764, 26.454536, 107.699064], [111.60572, 26.454468, 107.58068], [111.605711, 26.454458, 107.4948], [111.605699, 26.454448, 107.011073], [111.605636, 26.454405, 105.851329], [111.605624, 26.454399, 106.254301], [111.60561, 26.454395, 106.085802], [111.605526, 26.454373, 106.714976], [111.605511, 26.45437, 106.770282], [111.605493, 26.45437, 106.730696], [111.605421, 26.454367, 106.813139], [111.605409, 26.454366, 106.75504], [111.605384, 26.454364, 106.403097], [111.605318, 26.454357, 106.41768], [111.605308, 26.454356, 106.349361], [111.605285, 26.454356, 106.332104], [111.605211, 26.454355, 106.779626], [111.605196, 26.454354, 106.804866], [111.60518, 26.454353, 106.153259], [111.605106, 26.454347, 106.020687], [111.605089, 26.454347, 106.117049], [111.605072, 26.454351, 105.90511], [111.604997, 26.45437, 105.866881], [111.604986, 26.454374, 105.701222], [111.604972, 26.454382, 105.753558], [111.604909, 26.45442, 106.255299], [111.604898, 26.454427, 106.342757], [111.604885, 26.454432, 106.408015], [111.604813, 26.454451, 106.914113], [111.6048, 26.454452, 107.226217], [111.604785, 26.454447, 107.762121], [111.604713, 26.454419, 108.53861], [111.604699, 26.454413, 108.700245], [111.604682, 26.454406, 109.010598], [111.604609, 26.45438, 109.378251], [111.604594, 26.454376, 109.57922], [111.604577, 26.454371, 109.428139], [111.604506, 26.454355, 109.127157], [111.604493, 26.454353, 109.264588], [111.604477, 26.454351, 109.15677], [111.604397, 26.454339, 109.114261], [111.604387, 26.454338, 109.060246], [111.604376, 26.454337, 109.126825], [111.604297, 26.454328, 109.643894], [111.604285, 26.454327, 109.535964], [111.604272, 26.454326, 109.668939], [111.604195, 26.454322, 108.940842], [111.604183, 26.454322, 108.851681], [111.60417, 26.454322, 108.839109], [111.604095, 26.454317, 110.057708], [111.604076, 26.454315, 110.473972], [111.604071, 26.454311, 110.515163], [111.604031, 26.45428, 110.81812], [111.604033, 26.454394, 108.992864], [111.604028, 26.454403, 109.683375], [111.604012, 26.454416, 109.5711], [111.603945, 26.454468, 109.617015], [111.60393, 26.45448, 110.254465], [111.603911, 26.454494, 111.03049], [111.603866, 26.454528, 110.716936], [111.603848, 26.454543, 111.085715], [111.603839, 26.454555, 111.23134], [111.603806, 26.454607, 112.247192], [111.603793, 26.454618, 112.287149], [111.603775, 26.454622, 112.589525], [111.603706, 26.45463, 112.189283], [111.603695, 26.454628, 112.266912], [111.603665, 26.454617, 112.382126], [111.6036, 26.45459, 112.423823], [111.603587, 26.454583, 112.264718], [111.603572, 26.454576, 112.658627], [111.603512, 26.454546, 113.333432], [111.603499, 26.454541, 113.400502], [111.603484, 26.454537, 113.04566], [111.603409, 26.454518, 113.481526], [111.603397, 26.454514, 113.416879], [111.603385, 26.454507, 113.095472], [111.60332, 26.45447, 113.124426], [111.603309, 26.454464, 113.672392], [111.603296, 26.454461, 113.997268], [111.603222, 26.454445, 113.889881], [111.603209, 26.454443, 113.920423], [111.603193, 26.45444, 114.262586], [111.603118, 26.454424, 115.24856], [111.603107, 26.45442, 114.870278], [111.603097, 26.454413, 114.188604], [111.603028, 26.45437, 115.05152], [111.60302, 26.454364, 115.220374], [111.603009, 26.454358, 115.769423], [111.602937, 26.454325, 118.115591], [111.602927, 26.454322, 118.442591], [111.602914, 26.454321, 117.964714], [111.602831, 26.454315, 119.256895], [111.60282, 26.454316, 118.445755], [111.602811, 26.454321, 118.235476], [111.60274, 26.454354, 117.956491], [111.602724, 26.45436, 118.845443], [111.602715, 26.454359, 119.007314], [111.602633, 26.454354, 118.203023], [111.602621, 26.454352, 117.878836], [111.602607, 26.454348, 117.832207], [111.602534, 26.45433, 117.631175], [111.602525, 26.454331, 117.725175], [111.602502, 26.454332, 117.346657], [111.602419, 26.454337, 118.207723], [111.602408, 26.454338, 118.459175], [111.602394, 26.454337, 118.9994], [111.602317, 26.454327, 120.120676], [111.602306, 26.454322, 120.947645], [111.6023, 26.454325, 121.152432], [111.602356, 26.454295, 116.801028], [111.602362, 26.454295, 117.102001], [111.602408, 26.454288, 116.592375], [111.602468, 26.454278, 116.824994], [111.602491, 26.454273, 116.116471], [111.602511, 26.454267, 116.19476], [111.602569, 26.454246, 114.905129], [111.602585, 26.454238, 114.836607], [111.602596, 26.454226, 114.604206], [111.602642, 26.454177, 114.761525], [111.60265, 26.454166, 114.782623], [111.60266, 26.454154, 114.569819], [111.60271, 26.454092, 113.630745], [111.602717, 26.454081, 114.422125], [111.602727, 26.45407, 114.157366], [111.602787, 26.454044, 115.693316], [111.6028, 26.45404, 116.128694], [111.602799, 26.45404, 116.128694], [111.602822, 26.454059, 115.612631], [111.60282, 26.454072, 116.601395], [111.602808, 26.454111, 116.508781], [111.602754, 26.454284, 115.326541], [111.602753, 26.454289, 115.728498], [111.602753, 26.45429, 115.940598], [111.602761, 26.454387, 117.427958], [111.602771, 26.454426, 117.482327], [111.602815, 26.454584, 117.009632], [111.60282, 26.454601, 116.77103], [111.602821, 26.454602, 116.656077], [111.602555, 26.45445, 117.905965], [111.602555, 26.45445, 118.053347], [111.602555, 26.454449, 118.042132], [111.60239, 26.454422, 117.816129], [111.602297, 26.454402, 118.265886], [111.602171, 26.454372, 117.10937], [111.602028, 26.454334, 116.188091], [111.601876, 26.454292, 115.71221], [111.601727, 26.454248, 115.382591], [111.601588, 26.454204, 115.221795], [111.601458, 26.45416, 114.982608], [111.601337, 26.454118, 115.203125], [111.601227, 26.454078, 114.654012], [111.601128, 26.454043, 113.999157], [111.601041, 26.454014, 113.725543], [111.600969, 26.453989, 113.518395], [111.600909, 26.453967, 113.518118], [111.600862, 26.453948, 113.456127], [111.600829, 26.453934, 113.434838], [111.600807, 26.45393, 113.476838], [111.600969, 26.453965, 113.475858], [111.600996, 26.453973, 113.502486], [111.601033, 26.453986, 113.618768], [111.601076, 26.454002, 113.764113], [111.601301, 26.454087, 113.679092], [111.601317, 26.454093, 113.982615], [111.601319, 26.454094, 114.220203], [111.601456, 26.454122, 114.075022], [111.601526, 26.454137, 114.203953], [111.601611, 26.454165, 114.210875], [111.601963, 26.45428, 115.05311], [111.601963, 26.45428, 115.316851], [111.601963, 26.45428, 115.369643], [111.602024, 26.454201, 115.315552], [111.602148, 26.454041, 115.167488], [111.60216, 26.454023, 115.158496], [111.602213, 26.453946, 114.894252], [111.602216, 26.453941, 114.952708], [111.602216, 26.453941, 114.803683], [111.602302, 26.453886, 114.74265], [111.602316, 26.453879, 114.74265], [111.602337, 26.453868, 114.737549], [111.602396, 26.453838, 114.728369], [111.602409, 26.453834, 114.724329], [111.602433, 26.453837, 114.77454], [111.602497, 26.453849, 114.910459], [111.60251, 26.453853, 114.960887], [111.60253, 26.453866, 114.929044], [111.602573, 26.453906, 115.317004], [111.602574, 26.453919, 115.380884], [111.602563, 26.453941, 115.536028], [111.602558, 26.453945, 115.552011], [111.602558, 26.45395, 115.576908], [111.602549, 26.453908, 115.487774], [111.602549, 26.453908, 115.48151], [111.602546, 26.453908, 115.48151], [111.602509, 26.453905, 115.079275], [111.602492, 26.453902, 115.355753], [111.60249, 26.453902, 115.143764], [111.602547, 26.453873, 116.338663], [111.60256, 26.453866, 116.182922], [111.60256, 26.453865, 116.335281], [111.602549, 26.453923, 115.50193], [111.602548, 26.453928, 115.404713], [111.602548, 26.453929, 115.470576], [111.602575, 26.45389, 115.960902], [111.602576, 26.453888, 115.960902], [111.602575, 26.453886, 115.960902], [111.602565, 26.453858, 115.719513], [111.602566, 26.453857, 115.694324], [111.602503, 26.453951, 115.776401], [111.602481, 26.454, 116.726484], [111.602481, 26.454, 116.760989], [111.602482, 26.454, 116.614835], [111.602455, 26.453972, 117.706005], [111.602429, 26.453946, 117.631863], [111.602409, 26.453926, 117.797347], [111.602382, 26.453899, 116.744773], [111.602359, 26.453879, 116.263256], [111.602334, 26.453859, 116.03177], [111.602287, 26.453822, 115.952763], [111.602277, 26.453813, 114.970172], [111.602254, 26.453799, 114.741124], [111.602219, 26.45378, 115.021783], [111.602219, 26.453781, 114.935415], [111.602191, 26.453847, 114.2812], [111.602177, 26.45388, 114.467852], [111.602176, 26.453881, 114.463084], [111.60214, 26.453945, 115.456799], [111.602085, 26.454054, 115.235429], [111.60208, 26.454076, 115.454173], [111.602087, 26.454066, 114.764223], [111.602149, 26.453981, 116.694938], [111.602159, 26.45397, 117.207616], [111.602172, 26.453956, 117.20912], [111.602216, 26.453909, 117.545701], [111.60223, 26.453894, 117.630144], [111.602243, 26.453879, 117.298938], [111.602278, 26.453841, 116.809848], [111.602297, 26.453821, 116.569745], [111.602315, 26.453803, 116.495869], [111.602347, 26.453767, 116.679066], [111.602351, 26.453746, 116.477978], [111.602346, 26.45372, 115.738861], [111.602342, 26.453674, 116.925057], [111.602352, 26.453662, 115.936003], [111.602381, 26.453639, 114.983829], [111.602389, 26.453635, 114.90015], [111.602391, 26.453634, 115.166399], [111.602416, 26.45362, 114.686765], [111.60242, 26.453614, 114.680492], [111.602458, 26.453549, 115.923212], [111.602466, 26.453535, 116.232398], [111.602476, 26.453522, 116.470741], [111.602515, 26.453473, 116.180651], [111.60253, 26.453454, 116.001437], [111.602537, 26.453444, 115.960956], [111.602564, 26.453394, 116.175141], [111.602574, 26.453371, 116.064522], [111.602582, 26.453357, 115.546069], [111.602621, 26.45332, 115.226241], [111.602644, 26.453311, 116.031365], [111.602669, 26.45331, 115.566105], [111.602735, 26.453312, 115.226287], [111.602747, 26.453316, 114.816542], [111.602773, 26.453323, 115.414627], [111.60284, 26.453341, 115.460421], [111.602852, 26.453343, 116.224283], [111.602877, 26.453349, 116.447515], [111.602904, 26.453357, 115.765721], [111.602904, 26.453357, 115.765721], [111.602887, 26.453381, 114.928501], [111.602881, 26.453391, 114.928501], [111.60288, 26.453392, 114.928501], [111.602915, 26.453353, 114.673426], [111.602929, 26.453336, 114.510974], [111.602932, 26.453335, 114.522929], [111.602857, 26.453349, 113.613306], [111.60283, 26.453353, 114.156537], [111.602818, 26.453355, 114.308442], [111.602749, 26.453366, 114.585032], [111.602719, 26.45337, 114.137342], [111.602705, 26.453372, 114.492523], [111.602649, 26.453378, 116.078709], [111.602614, 26.453381, 115.128606], [111.602606, 26.453381, 114.962284], [111.602542, 26.453382, 115.548911], [111.602501, 26.453384, 116.102427], [111.60249, 26.453382, 115.810426], [111.602429, 26.453369, 115.640856], [111.602403, 26.453364, 115.291486], [111.60239, 26.453364, 114.858849], [111.602326, 26.453367, 114.033367], [111.60232, 26.453368, 114.639058], [111.602322, 26.453368, 114.639058], [111.602372, 26.453384, 112.011866], [111.602381, 26.453391, 112.382569], [111.602383, 26.453399, 112.401367], [111.602402, 26.453484, 114.707827], [111.602403, 26.4535, 114.798085], [111.602402, 26.453518, 115.276958], [111.602398, 26.453585, 115.667779], [111.602397, 26.453597, 115.540696], [111.602393, 26.453611, 115.651215], [111.602362, 26.453674, 115.85634], [111.602356, 26.453675, 115.588571], [111.602329, 26.453674, 115.067421], [111.602308, 26.453671, 115.09275], [111.602308, 26.453671, 115.09275], [111.602284, 26.453732, 113.351675], [111.602284, 26.453732, 113.053441], [111.602284, 26.453732, 113.143943], [111.602319, 26.453822, 114.383696], [111.60232, 26.453829, 114.940775], [111.60232, 26.453836, 114.698463], [111.602334, 26.453913, 114.075963], [111.602337, 26.453915, 114.320245], [111.602354, 26.453925, 114.96381], [111.602417, 26.453965, 114.599307], [111.602425, 26.453969, 114.688661], [111.602443, 26.453973, 114.487903], [111.602516, 26.453987, 114.693793], [111.602516, 26.453987, 114.8531], [111.602516, 26.453987, 114.8531], [111.602597, 26.453981, 115.81273], [111.602595, 26.453982, 115.658201], [111.602586, 26.453978, 115.648257], [111.602546, 26.453955, 115.647938], [111.602516, 26.453938, 115.765769], [111.602514, 26.453939, 115.938164], [111.602438, 26.453954, 115.778937], [111.602413, 26.453953, 115.636476], [111.602396, 26.453947, 115.562234], [111.602336, 26.453923, 115.932552], [111.602317, 26.453915, 115.828909], [111.602299, 26.453911, 115.794879], [111.602238, 26.453908, 115.843186], [111.602221, 26.453915, 115.556411], [111.602205, 26.453929, 115.764815], [111.602166, 26.453971, 114.99097], [111.602148, 26.453992, 114.757049], [111.602141, 26.454005, 114.547136], [111.602115, 26.454061, 115.200523], [111.602106, 26.454085, 114.739332], [111.602105, 26.454098, 115.338673], [111.602101, 26.454155, 115.388542], [111.602098, 26.454179, 114.920624], [111.602092, 26.454185, 115.480764], [111.602033, 26.454224, 115.00214], [111.602011, 26.454233, 115.122263], [111.602, 26.454232, 115.504887], [111.601935, 26.454217, 116.204929], [111.601915, 26.454208, 116.860535], [111.601907, 26.454202, 116.941577], [111.60185, 26.454165, 116.053063], [111.601831, 26.454152, 116.242462], [111.601819, 26.454146, 116.403266], [111.601755, 26.454112, 115.628783], [111.601744, 26.454105, 116.292718], [111.60174, 26.454097, 116.225548], [111.601718, 26.454028, 114.123649], [111.601717, 26.454015, 113.978865], [111.601719, 26.454008, 113.741382], [111.601749, 26.453937, 113.472697], [111.601753, 26.453931, 113.156727], [111.601757, 26.453923, 113.242667], [111.601794, 26.453855, 112.595779], [111.601797, 26.453847, 112.369621], [111.601801, 26.453837, 112.44661], [111.601828, 26.45377, 112.373672], [111.601833, 26.453759, 112.688928], [111.601841, 26.453747, 112.696934], [111.601885, 26.453683, 112.837527], [111.601892, 26.453675, 112.534876], [111.601899, 26.453665, 112.308368], [111.601943, 26.453605, 112.635607], [111.601948, 26.453595, 112.641077], [111.601952, 26.453583, 113.019633], [111.601977, 26.45351, 113.237997], [111.60198, 26.4535, 113.35323], [111.601984, 26.453488, 113.098215], [111.602014, 26.453414, 113.142264], [111.602019, 26.453405, 112.879805], [111.602026, 26.453396, 112.817985], [111.602076, 26.453333, 112.584989], [111.60208, 26.453327, 111.974184], [111.602081, 26.453321, 111.989044], [111.602084, 26.45331, 111.668022], [111.602092, 26.453282, 111.23719], [111.602094, 26.453278, 111.287273], [111.602106, 26.453219, 111.953356], [111.602107, 26.453203, 111.163566], [111.602108, 26.453202, 111.118446], [111.602119, 26.453187, 111.139702], [111.602167, 26.453124, 110.194392], [111.602176, 26.453112, 110.357117], [111.602187, 26.453098, 110.46484], [111.60223, 26.453039, 110.464088], [111.602237, 26.453027, 110.436434], [111.602242, 26.453014, 110.223421], [111.602266, 26.452951, 111.064278], [111.602271, 26.452935, 110.687907], [111.602276, 26.452929, 110.331735], [111.60232, 26.452868, 109.42956], [111.60233, 26.452853, 109.775765], [111.602336, 26.452846, 109.57977], [111.602386, 26.452791, 109.29746], [111.602392, 26.452784, 109.326425], [111.602399, 26.452777, 109.319289], [111.602455, 26.452725, 108.807545], [111.602463, 26.452718, 109.428014], [111.602473, 26.452711, 109.403978], [111.602544, 26.452665, 109.211631], [111.602552, 26.45266, 109.54758], [111.602562, 26.452656, 109.588798], [111.602641, 26.452632, 109.997691], [111.602649, 26.45263, 109.98574], [111.602657, 26.452627, 110.357634], [111.60274, 26.452585, 109.180693], [111.602749, 26.452579, 109.427212], [111.602757, 26.45258, 109.546858], [111.602844, 26.4526, 108.315527], [111.60285, 26.452606, 108.398539], [111.602857, 26.452618, 108.812259], [111.602896, 26.452693, 109.61442], [111.602902, 26.452706, 109.889271], [111.602906, 26.452721, 109.986611], [111.602923, 26.452792, 110.333172], [111.602921, 26.452801, 110.475202], [111.602919, 26.452801, 110.689625], [111.602819, 26.452797, 112.070146], [111.602817, 26.452795, 112.295074], [111.602816, 26.452789, 112.379017], [111.602816, 26.45276, 112.088136], [111.602815, 26.452763, 111.795518], [111.60277, 26.452829, 112.179319], [111.60277, 26.452829, 112.698632], [111.60277, 26.452829, 112.235165], [111.602713, 26.452923, 113.582432], [111.602705, 26.452938, 112.979858], [111.602698, 26.452955, 113.000353], [111.602679, 26.453013, 114.362927], [111.602675, 26.453033, 114.375436], [111.602675, 26.453043, 114.224283], [111.602653, 26.453102, 112.869276], [111.602644, 26.453119, 111.496805], [111.602635, 26.453125, 111.37712], [111.60263, 26.45314, 111.598886], [111.602667, 26.453023, 111.604631], [111.602672, 26.453009, 111.124925], [111.602682, 26.453006, 111.283034], [111.60282, 26.45297, 113.400536], [111.602861, 26.453008, 113.269952], [111.602862, 26.453008, 114.07654], [111.602862, 26.453008, 112.902185], [111.60285, 26.452923, 111.938951], [111.60285, 26.452923, 111.78799], [111.602848, 26.452918, 112.674809], [111.602811, 26.452826, 111.689493], [111.602807, 26.452814, 111.624997], [111.602808, 26.452814, 111.857882], [111.602902, 26.452786, 111.911078], [111.602912, 26.452784, 111.906966], [111.602924, 26.452785, 111.947145], [111.603003, 26.452792, 112.204001], [111.603013, 26.452795, 112.323744], [111.603024, 26.452801, 112.619212], [111.60309, 26.452842, 112.003008], [111.603102, 26.45285, 112.345748], [111.603116, 26.452861, 113.377625], [111.603173, 26.452901, 112.907591], [111.603184, 26.452907, 112.998852], [111.603208, 26.452915, 112.966177], [111.603269, 26.452935, 111.538283], [111.603279, 26.452936, 111.955276], [111.603304, 26.45294, 110.951696], [111.603373, 26.452951, 110.490168], [111.603382, 26.452949, 110.495262], [111.603399, 26.45294, 110.100978], [111.603465, 26.452908, 110.460052], [111.603474, 26.452907, 110.533136], [111.603502, 26.45291, 110.174767], [111.603568, 26.45292, 109.545559], [111.603585, 26.452923, 110.206551], [111.603607, 26.452928, 108.974541], [111.603676, 26.452941, 108.420502], [111.6037, 26.452944, 108.348008], [111.603723, 26.452949, 108.940604], [111.603792, 26.452964, 107.474762], [111.603814, 26.452971, 107.441602], [111.603835, 26.45298, 107.569539], [111.603893, 26.453006, 107.798303], [111.603911, 26.453016, 108.149675], [111.603927, 26.453026, 108.086182], [111.603984, 26.453066, 108.827514], [111.603993, 26.453077, 108.520659], [111.603997, 26.45309, 108.655176], [111.60401, 26.453157, 108.067351], [111.60401, 26.453167, 108.480045], [111.604004, 26.45317, 108.729294], [111.604105, 26.453114, 108.05742], [111.604116, 26.453106, 108.193788], [111.604128, 26.453096, 108.580241], [111.60419, 26.453043, 108.433664], [111.6042, 26.453034, 108.08985], [111.60421, 26.453022, 108.19568], [111.604249, 26.452966, 107.942682], [111.604252, 26.452956, 107.626049], [111.604251, 26.452944, 107.776214], [111.604248, 26.452867, 107.236492], [111.604249, 26.452857, 107.393615], [111.604256, 26.45285, 107.460185], [111.604318, 26.45279, 108.423339], [111.604326, 26.452784, 108.483569], [111.604336, 26.45278, 108.807247], [111.604417, 26.452754, 108.94653], [111.604431, 26.452752, 108.619296], [111.604448, 26.452753, 108.462803], [111.604525, 26.452758, 108.57729], [111.604541, 26.45276, 108.614307], [111.604559, 26.452764, 108.69704], [111.604632, 26.452777, 108.161407], [111.604646, 26.452779, 108.240053], [111.60466, 26.452782, 108.212656], [111.604732, 26.452794, 108.289846], [111.604743, 26.452795, 108.419099], [111.60477, 26.452797, 108.727339], [111.604837, 26.4528, 108.435074], [111.604849, 26.452799, 108.443079], [111.604876, 26.452795, 108.58286], [111.604948, 26.452787, 108.633892], [111.604961, 26.452786, 108.558001], [111.604972, 26.45278, 108.812168], [111.60505, 26.452742, 108.998349], [111.605059, 26.452735, 108.817603], [111.605063, 26.452725, 108.066967], [111.605085, 26.452656, 107.333801], [111.605087, 26.452645, 107.018067], [111.605085, 26.452632, 106.98685], [111.605076, 26.452566, 107.206266], [111.605074, 26.452557, 107.548125], [111.605069, 26.452536, 107.590751], [111.605054, 26.452466, 106.95592], [111.605049, 26.452453, 106.061004], [111.605045, 26.452439, 105.60475], [111.605028, 26.452377, 105.274928], [111.605028, 26.452363, 105.221873], [111.605032, 26.452348, 105.294185], [111.605053, 26.452282, 105.381167], [111.605059, 26.452268, 105.660844], [111.605071, 26.452256, 105.602984], [111.605124, 26.452207, 106.275191], [111.605135, 26.452199, 106.53981], [111.60515, 26.452192, 106.333381], [111.605224, 26.45216, 105.859642], [111.605237, 26.452157, 106.055799], [111.605251, 26.452156, 106.20411], [111.60533, 26.452153, 106.19718], [111.605342, 26.452153, 106.369026], [111.605357, 26.452152, 106.451993], [111.605432, 26.452136, 105.489134], [111.605442, 26.452128, 104.984908], [111.605446, 26.452119, 104.751337], [111.605472, 26.452046, 104.178674], [111.605476, 26.452033, 103.889926], [111.605482, 26.45202, 103.690446], [111.605502, 26.451958, 104.180495], [111.605501, 26.451948, 103.676538], [111.605494, 26.451921, 103.48341], [111.605478, 26.451858, 103.212158], [111.605475, 26.451845, 103.292742], [111.605475, 26.451831, 103.529218], [111.605477, 26.451754, 104.154503], [111.605479, 26.451741, 104.015049], [111.605481, 26.451726, 103.878948], [111.605491, 26.451663, 103.748176], [111.605493, 26.451651, 103.713079], [111.605488, 26.451641, 103.708379], [111.605447, 26.45158, 102.130186], [111.60544, 26.451575, 102.112946], [111.605427, 26.45157, 101.667963], [111.60534, 26.451541, 101.742299], [111.605325, 26.451538, 101.413373], [111.605309, 26.451538, 101.644908], [111.605238, 26.451541, 101.650928], [111.605224, 26.451542, 101.644271], [111.605209, 26.451545, 101.642265], [111.605135, 26.451559, 101.886163], [111.605122, 26.451563, 102.286862], [111.605108, 26.451568, 102.2928], [111.605035, 26.451596, 103.338154], [111.605024, 26.451602, 103.656807], [111.605013, 26.451609, 103.563346], [111.604946, 26.451652, 103.888531], [111.604937, 26.451657, 103.789339], [111.604928, 26.451664, 103.70043], [111.604872, 26.451715, 104.05038], [111.604871, 26.451721, 104.043846], [111.60487, 26.451743, 103.521496], [111.604864, 26.451814, 104.171252], [111.604861, 26.451824, 104.24161], [111.604856, 26.451825, 104.191338], [111.604755, 26.451838, 105.86769], [111.604741, 26.451837, 105.738037], [111.604724, 26.451836, 105.833566], [111.604653, 26.451828, 106.564653], [111.604638, 26.451827, 105.473207], [111.604621, 26.451827, 105.315562], [111.604551, 26.451831, 105.099893], [111.604538, 26.451834, 105.337819], [111.604525, 26.45184, 105.329694], [111.604462, 26.451875, 105.816754], [111.604452, 26.451881, 105.891393], [111.604443, 26.45189, 106.332084], [111.604385, 26.451945, 106.544845], [111.604376, 26.451953, 106.677312], [111.604367, 26.451961, 106.358817], [111.604304, 26.452008, 106.468249], [111.604294, 26.452014, 106.433622], [111.604283, 26.452021, 106.47056], [111.604211, 26.45206, 105.975704], [111.604201, 26.452065, 105.947469], [111.604188, 26.452067, 105.857638], [111.604105, 26.452084, 106.236919], [111.604093, 26.452086, 106.451164], [111.604081, 26.45209, 105.407383], [111.60404, 26.452102, 105.61052], [111.603983, 26.45212, 104.902114], [111.603965, 26.452127, 105.096775], [111.603944, 26.452134, 105.15503], [111.60388, 26.452157, 105.215222], [111.60386, 26.452164, 104.599546], [111.603843, 26.452172, 104.073853], [111.603777, 26.452199, 105.472547], [111.603765, 26.452204, 105.344657], [111.603751, 26.452209, 105.195347], [111.603672, 26.452235, 105.045712], [111.60366, 26.452238, 105.029203], [111.603647, 26.452241, 105.308459], [111.60357, 26.452257, 105.479369], [111.603556, 26.452259, 105.435828], [111.603542, 26.452264, 105.624271], [111.603469, 26.452292, 106.732285], [111.603459, 26.452299, 106.687217], [111.603445, 26.452306, 106.749211], [111.60338, 26.452335, 107.479488], [111.603388, 26.452333, 107.820787], [111.603388, 26.452334, 107.576414], [111.603445, 26.452414, 107.069413], [111.603451, 26.452426, 106.820945], [111.603456, 26.452441, 106.968521], [111.603479, 26.452503, 107.992976], [111.603482, 26.452515, 108.152861], [111.603483, 26.45253, 107.800047], [111.603482, 26.452607, 108.960351], [111.60348, 26.452619, 109.318291], [111.603477, 26.452633, 109.847332], [111.60346, 26.452705, 109.260781], [111.603456, 26.452718, 109.528707], [111.603453, 26.452733, 109.545947], [111.603443, 26.452797, 109.076053], [111.603442, 26.45281, 109.647497], [111.603445, 26.452825, 110.309831], [111.603458, 26.452899, 108.035237], [111.603462, 26.45291, 107.76074], [111.603461, 26.452911, 106.580667], [111.603363, 26.452935, 109.601605], [111.60335, 26.452935, 109.928449], [111.603331, 26.452933, 109.847581], [111.603247, 26.452926, 110.096913], [111.60323, 26.452926, 110.405737], [111.603213, 26.452932, 110.707923], [111.603141, 26.452958, 111.805022], [111.603129, 26.452966, 112.201272], [111.60312, 26.452977, 112.216156], [111.603081, 26.453031, 112.644151], [111.603074, 26.453043, 112.924905], [111.603071, 26.453058, 112.851663], [111.60306, 26.453124, 113.041018], [111.60306, 26.453138, 113.046573], [111.603063, 26.453153, 112.90205], [111.603077, 26.453218, 112.962263], [111.603082, 26.453231, 112.907233], [111.603088, 26.453245, 113.088399], [111.603112, 26.453305, 112.768838], [111.603117, 26.453317, 112.590258], [111.60312, 26.45333, 113.009066], [111.603129, 26.453401, 112.648141], [111.603128, 26.453412, 112.63009], [111.603124, 26.453423, 112.643847], [111.603097, 26.453497, 113.179448], [111.603094, 26.453507, 113.278478], [111.603092, 26.453521, 113.297328], [111.603078, 26.453593, 112.844029], [111.603074, 26.453607, 112.538334], [111.603067, 26.453619, 112.433792], [111.603034, 26.453681, 113.003127], [111.603029, 26.453688, 113.740006], [111.60302, 26.453698, 114.304505], [111.602964, 26.453757, 113.758476], [111.602954, 26.453766, 114.294255], [111.602944, 26.453777, 115.067025], [111.602894, 26.453835, 115.216852], [111.602886, 26.453845, 115.657288], [111.602878, 26.45386, 116.374458], [111.602839, 26.453927, 116.040748], [111.602834, 26.453939, 116.148868], [111.602828, 26.453951, 116.217661], [111.602798, 26.454013, 115.446819], [111.602792, 26.454023, 116.158286], [111.602785, 26.454034, 115.250097], [111.602743, 26.454097, 115.683219], [111.602737, 26.454104, 115.615062], [111.602729, 26.454109, 115.836764], [111.602663, 26.454163, 115.665298], [111.602652, 26.454172, 115.595391], [111.602642, 26.454183, 116.14806], [111.60259, 26.454235, 115.45285], [111.60258, 26.454244, 115.775177], [111.602566, 26.454253, 116.316678], [111.602505, 26.454295, 116.925146], [111.602492, 26.454303, 116.698377], [111.602476, 26.454307, 116.654883], [111.602408, 26.454321, 116.741384], [111.602395, 26.454321, 116.556462], [111.602364, 26.45432, 117.287306], [111.602292, 26.454319, 116.582544], [111.602276, 26.45432, 117.029253], [111.602261, 26.454316, 115.877107], [111.602184, 26.454296, 113.524164], [111.602169, 26.45429, 113.740349], [111.602152, 26.454282, 114.649727], [111.6021, 26.454252, 115.970168], [111.602084, 26.454242, 116.381078], [111.602078, 26.454229, 116.518891], [111.602069, 26.45417, 115.787443], [111.602072, 26.454141, 115.791035], [111.602082, 26.454126, 116.236256], [111.602117, 26.454104, 119.450775], [111.602152, 26.454079, 116.969204], [111.602159, 26.454069, 116.382674], [111.602185, 26.45403, 116.344751], [111.602206, 26.453997, 115.839982], [111.602214, 26.453984, 116.08095], [111.602236, 26.453943, 116.543506], [111.602251, 26.453917, 116.093977], [111.602263, 26.453909, 116.198526], [111.602319, 26.453888, 116.020781], [111.602344, 26.453885, 115.685477], [111.602356, 26.453889, 116.037169], [111.602426, 26.45392, 116.453772], [111.602439, 26.453927, 116.370329], [111.602454, 26.453935, 116.475329], [111.602514, 26.453969, 116.993425], [111.602527, 26.453975, 117.186879], [111.602536, 26.453971, 116.220745], [111.602536, 26.453971, 115.607131], [111.602514, 26.453923, 115.322001], [111.602514, 26.453923, 115.113521], [111.602635, 26.453895, 115.643467], [111.602569, 26.453912, 115.407186], [111.60257, 26.453913, 115.327021], [111.602544, 26.45388, 115.396879], [111.602503, 26.453938, 115.202096], [111.602479, 26.453845, 115.440518], [111.602657, 26.454032, 100.026303], [111.602657, 26.454032, 100.026303], [111.602657, 26.454032, 100.026303], [111.602519, 26.453887, 115.39441], [111.602519, 26.453887, 115.39441], [111.602519, 26.453887, 115.39441], [111.602483, 26.453914, 115.438203], [111.602459, 26.45393, 115.438203], [111.602458, 26.453932, 115.438203], [111.60247, 26.454025, 115.589711], [111.602464, 26.453978, 115.388831], [111.602466, 26.454022, 115.387522], [111.602463, 26.453927, 115.237418], [111.602425, 26.454006, 115.766193], [111.602489, 26.453947, 115.167375], [111.602514, 26.453925, 114.809007], [111.602516, 26.453923, 114.867722], [111.602519, 26.453912, 114.934414], [111.602537, 26.453901, 115.544409], [111.602562, 26.45389, 115.027053], [111.602565, 26.45389, 114.849197], [111.602576, 26.453883, 115.061835], [111.602475, 26.453945, 115.288629], [111.602467, 26.453949, 115.343518], [111.60246, 26.453954, 115.298805], [111.602421, 26.453983, 115.328462], [111.602421, 26.453983, 115.328462], [111.602421, 26.453983, 115.328462], [111.602462, 26.453973, 115.579011], [111.602465, 26.453972, 115.579011], [111.602465, 26.453972, 115.579011], [111.602355, 26.453892, 115.357268], [111.602355, 26.453892, 115.141792], [111.602355, 26.453892, 115.247667], [111.602281, 26.453983, 114.586012], [111.602145, 26.454156, 114.108001], [111.602128, 26.454178, 114.309237], [111.602129, 26.454181, 114.72975], [111.602142, 26.454258, 115.770289], [111.602146, 26.454278, 115.915176], [111.602152, 26.454301, 115.794639], [111.602172, 26.454358, 116.323895], [111.60219, 26.454387, 116.4648], [111.602216, 26.454411, 116.906364], [111.602252, 26.45442, 116.892533], [111.602489, 26.454482, 117.454007], [111.602505, 26.454486, 117.335249], [111.602507, 26.454486, 116.959358], [111.602704, 26.454559, 116.769727], [111.602795, 26.454592, 116.380713], [111.602916, 26.454635, 115.613926], [111.603051, 26.454682, 115.564996], [111.603192, 26.45473, 115.178285], [111.603334, 26.454774, 114.530314], [111.603475, 26.454818, 114.0653], [111.603609, 26.45486, 114.191048], [111.603737, 26.454902, 113.36021], [111.603858, 26.454941, 113.735878], [111.603971, 26.454979, 113.434842], [111.604078, 26.455017, 112.364375], [111.604178, 26.455058, 111.626107], [111.604271, 26.455099, 111.774389], [111.604362, 26.45514, 111.354221], [111.604449, 26.455179, 111.345612], [111.604533, 26.455216, 111.534182], [111.604613, 26.455251, 110.780372], [111.60469, 26.455286, 110.68947], [111.604769, 26.455323, 110.020374], [111.604849, 26.45536, 110.416245], [111.60493, 26.455396, 110.594594], [111.605016, 26.45543, 110.714011], [111.605104, 26.455462, 110.831688], [111.605196, 26.455493, 110.802182], [111.605294, 26.455525, 110.630479], [111.605397, 26.455559, 110.609893], [111.605505, 26.455596, 110.259295], [111.605616, 26.455635, 109.718999], [111.605728, 26.455677, 109.500523], [111.605841, 26.455722, 109.896419], [111.605951, 26.455768, 110.328598], [111.606063, 26.455816, 110.27377], [111.606175, 26.455863, 110.345777], [111.606285, 26.45591, 110.119282], [111.606392, 26.455954, 110.131107], [111.606489, 26.455992, 110.404523], [111.606573, 26.456022, 110.5219], [111.606647, 26.456043, 110.841984], [111.606711, 26.45606, 111.005349], [111.60676, 26.456071, 111.034403], [111.606789, 26.456073, 111.508495], [111.606806, 26.456082, 111.954217], [111.606677, 26.456019, 112.366898], [111.606665, 26.456016, 112.282594], [111.606657, 26.456014, 112.4463], [111.606747, 26.456037, 112.575444], [111.606747, 26.456037, 112.355085], [111.606747, 26.456037, 112.395374], [111.606797, 26.456063, 112.601889], [111.606839, 26.456085, 112.391935], [111.606873, 26.456101, 112.607177], [111.606925, 26.456125, 112.722835], [111.60699, 26.456153, 112.559909], [111.607065, 26.456185, 112.474788], [111.607146, 26.456219, 112.495619], [111.607229, 26.456254, 112.411983], [111.60731, 26.456289, 112.459667], [111.60739, 26.456324, 112.443802], [111.607466, 26.456358, 112.537328], [111.607539, 26.456392, 112.555033], [111.607609, 26.456424, 112.556246], [111.607676, 26.456453, 112.448826], [111.60774, 26.456477, 112.673097], [111.607801, 26.456497, 112.686315], [111.607856, 26.456513, 112.413122], [111.607905, 26.456524, 112.372061], [111.607948, 26.456527, 112.231787], [111.607984, 26.456525, 112.259609], [111.608017, 26.456519, 112.053295], [111.608049, 26.45651, 112.160653], [111.608078, 26.456497, 112.088372], [111.608104, 26.456482, 112.110106], [111.60813, 26.456462, 112.115881], [111.608153, 26.456437, 112.335518], [111.608173, 26.456408, 112.408888], [111.608191, 26.456377, 112.469795], [111.608207, 26.456343, 112.574709], [111.608222, 26.456308, 112.977468], [111.608236, 26.456272, 112.955227], [111.608248, 26.456238, 112.66282], [111.608258, 26.456205, 112.847318], [111.608267, 26.456174, 112.649804], [111.608275, 26.456145, 112.595493], [111.60828, 26.456119, 112.61188], [111.60829, 26.456075, 112.488565], [111.608295, 26.456056, 112.49644], [111.608307, 26.456019, 112.477692], [111.608321, 26.455974, 112.365466], [111.60833, 26.455947, 112.198217], [111.608341, 26.45592, 111.892665], [111.608353, 26.455892, 111.988254], [111.608366, 26.455863, 112.119129], [111.608379, 26.455833, 112.035225], [111.608393, 26.455802, 112.05123], [111.608407, 26.455772, 111.839792], [111.608418, 26.455739, 111.846815], [111.608429, 26.455705, 111.69576], [111.608437, 26.455672, 111.638638], [111.608443, 26.45564, 111.746641], [111.608449, 26.455609, 111.710001], [111.608453, 26.455581, 111.732027], [111.608462, 26.455535, 111.550499], [111.60847, 26.455532, 111.609356], [111.608473, 26.455537, 111.931092], [111.608483, 26.45556, 111.691502], [111.608481, 26.455563, 111.513158], [111.60855, 26.455434, 111.385468], [111.608566, 26.455399, 111.353966], [111.608584, 26.455362, 111.461445], [111.608601, 26.455328, 111.726357], [111.608617, 26.455297, 111.148428], [111.608631, 26.455269, 111.123569], [111.608642, 26.455244, 111.150031], [111.608658, 26.455209, 111.176209], [111.608669, 26.455186, 111.249586], [111.608677, 26.455159, 111.229059], [111.608681, 26.455119, 111.07632], [111.60868, 26.455118, 110.976163], [111.60868, 26.455118, 110.98421], [111.608669, 26.455158, 111.462445], [111.608718, 26.455019, 111.08941], [111.608787, 26.45483, 110.761488], [111.608799, 26.454805, 111.225763], [111.608865, 26.454667, 111.202928], [111.608868, 26.45466, 111.093472], [111.608868, 26.454659, 110.911857], [111.608918, 26.454566, 111.137466], [111.60893, 26.454544, 111.201787], [111.608942, 26.454522, 111.152805], [111.608969, 26.454478, 111.227353], [111.60898, 26.454465, 111.401477], [111.609, 26.454445, 111.33444], [111.609038, 26.454403, 111.454666], [111.609049, 26.454389, 111.386305], [111.609059, 26.45437, 111.34138], [111.60909, 26.454305, 111.330045], [111.609101, 26.454281, 111.162056], [111.609114, 26.454252, 111.159907], [111.609129, 26.454219, 111.134387], [111.609146, 26.454184, 111.103874], [111.609164, 26.454146, 111.131722], [111.609182, 26.454107, 111.119097], [111.6092, 26.454067, 111.240301], [111.609216, 26.454029, 111.135674], [111.609232, 26.45399, 111.236645], [111.609248, 26.453952, 111.260076], [111.609264, 26.453914, 111.31128], [111.609279, 26.453877, 111.306019], [111.609294, 26.453842, 111.40905], [111.609309, 26.453809, 111.602165], [111.609325, 26.453778, 111.665536], [111.609338, 26.45375, 111.811045], [111.609349, 26.453721, 111.72208], [111.60936, 26.453694, 111.798526], [111.60937, 26.453667, 111.917798], [111.609381, 26.453639, 111.999302], [111.609402, 26.453587, 112.272843], [111.609413, 26.45356, 112.310957], [111.609425, 26.453535, 112.301746], [111.609443, 26.453493, 112.513015], [111.609451, 26.453475, 112.636518], [111.609469, 26.453452, 112.494277], [111.609495, 26.453445, 112.332273], [111.609494, 26.45345, 112.328014], [111.609517, 26.453362, 112.026806], [111.60952, 26.45335, 111.940337], [111.609527, 26.45334, 111.940873], [111.609522, 26.453335, 111.876814], [111.609503, 26.453297, 110.997623], [111.609503, 26.45329, 110.845707], [111.609502, 26.45329, 111.315732], [111.609363, 26.453282, 111.450259], [111.609356, 26.453282, 111.237932], [111.609355, 26.453282, 111.079929], [111.60926, 26.4533, 111.381521], [111.609242, 26.453299, 111.179841], [111.609213, 26.453293, 111.358705], [111.609157, 26.453275, 110.942322], [111.609133, 26.453263, 111.154738], [111.609111, 26.45325, 110.868614], [111.609069, 26.453226, 110.541653], [111.609037, 26.453211, 110.590711], [111.609026, 26.453212, 111.019745], [111.608954, 26.45322, 110.029145], [111.608915, 26.453159, 110.00986], [111.608902, 26.453154, 110.41212], [111.608864, 26.453139, 110.291362], [111.608804, 26.453118, 110.260862], [111.608786, 26.453112, 110.34934], [111.608764, 26.453107, 110.159886], [111.60869, 26.453092, 110.229681], [111.608673, 26.453088, 109.839088], [111.608656, 26.453082, 109.660528], [111.608593, 26.453059, 109.749367], [111.608576, 26.45305, 109.204221], [111.608575, 26.45304, 109.452119], [111.608565, 26.452963, 108.907445], [111.608565, 26.452954, 109.067367], [111.608571, 26.452947, 109.382301], [111.608632, 26.452896, 108.906903], [111.608642, 26.452891, 108.975198], [111.608644, 26.452887, 109.281299], [111.608553, 26.453012, 109.171308], [111.608531, 26.453033, 108.559576], [111.608509, 26.453042, 108.275352], [111.608455, 26.45306, 108.885545], [111.608427, 26.453067, 109.113093], [111.608415, 26.453067, 108.620739], [111.608352, 26.453061, 108.248478], [111.608327, 26.453057, 108.478309], [111.608314, 26.453053, 109.044676], [111.608253, 26.453035, 107.036479], [111.608228, 26.453028, 107.139891], [111.608216, 26.453025, 107.259788], [111.608152, 26.453024, 107.316926], [111.608126, 26.453026, 107.847778], [111.608124, 26.453023, 107.78722], [111.608084, 26.452955, 108.313344], [111.60808, 26.452945, 108.711276], [111.608076, 26.452933, 108.244259], [111.608043, 26.452872, 108.184224], [111.608035, 26.452869, 107.937803], [111.608013, 26.452859, 107.642438], [111.607977, 26.452844, 108.041811], [111.607977, 26.452836, 107.891036], [111.608, 26.452923, 107.977971], [111.608022, 26.453002, 108.320936], [111.608023, 26.453003, 107.543828], [111.608034, 26.453008, 107.499159], [111.608119, 26.453047, 108.370526], [111.608148, 26.453059, 108.310228], [111.60818, 26.453071, 108.162872], [111.608212, 26.453081, 107.924754], [111.608242, 26.453088, 108.311858], [111.608296, 26.453099, 108.229715], [111.608321, 26.453102, 108.178945], [111.608343, 26.453103, 108.03047], [111.608399, 26.453103, 108.476959], [111.608432, 26.453102, 107.594559], [111.608448, 26.453101, 107.58107], [111.608509, 26.453093, 107.982882], [111.608537, 26.45309, 108.565864], [111.60855, 26.453086, 108.720696], [111.608606, 26.453053, 109.469289], [111.608619, 26.453036, 109.625413], [111.60862, 26.453025, 109.894136], [111.608623, 26.45296, 108.867432], [111.608621, 26.452945, 109.071371], [111.608614, 26.452934, 108.267921], [111.608565, 26.452882, 108.997842], [111.608556, 26.45288, 109.578282], [111.608531, 26.452874, 109.646414], [111.608451, 26.452853, 110.410841], [111.608435, 26.452847, 110.29645], [111.608421, 26.452837, 110.33835], [111.608372, 26.452798, 109.986427], [111.60836, 26.452784, 109.931842], [111.608348, 26.452775, 109.975745], [111.608289, 26.452739, 109.716431], [111.608268, 26.452732, 109.747985], [111.60826, 26.452727, 109.450792], [111.608385, 26.452794, 109.478608], [111.6084, 26.452801, 109.785871], [111.608416, 26.452809, 109.750078], [111.608479, 26.452841, 109.754932], [111.608494, 26.452848, 109.402991], [111.60851, 26.452854, 109.542288], [111.608578, 26.452877, 109.793992], [111.608592, 26.45288, 109.894318], [111.608609, 26.452883, 109.517659], [111.608679, 26.452893, 110.203376], [111.608693, 26.452894, 110.666289], [111.608721, 26.452896, 110.149429], [111.608785, 26.4529, 109.837358], [111.608791, 26.452896, 109.832002], [111.60882, 26.452878, 109.345435], [111.608881, 26.45285, 109.606816], [111.608891, 26.452849, 109.614506], [111.608921, 26.452853, 109.532791], [111.608993, 26.452866, 110.492399], [111.609006, 26.45287, 110.141174], [111.609018, 26.452869, 110.169313], [111.609098, 26.452852, 110.434368], [111.609105, 26.452848, 110.161889], [111.609107, 26.45284, 110.4491], [111.609122, 26.452761, 110.544512], [111.60912, 26.452756, 110.693164], [111.609115, 26.452753, 110.711457], [111.609027, 26.452716, 108.515261], [111.609013, 26.452712, 109.022947], [111.608998, 26.452708, 108.609814], [111.608931, 26.452684, 108.441704], [111.608915, 26.452684, 109.486923], [111.609111, 26.452678, 109.993574], [111.609131, 26.452674, 110.921509], [111.609155, 26.45267, 111.086955], [111.609221, 26.452659, 111.851221], [111.60924, 26.452657, 111.742183], [111.609256, 26.452661, 111.785903], [111.60932, 26.452675, 111.543157], [111.609248, 26.452717, 111.69269], [111.609248, 26.452717, 111.327658], [111.609248, 26.452717, 111.442342], [111.609298, 26.452753, 112.208341], [111.609298, 26.452753, 112.03065], [111.609298, 26.452753, 111.732764], [111.60925, 26.452847, 110.531184], [111.609242, 26.452862, 110.81558], [111.609235, 26.45288, 110.627311], [111.609217, 26.452938, 111.107005], [111.609212, 26.452958, 110.884725], [111.609212, 26.452977, 111.006714], [111.609211, 26.453035, 111.007583], [111.609211, 26.453053, 110.915127], [111.609207, 26.453069, 110.824301], [111.609192, 26.453128, 110.921575], [111.609184, 26.453151, 110.767365], [111.609176, 26.453161, 110.881616], [111.609138, 26.453213, 110.992841], [111.609126, 26.453229, 111.049144], [111.609116, 26.453234, 111.357094], [111.609044, 26.453253, 111.08219], [111.60902, 26.453254, 111.110048], [111.60902, 26.453255, 110.79557], [111.609016, 26.453346, 111.6289], [111.609013, 26.453358, 111.807492], [111.609005, 26.45337, 111.609795], [111.609083, 26.453276, 111.176883], [111.609087, 26.453275, 111.328174], [111.609095, 26.453277, 111.294522], [111.609193, 26.453306, 111.228518], [111.609215, 26.453316, 111.788813], [111.609229, 26.453331, 111.291339], [111.609252, 26.453377, 111.734212], [111.609259, 26.453406, 111.400291], [111.609253, 26.453417, 112.466713], [111.609221, 26.453477, 111.765634], [111.609214, 26.453488, 111.463265], [111.609205, 26.4535, 111.400674], [111.609159, 26.453564, 111.465534], [111.609152, 26.453575, 111.457705], [111.609142, 26.453584, 110.256126], [111.609099, 26.453636, 110.954631], [111.609092, 26.453651, 112.07155], [111.609087, 26.453659, 112.079382], [111.609055, 26.453719, 113.813738], [111.609048, 26.453734, 113.549909], [111.609047, 26.453741, 113.50739], [111.609041, 26.453818, 112.681554], [111.609041, 26.453831, 112.464439], [111.60904, 26.453846, 112.470117], [111.609038, 26.453913, 112.420538], [111.609037, 26.453925, 112.250283], [111.60903, 26.453928, 112.40329], [111.608944, 26.453966, 110.8067], [111.608933, 26.453968, 110.847659], [111.60892, 26.45397, 111.051541], [111.608845, 26.453983, 110.79395], [111.608826, 26.453986, 111.025912], [111.608823, 26.453982, 111.091193], [111.60876, 26.453922, 111.422978], [111.608751, 26.45391, 111.195128], [111.608747, 26.453895, 110.942899], [111.60873, 26.453834, 111.194229], [111.608728, 26.453822, 110.798902], [111.608729, 26.453807, 110.606073], [111.608733, 26.453729, 111.16625], [111.608733, 26.453713, 110.683953], [111.608733, 26.453696, 111.127888], [111.60873, 26.453634, 111.026509], [111.608733, 26.453614, 110.703401], [111.608728, 26.453605, 110.616583], [111.608683, 26.453555, 110.336206], [111.608664, 26.453542, 110.428094], [111.608653, 26.453543, 110.416595], [111.608573, 26.453556, 110.823118], [111.60856, 26.453561, 110.410003], [111.608546, 26.453569, 110.344371], [111.608487, 26.453605, 110.412159], [111.608475, 26.453615, 110.162676], [111.608464, 26.453627, 110.045349], [111.608428, 26.453681, 109.836121], [111.608425, 26.453693, 110.222168], [111.608426, 26.453711, 110.294189], [111.608434, 26.45377, 110.527042], [111.608437, 26.453789, 110.607414], [111.608441, 26.453808, 110.767605], [111.608453, 26.453858, 110.811111], [111.60846, 26.453889, 110.866948], [111.608463, 26.453904, 111.272393], [111.608474, 26.453957, 111.483102], [111.608481, 26.453986, 111.719086], [111.608483, 26.454001, 112.146249], [111.608486, 26.454055, 112.787602], [111.608484, 26.454078, 112.749556], [111.608484, 26.454094, 112.76832], [111.608484, 26.454153, 113.130708], [111.608484, 26.454174, 113.929316], [111.608487, 26.454183, 114.4776], [111.608495, 26.454245, 113.513792], [111.608496, 26.454267, 113.554555], [111.608494, 26.454281, 113.642911], [111.608484, 26.454347, 113.470662], [111.60848, 26.454361, 113.150325], [111.608475, 26.454376, 112.970562], [111.608447, 26.454443, 112.904135], [111.608442, 26.454455, 112.388793], [111.608432, 26.454467, 112.55904], [111.608384, 26.454527, 112.602887], [111.608377, 26.454538, 112.982354], [111.608374, 26.454549, 112.682073], [111.608363, 26.454616, 112.198075], [111.608361, 26.454632, 111.76388], [111.608361, 26.454641, 111.872435], [111.608359, 26.454715, 111.42504], [111.608359, 26.454729, 111.584543], [111.608357, 26.454742, 111.574809], [111.608349, 26.454814, 111.534985], [111.608348, 26.454827, 111.44707], [111.608347, 26.454841, 111.759178], [111.608337, 26.454911, 112.098033], [111.608336, 26.454918, 112.254064], [111.608332, 26.454935, 112.608873], [111.608318, 26.455004, 112.113349], [111.608316, 26.455006, 112.113349], [111.608311, 26.455026, 111.664682], [111.608319, 26.455063, 111.43261], [111.608336, 26.455096, 111.687148], [111.608351, 26.455107, 112.000075], [111.608391, 26.455119, 112.018662], [111.608416, 26.455106, 112.574066], [111.60844, 26.455082, 112.320615], [111.608445, 26.455081, 112.131872], [111.608512, 26.455077, 111.691583], [111.608554, 26.455073, 111.763498], [111.608575, 26.455068, 111.865585], [111.608605, 26.455051, 111.460732], [111.608645, 26.455023, 111.04985], [111.608655, 26.455011, 111.433874], [111.608671, 26.454983, 111.471239], [111.608693, 26.454941, 111.461908], [111.6087, 26.454927, 111.51429], [111.608715, 26.454899, 112.062245], [111.608737, 26.45486, 112.356498], [111.60875, 26.454836, 112.488988], [111.608762, 26.454813, 112.316234], [111.608785, 26.45477, 112.097406], [111.608793, 26.454747, 111.886141], [111.608809, 26.454727, 111.836357], [111.608806, 26.454725, 111.694419], [111.608836, 26.454744, 111.762522], [111.60891, 26.454787, 111.827185], [111.608929, 26.454796, 111.884881], [111.608953, 26.454804, 111.94542], [111.609024, 26.454829, 111.994392], [111.609043, 26.454834, 111.681859], [111.609063, 26.454841, 112.029078], [111.609123, 26.454864, 112.143986], [111.609139, 26.454872, 111.300623], [111.609153, 26.454884, 111.691377], [111.609204, 26.454929, 110.522125], [111.609215, 26.454935, 110.847944], [111.609239, 26.454948, 110.941318], [111.609297, 26.454977, 111.786224], [111.609311, 26.454984, 111.56503], [111.609326, 26.454989, 111.665393], [111.609403, 26.455008, 112.467939], [111.60941, 26.455005, 112.44856], [111.609415, 26.454992, 112.580695], [111.60943, 26.454941, 112.479114], [111.609429, 26.454941, 112.33679], [111.609425, 26.454942, 112.347302], [111.609383, 26.454954, 112.333031], [111.609381, 26.454955, 112.371518], [111.609381, 26.454955, 112.282574], [111.609397, 26.455002, 112.72312], [111.609404, 26.455007, 112.583777], [111.609417, 26.455013, 112.950988], [111.609476, 26.455043, 112.273585], [111.609477, 26.455045, 112.343071], [111.609479, 26.455046, 112.578943], [111.609424, 26.455019, 112.550452], [111.609422, 26.455018, 112.605813], [111.609379, 26.455003, 112.929257], [111.60932, 26.454983, 112.738451], [111.609306, 26.454978, 112.833089], [111.609273, 26.45497, 112.481907], [111.609215, 26.454954, 112.797151], [111.609207, 26.45495, 112.985743], [111.609185, 26.454925, 112.169333], [111.609148, 26.454884, 111.991712], [111.60914, 26.45488, 111.787264], [111.609104, 26.454872, 111.799776], [111.609044, 26.454859, 111.649778], [111.609031, 26.454857, 111.620731], [111.608999, 26.454849, 111.65737], [111.608946, 26.454836, 112.365231], [111.608929, 26.45483, 112.637529], [111.608898, 26.454814, 112.648725], [111.608857, 26.454788, 112.509122], [111.608847, 26.454778, 112.228035], [111.608832, 26.454751, 112.015534], [111.608816, 26.454706, 112.148452], [111.608817, 26.454692, 112.223883], [111.60883, 26.454663, 111.938959], [111.608855, 26.454619, 112.479215], [111.608864, 26.454607, 112.084912], [111.60888, 26.454584, 111.921399], [111.608911, 26.454535, 111.815442], [111.608915, 26.454524, 112.292802], [111.608928, 26.4545, 112.089536], [111.608958, 26.454445, 112.269884], [111.608965, 26.454431, 112.379167], [111.608972, 26.454417, 112.279097], [111.608997, 26.454359, 112.262054], [111.609002, 26.454346, 112.697728], [111.609006, 26.454332, 112.116461], [111.60902, 26.45427, 112.53326], [111.609013, 26.454262, 112.396162], [111.609004, 26.454236, 111.399998], [111.60899, 26.454178, 110.096114], [111.608992, 26.454171, 110.185074], [111.609005, 26.45414, 110.540645], [111.609028, 26.454084, 110.666417], [111.609033, 26.454074, 110.431334], [111.609047, 26.454052, 110.538089], [111.609075, 26.454003, 112.209779], [111.609072, 26.453997, 112.722808], [111.609043, 26.453957, 111.208235], [111.609019, 26.453921, 109.802235], [111.609017, 26.453912, 109.545368], [111.609013, 26.453869, 109.906161], [111.609012, 26.453829, 109.557024], [111.609016, 26.453819, 109.3206], [111.609024, 26.453805, 110.410328], [111.609037, 26.453768, 111.58316], [111.609038, 26.453753, 111.684175], [111.609036, 26.453738, 111.839409], [111.609035, 26.453675, 111.408064], [111.609039, 26.453655, 111.448405], [111.609047, 26.45365, 111.403368], [111.60911, 26.453606, 111.174408], [111.609121, 26.453597, 111.232543], [111.609127, 26.453586, 111.153602], [111.609163, 26.45352, 111.506754], [111.609169, 26.453509, 111.301584], [111.609177, 26.453498, 111.879723], [111.609219, 26.453443, 112.202613], [111.609225, 26.453436, 112.699982], [111.609235, 26.453414, 112.096596], [111.609261, 26.453353, 111.854497], [111.609266, 26.453342, 111.849461], [111.609275, 26.453337, 111.793821], [111.609355, 26.453301, 111.364834], [111.609371, 26.453298, 111.568601], [111.60939, 26.453295, 111.62129], [111.60945, 26.453269, 111.130658], [111.609452, 26.453269, 111.296676], [111.609425, 26.453269, 111.296676], [111.609325, 26.453267, 111.078919], [111.609325, 26.453267, 111.341634], [111.609325, 26.453267, 111.156572], [111.609403, 26.453208, 111.41956], [111.609418, 26.453195, 111.240445], [111.609431, 26.453179, 111.032801], [111.609473, 26.453117, 111.7032], [111.609489, 26.453088, 111.847405], [111.609505, 26.453056, 112.042025], [111.609518, 26.453027, 112.080722], [111.60953, 26.452999, 112.179156], [111.609543, 26.452971, 112.302299], [111.609556, 26.452943, 112.179026], [111.609568, 26.452915, 112.212067], [111.60958, 26.452887, 112.224752], [111.609592, 26.452858, 112.100731], [111.609604, 26.45283, 111.969811], [111.609618, 26.452802, 111.925523], [111.609632, 26.452775, 111.904506], [111.609648, 26.452749, 111.889582], [111.609661, 26.452724, 111.635463], [111.609685, 26.452681, 111.566947], [111.60969, 26.452667, 111.328525], [111.609706, 26.452641, 111.144744], [111.609709, 26.452642, 111.71452], [111.60966, 26.452621, 111.618859], [111.609615, 26.452599, 111.092056], [111.609593, 26.452586, 110.993107], [111.609565, 26.452568, 111.045687], [111.609536, 26.452549, 111.105688], [111.609508, 26.45253, 111.246653], [111.609485, 26.452512, 111.383262], [111.609447, 26.452483, 111.474601], [111.609433, 26.452471, 111.545286], [111.609413, 26.452452, 111.497368], [111.609361, 26.452407, 111.500946], [111.609344, 26.452393, 111.375283], [111.609321, 26.452377, 111.564597], [111.609266, 26.452336, 111.359687], [111.609235, 26.452312, 111.375164], [111.609203, 26.452289, 111.296506], [111.609172, 26.452266, 111.280473], [111.609139, 26.452243, 111.198431], [111.609105, 26.452221, 111.095377], [111.60907, 26.4522, 110.93258], [111.609035, 26.452177, 110.77652], [111.609006, 26.452154, 110.48769], [111.608979, 26.45213, 110.310528], [111.608952, 26.452105, 110.1902], [111.608923, 26.452079, 110.015726], [111.608892, 26.452054, 109.729513], [111.608862, 26.452033, 109.534613], [111.608831, 26.452014, 109.316283], [111.608802, 26.451998, 109.067743], [111.608776, 26.451991, 108.861954], [111.608737, 26.451986, 108.657971], [111.608705, 26.451988, 108.397259], [111.608675, 26.451985, 108.425685], [111.608634, 26.451972, 107.877509], [111.60863, 26.451975, 107.655727], [111.608661, 26.451951, 107.956815], [111.608661, 26.451951, 108.255947], [111.608711, 26.452029, 108.809362], [111.608715, 26.452035, 109.278895], [111.608718, 26.452042, 109.40385], [111.60873, 26.452044, 109.569827], [111.608744, 26.452066, 108.503235], [111.608742, 26.452077, 108.980229], [111.608738, 26.452091, 108.89876], [111.608737, 26.452092, 108.551105], [111.608688, 26.45216, 108.348715], [111.608684, 26.452171, 108.271962], [111.608685, 26.452175, 108.268996], [111.608687, 26.45219, 108.230159], [111.608684, 26.452194, 107.832296], [111.608675, 26.452199, 107.787605], [111.608601, 26.452247, 107.707469], [111.608587, 26.452255, 107.881821], [111.608572, 26.452265, 107.733513], [111.608524, 26.452306, 107.397477], [111.608515, 26.452318, 107.284213], [111.608499, 26.452325, 107.071836], [111.608427, 26.452357, 108.043235], [111.608418, 26.45236, 107.50005], [111.608409, 26.45236, 107.712927], [111.608344, 26.452365, 107.520209], [111.608312, 26.452369, 107.605775], [111.608302, 26.452371, 107.397514], [111.608245, 26.452383, 107.541863], [111.608211, 26.452392, 107.832314], [111.608204, 26.452398, 108.239173], [111.608168, 26.452444, 107.826092], [111.608152, 26.452475, 107.783697], [111.608148, 26.452494, 107.463486], [111.608141, 26.452536, 107.604571], [111.608134, 26.452575, 107.912489], [111.608128, 26.452593, 107.175361], [111.608116, 26.452636, 107.29215], [111.608111, 26.452663, 107.069723], [111.608112, 26.452685, 107.320904], [111.608107, 26.452702, 107.635116], [111.608092, 26.452748, 108.041359], [111.608069, 26.452819, 107.933189], [111.608067, 26.452824, 107.713329], [111.608065, 26.452835, 108.123785], [111.608049, 26.452926, 108.819934], [111.608047, 26.452956, 108.597206], [111.608045, 26.452988, 108.450595], [111.608046, 26.453021, 108.755245], [111.608046, 26.453052, 108.677335], [111.608049, 26.453079, 108.933252], [111.608055, 26.453126, 109.208738], [111.60806, 26.453145, 109.629158], [111.608076, 26.453174, 109.303196], [111.608103, 26.45321, 108.680093], [111.608122, 26.453228, 109.021899], [111.608146, 26.45324, 109.139857], [111.608189, 26.453252, 109.100358], [111.608218, 26.453254, 109.02944], [111.608253, 26.453255, 109.121907], [111.608286, 26.453259, 109.294199], [111.608324, 26.453264, 109.17868], [111.608363, 26.45327, 109.215899], [111.608384, 26.453271, 109.111073], [111.608422, 26.453269, 109.808332], [111.608473, 26.453266, 109.616232], [111.608488, 26.453264, 109.664738], [111.608519, 26.453262, 110.243743], [111.608584, 26.453258, 110.625297], [111.608592, 26.453262, 110.49638], [111.608456, 26.453185, 109.495397], [111.608441, 26.453179, 109.819538], [111.608423, 26.453173, 109.545581], [111.608362, 26.453152, 109.620516], [111.608343, 26.453145, 109.164874], [111.608331, 26.453141, 108.369367], [111.608256, 26.453119, 108.519498], [111.608246, 26.453116, 107.998606], [111.608234, 26.453114, 108.048642], [111.608157, 26.453102, 107.834917], [111.608143, 26.453098, 108.141841], [111.60813, 26.453092, 108.20292], [111.608066, 26.453061, 108.267932], [111.608046, 26.453053, 108.086432], [111.608034, 26.453051, 107.917447], [111.607957, 26.453043, 108.654362], [111.607945, 26.453042, 108.504061], [111.607932, 26.453042, 108.248627], [111.60785, 26.453036, 107.014172], [111.607837, 26.453034, 107.117621], [111.607821, 26.453033, 107.253092], [111.607741, 26.453027, 106.602647], [111.607727, 26.453026, 106.778867], [111.607712, 26.453026, 106.922875], [111.607634, 26.453026, 106.877683], [111.607621, 26.453026, 107.047806], [111.607606, 26.453027, 107.088957], [111.607528, 26.453031, 106.791221], [111.607514, 26.453033, 107.548785], [111.607497, 26.453034, 107.641396], [111.607415, 26.453039, 106.968889], [111.607401, 26.45304, 106.727588], [111.607395, 26.453033, 107.026048], [111.607342, 26.452973, 106.823018], [111.607342, 26.452966, 107.173843], [111.607346, 26.452956, 106.872091], [111.60737, 26.452883, 106.950564], [111.607374, 26.45287, 106.917639], [111.607379, 26.452856, 106.613453], [111.607398, 26.45279, 106.059853], [111.6074, 26.452779, 106.310144], [111.6074, 26.452768, 105.832452], [111.607402, 26.452699, 106.310747], [111.607403, 26.452686, 106.679997], [111.607399, 26.452674, 106.754637], [111.607374, 26.452667, 107.735194], [111.607353, 26.45267, 107.594259], [111.607295, 26.452679, 106.996849], [111.607261, 26.452685, 106.769505], [111.607243, 26.452687, 107.057856], [111.607193, 26.452692, 106.392824], [111.607158, 26.452693, 106.135762], [111.607144, 26.452689, 106.261378], [111.607098, 26.452666, 106.612929], [111.607065, 26.452655, 106.981804], [111.60705, 26.452658, 106.21834], [111.606989, 26.452672, 106.331103], [111.606961, 26.452679, 106.452732], [111.606946, 26.452681, 106.422647], [111.606878, 26.452694, 107.246366], [111.606854, 26.452702, 106.403576], [111.606844, 26.452711, 106.467314], [111.606801, 26.452755, 106.346556], [111.606782, 26.452778, 106.361239], [111.606773, 26.45279, 106.276949], [111.606734, 26.452837, 106.182065], [111.606716, 26.452856, 105.31595], [111.606704, 26.452866, 105.416217], [111.606653, 26.45291, 105.640194], [111.606642, 26.45292, 105.999268], [111.60663, 26.452932, 106.090996], [111.606587, 26.452981, 106.06642], [111.606581, 26.452992, 106.437022], [111.606582, 26.453004, 106.489545], [111.606591, 26.453079, 106.288548], [111.606595, 26.45309, 106.545264], [111.606604, 26.453101, 106.760769], [111.606646, 26.453159, 106.277788], [111.606649, 26.453167, 106.248346], [111.606644, 26.453182, 106.364404], [111.606616, 26.453246, 106.98777], [111.606624, 26.453239, 106.081351], [111.606724, 26.453176, 106.197969], [111.606737, 26.453169, 106.164708], [111.606737, 26.453169, 106.349787], [111.606803, 26.453253, 106.607075], [111.606813, 26.45327, 106.710139], [111.606819, 26.45329, 107.071785], [111.606834, 26.453342, 107.449024], [111.606834, 26.453357, 107.139549], [111.606829, 26.45338, 107.026187], [111.606817, 26.453431, 107.83293], [111.60675, 26.453417, 106.462189], [111.606728, 26.453414, 106.525672], [111.606716, 26.453414, 106.428551], [111.606645, 26.453423, 106.30981], [111.606619, 26.453428, 106.164657], [111.606606, 26.453431, 106.2223], [111.606537, 26.453449, 106.409029], [111.606523, 26.453452, 106.208738], [111.606508, 26.453455, 106.089602], [111.606436, 26.453475, 105.880347], [111.60642, 26.453479, 106.262989], [111.60642, 26.453478, 106.650221], [111.60639, 26.453394, 106.935143], [111.606391, 26.453389, 107.024076], [111.606392, 26.45338, 106.780153], [111.606383, 26.453471, 107.588837], [111.606382, 26.45348, 107.61059], [111.606382, 26.45348, 107.540846], [111.606275, 26.453508, 107.13866], [111.606253, 26.453513, 107.025357], [111.606229, 26.45352, 106.917743], [111.606169, 26.453535, 106.989666], [111.606153, 26.453538, 106.895588], [111.606121, 26.453539, 106.465545], [111.606067, 26.453537, 106.105728], [111.606046, 26.453536, 106.126503], [111.606019, 26.453532, 106.349775], [111.606169, 26.453554, 106.429887], [111.60619, 26.453557, 105.77721], [111.606213, 26.453553, 106.116062], [111.606283, 26.453541, 106.50286], [111.606304, 26.453537, 106.686339], [111.606325, 26.453532, 106.591215], [111.60638, 26.45352, 107.061976], [111.606412, 26.453516, 106.913781], [111.606426, 26.453516, 107.008054], [111.606488, 26.453519, 107.360398], [111.606519, 26.453522, 106.989005], [111.606538, 26.453522, 107.313248], [111.606599, 26.453523, 107.699682], [111.60662, 26.453523, 106.745151], [111.60664, 26.453522, 106.791888], [111.606711, 26.453517, 106.955671], [111.606725, 26.453515, 106.86538], [111.606742, 26.453511, 107.252073], [111.606809, 26.453496, 107.302235], [111.606821, 26.453492, 107.323109], [111.606832, 26.453477, 106.828586], [111.606865, 26.453418, 107.06534], [111.606867, 26.453407, 107.146488], [111.606867, 26.453391, 107.082584], [111.606864, 26.453322, 107.346078], [111.606863, 26.453308, 107.107268], [111.606862, 26.453292, 106.75779], [111.606858, 26.453223, 106.352425], [111.606859, 26.45321, 106.2282], [111.606866, 26.453199, 105.771748], [111.606907, 26.453144, 106.623906], [111.606916, 26.453135, 106.403906], [111.606928, 26.453127, 106.306176], [111.606991, 26.453084, 105.547787], [111.607, 26.453077, 105.393017], [111.607012, 26.453072, 105.43887], [111.607083, 26.453043, 105.134644], [111.607093, 26.453041, 105.321856], [111.607104, 26.453041, 105.564051], [111.607197, 26.453042, 105.563725], [111.607211, 26.453044, 105.430118], [111.607227, 26.453049, 105.556638], [111.607298, 26.453068, 106.450931], [111.607313, 26.453072, 107.128321], [111.607322, 26.453066, 107.072868], [111.60738, 26.453018, 106.447643], [111.607385, 26.453009, 106.402203], [111.60739, 26.452995, 106.872828], [111.607412, 26.452924, 106.463456], [111.607416, 26.452909, 106.208129], [111.60742, 26.452893, 106.278863], [111.607433, 26.452826, 106.208986], [111.607434, 26.452811, 106.665198], [111.607433, 26.452794, 106.749527], [111.607433, 26.452725, 106.08041], [111.607435, 26.452711, 106.191088], [111.607437, 26.452696, 106.152116], [111.60745, 26.452622, 106.143588], [111.607453, 26.45261, 106.257106], [111.607458, 26.452597, 106.434055], [111.607484, 26.452532, 106.44732], [111.607488, 26.45252, 106.431636], [111.607493, 26.452508, 106.387121], [111.607519, 26.45244, 106.88006], [111.607525, 26.452429, 106.821176], [111.607535, 26.452419, 107.140849], [111.607593, 26.452369, 106.421102], [111.607602, 26.452366, 106.342421], [111.607615, 26.452361, 106.564662], [111.607691, 26.45232, 105.787041], [111.6077, 26.452311, 105.929919], [111.60771, 26.452298, 106.063945], [111.607757, 26.452252, 106.613105], [111.607775, 26.452242, 106.417305], [111.60778, 26.452244, 106.44926], [111.607867, 26.452286, 106.597646], [111.60788, 26.452294, 106.83932], [111.607895, 26.452303, 106.94184], [111.607965, 26.452341, 107.146802], [111.60798, 26.452348, 107.42303], [111.607997, 26.452353, 107.269906], [111.608061, 26.452373, 107.052768], [111.608074, 26.452374, 107.580409], [111.608102, 26.452375, 107.510929], [111.608171, 26.452378, 107.334445], [111.608182, 26.452378, 107.108239], [111.608209, 26.452377, 107.496814], [111.608281, 26.452373, 107.011271], [111.608294, 26.452372, 107.139478], [111.608307, 26.452368, 107.116963], [111.60838, 26.452347, 107.299303], [111.608392, 26.452343, 107.398431], [111.608406, 26.452339, 107.52394], [111.608483, 26.452318, 107.463695], [111.608497, 26.452316, 107.786001], [111.608513, 26.452313, 107.818801], [111.608582, 26.452298, 107.862521], [111.608596, 26.452294, 107.805455], [111.608611, 26.452288, 108.037839], [111.608687, 26.452253, 107.840802], [111.608698, 26.452247, 107.861502], [111.608713, 26.452243, 108.091489], [111.608784, 26.452223, 109.825413], [111.608709, 26.452301, 108.535499], [111.608709, 26.452301, 108.336628], [111.608709, 26.452301, 108.339115], [111.608719, 26.452249, 108.476029], [111.608722, 26.452211, 108.133871], [111.608727, 26.452193, 108.392944], [111.608743, 26.452151, 109.12763], [111.608756, 26.452114, 109.398164], [111.608759, 26.452092, 109.086035], [111.608756, 26.452053, 108.485042], [111.608747, 26.452019, 108.549343], [111.608736, 26.452007, 108.821056], [111.608694, 26.45197, 108.488585], [111.608665, 26.451948, 108.353845], [111.608648, 26.451941, 108.430323], [111.608606, 26.451944, 108.286234], [111.608582, 26.451948, 108.34107], [111.608583, 26.451947, 108.34107], [111.608549, 26.451951, 108.375453], [111.608524, 26.451945, 108.077759], [111.608379, 26.451909, 106.938696], [111.608313, 26.45189, 107.271921], [111.608227, 26.451864, 106.466402], [111.608133, 26.451834, 106.463736], [111.608037, 26.451801, 106.250069], [111.60794, 26.451765, 106.111987], [111.607847, 26.451728, 106.343162], [111.607752, 26.451687, 105.909798], [111.607662, 26.451646, 106.019927], [111.607573, 26.451607, 106.036567], [111.607485, 26.451571, 105.673138], [111.607397, 26.451537, 105.889395], [111.607309, 26.451505, 105.330305], [111.607224, 26.451475, 105.093272], [111.607143, 26.451447, 105.318051], [111.607065, 26.45142, 105.058436], [111.606991, 26.451394, 104.98507], [111.606925, 26.451364, 104.922909], [111.606864, 26.451334, 104.751429], [111.606808, 26.451304, 104.588031], [111.606757, 26.451274, 104.712787], [111.606714, 26.451247, 104.432636], [111.606682, 26.45122, 104.470315], [111.606655, 26.451193, 104.469203], [111.606628, 26.451165, 104.547297], [111.606602, 26.451136, 104.608634], [111.606576, 26.451108, 104.471071], [111.606551, 26.451081, 104.397496], [111.606527, 26.451056, 104.410085], [111.606506, 26.451032, 104.335535], [111.606486, 26.45101, 104.332479], [111.606465, 26.450987, 104.204202], [111.606442, 26.450961, 104.04319], [111.606419, 26.450936, 103.912424], [111.606397, 26.450911, 103.958315], [111.606374, 26.450886, 103.839595], [111.606348, 26.450855, 103.749723], [111.606288, 26.450785, 103.607758], [111.606279, 26.450776, 103.580315], [111.606264, 26.450758, 102.820991], [111.606219, 26.450704, 102.674823], [111.606202, 26.450685, 102.591873], [111.606185, 26.450668, 102.505868], [111.606166, 26.450631, 102.474452], [111.60615, 26.450588, 102.530542], [111.606146, 26.450566, 102.446406], [111.606144, 26.450538, 102.723595], [111.606135, 26.450461, 103.161638], [111.606128, 26.45042, 103.199655], [111.606116, 26.45038, 103.203876], [111.606071, 26.450241, 103.157532], [111.606068, 26.450232, 102.979502], [111.606068, 26.45023, 102.913412], [111.605981, 26.450115, 102.473466], [111.605944, 26.450081, 102.309223], [111.605787, 26.449932, 102.224403], [111.605471, 26.449942, 101.844303], [111.605471, 26.449942, 101.828083], [111.605471, 26.449942, 101.850242], [111.605296, 26.449945, 102.524596], [111.605196, 26.449948, 102.688842], [111.605062, 26.449953, 102.953258], [111.604913, 26.449961, 103.103628], [111.604755, 26.449972, 103.294307], [111.604592, 26.449987, 103.443059], [111.604429, 26.450004, 103.788735], [111.604269, 26.450021, 103.931296], [111.604119, 26.450039, 104.217556], [111.603976, 26.450053, 104.474615], [111.603838, 26.450064, 104.659031], [111.603705, 26.450072, 104.971732], [111.603578, 26.45008, 105.170893], [111.603456, 26.450088, 105.272501], [111.603338, 26.450094, 105.369472], [111.603223, 26.4501, 105.348862], [111.603111, 26.450106, 105.200369], [111.603, 26.450113, 105.165269], [111.602895, 26.450125, 104.880985], [111.602791, 26.450139, 104.691742], [111.602689, 26.450153, 104.444785], [111.60259, 26.450165, 104.174712], [111.602496, 26.450176, 103.957551], [111.602406, 26.450189, 103.622881], [111.60232, 26.450204, 103.455295], [111.602238, 26.450219, 103.253237], [111.60216, 26.450232, 103.143348], [111.602085, 26.450241, 103.09565], [111.602012, 26.450248, 102.957588], [111.601939, 26.45025, 102.962528], [111.601861, 26.450246, 102.962938], [111.601778, 26.450238, 102.986064], [111.601695, 26.450226, 102.904313], [111.601611, 26.45021, 102.902096], [111.60153, 26.450192, 102.769854], [111.60145, 26.450172, 102.843], [111.601373, 26.450151, 102.485226], [111.601298, 26.45013, 102.367454], [111.601225, 26.45011, 102.265001], [111.601159, 26.450091, 102.230295], [111.601097, 26.450073, 102.11391], [111.601044, 26.450057, 102.036316], [111.601001, 26.450046, 101.936415], [111.600967, 26.450038, 101.921444], [111.600954, 26.450026, 101.872643], [111.601061, 26.450126, 102.506525], [111.601079, 26.450142, 102.458086], [111.601102, 26.450163, 102.532316], [111.601151, 26.45021, 102.746163], [111.601173, 26.450235, 102.89782], [111.601194, 26.45026, 103.081626], [111.601214, 26.450284, 103.186569], [111.601231, 26.450308, 103.395337], [111.601254, 26.45035, 103.591264], [111.601264, 26.450351, 103.8608], [111.601174, 26.450326, 103.431794], [111.601117, 26.45031, 104.006699], [111.601117, 26.45031, 103.72437], [111.601117, 26.45031, 103.567086], [111.601155, 26.450252, 104.079406], [111.601155, 26.450252, 104.267957], [111.601155, 26.450252, 104.261234], [111.601159, 26.450348, 104.32141], [111.601159, 26.450361, 104.246259], [111.601159, 26.450375, 104.268915], [111.601159, 26.450441, 104.621937], [111.601158, 26.45045, 104.806768], [111.601147, 26.450465, 104.198333], [111.601107, 26.450519, 105.267065], [111.601101, 26.450523, 105.207952], [111.601077, 26.450526, 104.724489], [111.601025, 26.450509, 105.557284], [111.601039, 26.450509, 105.999269], [111.601164, 26.450504, 105.816775], [111.601197, 26.450501, 105.87065], [111.601198, 26.450502, 105.678922], [111.601267, 26.45051, 105.889041], [111.6013, 26.450507, 105.966867], [111.6013, 26.450505, 105.785704], [111.60132, 26.450431, 105.82779], [111.601322, 26.450417, 106.031663], [111.601326, 26.450406, 106.178456], [111.601292, 26.450527, 105.268256], [111.601287, 26.450538, 105.174227], [111.601281, 26.450552, 105.477682], [111.601254, 26.450614, 107.211788], [111.601249, 26.450627, 107.348914], [111.601246, 26.450639, 107.093404], [111.601229, 26.450681, 106.390498], [111.601217, 26.450697, 106.590888], [111.601217, 26.450705, 106.580648], [111.601215, 26.450782, 107.213404], [111.601216, 26.450799, 107.654009], [111.601216, 26.450819, 108.047977], [111.601218, 26.450881, 108.984701], [111.601218, 26.4509, 109.270831], [111.601218, 26.450917, 109.052693], [111.601213, 26.450976, 108.779726], [111.601212, 26.450993, 107.907486], [111.601216, 26.45101, 108.037696], [111.60123, 26.451069, 109.152685], [111.601234, 26.45109, 109.152733], [111.601234, 26.451102, 108.732089], [111.601231, 26.451166, 109.141192], [111.601229, 26.451185, 109.443955], [111.601228, 26.451197, 110.356814], [111.601223, 26.451263, 109.710067], [111.601223, 26.451278, 109.068857], [111.601225, 26.451295, 109.751161], [111.601234, 26.451356, 110.134672], [111.601237, 26.45137, 110.108553], [111.601234, 26.451385, 109.50882], [111.601225, 26.451458, 109.146168], [111.601226, 26.451471, 109.135385], [111.601228, 26.451488, 109.163863], [111.60124, 26.451565, 109.554232], [111.601242, 26.45158, 109.655817], [111.60124, 26.451596, 109.361358], [111.601233, 26.451655, 109.612591], [111.601231, 26.45168, 110.858503], [111.601232, 26.451694, 110.795568], [111.601239, 26.451757, 110.652901], [111.60124, 26.45177, 110.347583], [111.601237, 26.451784, 109.744903], [111.601221, 26.451852, 110.789694], [111.601218, 26.451859, 110.140985], [111.601216, 26.451875, 109.580477], [111.60121, 26.451943, 110.122974], [111.60121, 26.451956, 109.995538], [111.601211, 26.451967, 109.165143], [111.601216, 26.452034, 109.474759], [111.601216, 26.452052, 109.201415], [111.601215, 26.452062, 108.704936], [111.601211, 26.452126, 108.568323], [111.601215, 26.452146, 109.212383], [111.601221, 26.452151, 109.294716], [111.60129, 26.452193, 110.654217], [111.601309, 26.4522, 110.44058], [111.601334, 26.452207, 110.122799], [111.601387, 26.452222, 109.851863], [111.601413, 26.45223, 110.108021], [111.601435, 26.452239, 109.877472], [111.601491, 26.452263, 109.615402], [111.601507, 26.452271, 110.374737], [111.601507, 26.452282, 109.981112], [111.601507, 26.452359, 109.347256], [111.601507, 26.452368, 109.196057], [111.60151, 26.452379, 109.355963], [111.601516, 26.452412, 109.003196], [111.601515, 26.452412, 108.935954], [111.601484, 26.452419, 108.299249], [111.601399, 26.452435, 109.383207], [111.60138, 26.452437, 109.334692], [111.601358, 26.452438, 109.507651], [111.601289, 26.45244, 110.795101], [111.601273, 26.452439, 110.598232], [111.601256, 26.452436, 110.448679], [111.601187, 26.452425, 110.027865], [111.601164, 26.452422, 109.834537], [111.60115, 26.452422, 109.89291], [111.601078, 26.452424, 110.140121], [111.601053, 26.452427, 110.00583], [111.60104, 26.452429, 110.458101], [111.600969, 26.452442, 110.718258], [111.600946, 26.452446, 110.818773], [111.600933, 26.452447, 110.805384], [111.600863, 26.452453, 110.399228], [111.600843, 26.452452, 110.569231], [111.600841, 26.452449, 110.939544], [111.600811, 26.452365, 110.608463], [111.600808, 26.45235, 110.996597], [111.600806, 26.452333, 110.957258], [111.600799, 26.452261, 110.60224], [111.600799, 26.452247, 110.563344], [111.600806, 26.452234, 109.658642], [111.600849, 26.452176, 110.256657], [111.600862, 26.452167, 110.374834], [111.60088, 26.452159, 110.510983], [111.60094, 26.452139, 110.766715], [111.60096, 26.452134, 110.705425], [111.600982, 26.452131, 110.938466], [111.601043, 26.452125, 111.462122], [111.601061, 26.452124, 111.831482], [111.601091, 26.452124, 111.055516], [111.601146, 26.452126, 111.90309], [111.601167, 26.452126, 111.776173], [111.601192, 26.452134, 111.333853], [111.601247, 26.452151, 111.321558], [111.601238, 26.45206, 111.276659], [111.601235, 26.452046, 111.34247], [111.60123, 26.452032, 111.817463], [111.601194, 26.45198, 114.084293], [111.601178, 26.45197, 113.694564], [111.601167, 26.45197, 112.845569], [111.601085, 26.451973, 111.908873], [111.601066, 26.451974, 111.682108], [111.601044, 26.451974, 111.917873], [111.600988, 26.451974, 110.709368], [111.600957, 26.451973, 110.441187], [111.600942, 26.451972, 110.556076], [111.600882, 26.451963, 110.582933], [111.600855, 26.451959, 110.792772], [111.60084, 26.451957, 110.7366], [111.600781, 26.451952, 110.67295], [111.600755, 26.451948, 110.854492], [111.600741, 26.451947, 110.650783], [111.600679, 26.451942, 111.069268], [111.600651, 26.451939, 111.122889], [111.600638, 26.451936, 111.251729], [111.600582, 26.451944, 111.011091], [111.600582, 26.451943, 111.07911], [111.600592, 26.452001, 111.537638], [111.6006, 26.452055, 112.82686], [111.600601, 26.452059, 113.19138], [111.600609, 26.45209, 110.92272], [111.600627, 26.452145, 111.910912], [111.600635, 26.452163, 111.812158], [111.600631, 26.452177, 111.618314], [111.600596, 26.452228, 111.397556], [111.60058, 26.452239, 111.066899], [111.600569, 26.452239, 111.406212], [111.600482, 26.452239, 111.294232], [111.600467, 26.452238, 111.38335], [111.600449, 26.452237, 111.6148], [111.60037, 26.452235, 111.489853], [111.600361, 26.452239, 111.848172], [111.600353, 26.452251, 110.704418], [111.600305, 26.452318, 112.049771], [111.600298, 26.452329, 112.269568], [111.600289, 26.452342, 112.476999], [111.600252, 26.452396, 112.320186], [111.600242, 26.452403, 112.812379], [111.600224, 26.452406, 113.408001], [111.600145, 26.452417, 113.983512], [111.600136, 26.452418, 113.694619], [111.600124, 26.452418, 113.644885], [111.600035, 26.45242, 114.103482], [111.600026, 26.45242, 113.927752], [111.600016, 26.452419, 113.672948], [111.599921, 26.452416, 113.785319], [111.599909, 26.452415, 113.807587], [111.599895, 26.452413, 113.813297], [111.599816, 26.452401, 114.603936], [111.599804, 26.452399, 114.139827], [111.599794, 26.452403, 113.942724], [111.599719, 26.452441, 113.410641], [111.599712, 26.452446, 113.791271], [111.599707, 26.452454, 114.000554], [111.599669, 26.452528, 114.877336], [111.599667, 26.45254, 114.952383], [111.599664, 26.452555, 114.93366], [111.599656, 26.452616, 114.69778], [111.599654, 26.452635, 114.770963], [111.599654, 26.452655, 114.656022], [111.599655, 26.452719, 115.461939], [111.599658, 26.452738, 115.783231], [111.599664, 26.452753, 116.207377], [111.59969, 26.452812, 116.242452], [111.599697, 26.452829, 115.792611], [111.599698, 26.452837, 115.857195], [111.599707, 26.452907, 116.494038], [111.599708, 26.452919, 116.621316], [111.599706, 26.45293, 116.596465], [111.599681, 26.452993, 115.307579], [111.599671, 26.452997, 115.598029], [111.599649, 26.452995, 116.226166], [111.59958, 26.452989, 115.965423], [111.599572, 26.452987, 115.740275], [111.599553, 26.452978, 115.691407], [111.599488, 26.452948, 116.054926], [111.599477, 26.452943, 115.868831], [111.599467, 26.452948, 115.927506], [111.599392, 26.452991, 116.120585], [111.599386, 26.452998, 116.508148], [111.599388, 26.453003, 116.521154], [111.59943, 26.453085, 117.469212], [111.599435, 26.453094, 117.491538], [111.599437, 26.453093, 117.342954], [111.599328, 26.453116, 117.645668], [111.599327, 26.453116, 117.645668], [111.599326, 26.453115, 117.645668], [111.59925, 26.453053, 114.39174], [111.599237, 26.453045, 114.434584], [111.59922, 26.453035, 113.93254], [111.599161, 26.453003, 115.027793], [111.599141, 26.452992, 115.447309], [111.59912, 26.452982, 115.255066], [111.599062, 26.452955, 115.278679], [111.599044, 26.452946, 114.933724], [111.599026, 26.452938, 114.218429], [111.59896, 26.452905, 113.796194], [111.598948, 26.452899, 114.153938], [111.598932, 26.452894, 114.162441], [111.598859, 26.452871, 115.143395], [111.598846, 26.452867, 115.40954], [111.598831, 26.452864, 115.479149], [111.598754, 26.452849, 116.61545], [111.598742, 26.452846, 117.079091], [111.598727, 26.452842, 117.008748], [111.598649, 26.452821, 118.576618], [111.598638, 26.452818, 118.934275], [111.598638, 26.452817, 119.410355], [111.598656, 26.452715, 119.569487], [111.598658, 26.452697, 119.398327], [111.598662, 26.452675, 119.351616], [111.598672, 26.452615, 119.1239], [111.598676, 26.452597, 119.191502], [111.598682, 26.452578, 118.837211], [111.598697, 26.452528, 118.979655], [111.598703, 26.452499, 119.029077], [111.598705, 26.452487, 119.065628], [111.598716, 26.452429, 119.132628], [111.598723, 26.452406, 119.412162], [111.598731, 26.4524, 119.201636], [111.598788, 26.452366, 118.46693], [111.598808, 26.452355, 118.121891], [111.598812, 26.452347, 117.438987], [111.598833, 26.452287, 117.754636], [111.598837, 26.452265, 116.980813], [111.598841, 26.452261, 117.132998], [111.598876, 26.452223, 117.973737], [111.598885, 26.45221, 117.874435], [111.598892, 26.452203, 117.530674], [111.598943, 26.452148, 116.699699], [111.598954, 26.452134, 116.387346], [111.598962, 26.452129, 116.421388], [111.59902, 26.452089, 116.032137], [111.599024, 26.452088, 116.656529], [111.599025, 26.452087, 116.524372], [111.598923, 26.452201, 116.27382], [111.598863, 26.452285, 117.025759], [111.598858, 26.45229, 117.236844], [111.59884, 26.452314, 117.167789], [111.598802, 26.452367, 116.969976], [111.598792, 26.452383, 117.192378], [111.598781, 26.452401, 117.358007], [111.59875, 26.452455, 117.233668], [111.598741, 26.452472, 117.513351], [111.598733, 26.452489, 117.264504], [111.598704, 26.452551, 117.484406], [111.598699, 26.452564, 117.241635], [111.598691, 26.452576, 117.264487], [111.598654, 26.452636, 117.649106], [111.598647, 26.452647, 117.842088], [111.598639, 26.452659, 117.766693], [111.5986, 26.452717, 117.156836], [111.598593, 26.452727, 116.929135], [111.598587, 26.45274, 116.670227], [111.598558, 26.452804, 114.099233], [111.598554, 26.452804, 115.216381], [111.598517, 26.452795, 116.799407], [111.598453, 26.452777, 117.545371], [111.598439, 26.452772, 117.668712], [111.598423, 26.452766, 118.299249], [111.598352, 26.452742, 118.48232], [111.59834, 26.452739, 118.641679], [111.598327, 26.452735, 119.470795], [111.598252, 26.45271, 119.113784], [111.598241, 26.452706, 119.218381], [111.598229, 26.452702, 119.36682], [111.598153, 26.452676, 119.487451], [111.598139, 26.452672, 119.373253], [111.598123, 26.452668, 119.450586], [111.598045, 26.452649, 118.758464], [111.598031, 26.452647, 118.860385], [111.598015, 26.452644, 119.265078], [111.597934, 26.452632, 119.303387], [111.597923, 26.452629, 119.00811], [111.597912, 26.452624, 119.168522], [111.597841, 26.452593, 119.225735], [111.597832, 26.452588, 119.248927], [111.597822, 26.452584, 119.065357], [111.597745, 26.452549, 119.051026], [111.597733, 26.452545, 119.200381], [111.597719, 26.45254, 118.934595], [111.597639, 26.452512, 118.838601], [111.597627, 26.452508, 119.476317], [111.597613, 26.452504, 119.306823], [111.597526, 26.452482, 119.278036], [111.597512, 26.452477, 119.045629], [111.597497, 26.452472, 118.730946], [111.597425, 26.452445, 118.528078], [111.597414, 26.452441, 118.889576], [111.597403, 26.452435, 119.176861], [111.59734, 26.452394, 119.135681], [111.597329, 26.452386, 119.264468], [111.597317, 26.452377, 119.087174], [111.597252, 26.452329, 118.696322], [111.597243, 26.452323, 118.905999], [111.597232, 26.452317, 119.132307], [111.597165, 26.452277, 118.679265], [111.597159, 26.452271, 117.983323], [111.597153, 26.452262, 117.64562], [111.597109, 26.452198, 117.847146], [111.597101, 26.452189, 117.633805], [111.597103, 26.452187, 118.585845], [111.597153, 26.452161, 119.147947], [111.597196, 26.452143, 119.220745], [111.597198, 26.452138, 119.215963], [111.597231, 26.452072, 118.349109], [111.59724, 26.45205, 118.677401], [111.597249, 26.452026, 118.790999], [111.597267, 26.451975, 118.405147], [111.597273, 26.451965, 118.292893], [111.597294, 26.451957, 117.490854], [111.597361, 26.451933, 117.99503], [111.597372, 26.45193, 118.110415], [111.597397, 26.451925, 117.978386], [111.597466, 26.451908, 118.079142], [111.597477, 26.451905, 118.505662], [111.597481, 26.451909, 118.274652], [111.597417, 26.451847, 117.792058], [111.597406, 26.451835, 117.620103], [111.597401, 26.451825, 117.303421], [111.597372, 26.451765, 117.508809], [111.597367, 26.451748, 117.396686], [111.597363, 26.451743, 117.386796], [111.597319, 26.451682, 117.609177], [111.597309, 26.451673, 117.547292], [111.597295, 26.45166, 117.342895], [111.597246, 26.451615, 117.76367], [111.597235, 26.451603, 117.93088], [111.59723, 26.451592, 118.189134], [111.597291, 26.45175, 117.48005], [111.59741, 26.451838, 116.981827], [111.597415, 26.451845, 116.269907], [111.597426, 26.451856, 116.152938], [111.597488, 26.4519, 117.81457], [111.597496, 26.4519, 117.854779], [111.597511, 26.451895, 118.008307], [111.597595, 26.451859, 118.033301], [111.59761, 26.451851, 118.033623], [111.597626, 26.451842, 117.738926], [111.597686, 26.451805, 117.447341], [111.597698, 26.451796, 117.818732], [111.597709, 26.451785, 117.6927], [111.59776, 26.451734, 117.43997], [111.597769, 26.451724, 117.533597], [111.597779, 26.451714, 117.849039], [111.597831, 26.451665, 117.478448], [111.597841, 26.451657, 117.494337], [111.597853, 26.45165, 117.6063], [111.597919, 26.451606, 117.519832], [111.597925, 26.4516, 117.579681], [111.59793, 26.451592, 117.394972], [111.597978, 26.451523, 117.17395], [111.597985, 26.451516, 117.23088], [111.597994, 26.45151, 117.122015], [111.598064, 26.451471, 117.516304], [111.598074, 26.451469, 117.074688], [111.598086, 26.451469, 117.623208], [111.598175, 26.451469, 117.039305], [111.598178, 26.451466, 117.409027], [111.598179, 26.451458, 117.274457], [111.598179, 26.451373, 118.240489], [111.598179, 26.451361, 117.973954], [111.598177, 26.451348, 117.718431], [111.598168, 26.451282, 118.311326], [111.598166, 26.451262, 118.098488], [111.598164, 26.451253, 118.084291], [111.598147, 26.451225, 117.666813], [111.598136, 26.451197, 116.600801], [111.598134, 26.451184, 117.110404], [111.598135, 26.451148, 117.303447], [111.598136, 26.451097, 118.035403], [111.598136, 26.451081, 117.641536], [111.598135, 26.45104, 117.744783], [111.598133, 26.450997, 117.761712], [111.598133, 26.450976, 117.758218], [111.598138, 26.450941, 117.923937], [111.598147, 26.4509, 117.477979], [111.598154, 26.45089, 117.715289], [111.598182, 26.450861, 119.262322], [111.598218, 26.450834, 117.698602], [111.598232, 26.45083, 117.977827], [111.598245, 26.450819, 118.361023], [111.598265, 26.450802, 117.740469], [111.598276, 26.450793, 117.815133], [111.598288, 26.450787, 117.724149], [111.598355, 26.450762, 115.700358], [111.598355, 26.450761, 116.656739], [111.598354, 26.450742, 116.387242], [111.598352, 26.450671, 114.152689], [111.598352, 26.450671, 113.777889], [111.598348, 26.450644, 115.697976], [111.598338, 26.450577, 114.981321], [111.598339, 26.450573, 114.975705], [111.598333, 26.450556, 114.639064], [111.598314, 26.450504, 113.090237], [111.598314, 26.450504, 112.90628], [111.598306, 26.450494, 113.319116], [111.598226, 26.450396, 111.978768], [111.598218, 26.450387, 111.34327], [111.598218, 26.450387, 110.788561], [111.598164, 26.450261, 111.350453], [111.598162, 26.450254, 111.671381], [111.598161, 26.450247, 111.761583], [111.598149, 26.45015, 111.148715], [111.598148, 26.450139, 111.283982], [111.598145, 26.450127, 111.166262], [111.598131, 26.450059, 110.94017], [111.598129, 26.450047, 110.842965], [111.598127, 26.450032, 111.238167], [111.598118, 26.449968, 112.178447], [111.598117, 26.449956, 112.17816], [111.598117, 26.449942, 112.184163], [111.598118, 26.449869, 111.059312], [111.598118, 26.449859, 110.731543], [111.598118, 26.449849, 110.632134], [111.598114, 26.449775, 108.693144], [111.598114, 26.449766, 108.621655], [111.598111, 26.449756, 108.700129], [111.598091, 26.449683, 108.519411], [111.598088, 26.449672, 108.725096], [111.598084, 26.44966, 108.828506], [111.598064, 26.449591, 108.412472], [111.598064, 26.449582, 107.799159], [111.598063, 26.44957, 107.769262], [111.598055, 26.449499, 107.708502], [111.598054, 26.44949, 107.424463], [111.598056, 26.449482, 107.102689], [111.598085, 26.449405, 106.182848], [111.598091, 26.449399, 105.261635], [111.598099, 26.449398, 105.960194], [111.598188, 26.449391, 106.573698], [111.5982, 26.449393, 106.671742], [111.598213, 26.449398, 106.200391], [111.598291, 26.449427, 107.122586], [111.598305, 26.449433, 106.692644], [111.598319, 26.449441, 107.022318], [111.598384, 26.449476, 107.902643], [111.598395, 26.449482, 107.728408], [111.598407, 26.449488, 107.735432], [111.598476, 26.449524, 107.391667], [111.598486, 26.449529, 107.689811], [111.598497, 26.449535, 107.69244], [111.598575, 26.449574, 108.169767], [111.598587, 26.449579, 107.983317], [111.598601, 26.449585, 108.007019], [111.598677, 26.449613, 108.292134], [111.598691, 26.449618, 107.755853], [111.598707, 26.449625, 108.114699], [111.598772, 26.449653, 108.520815], [111.598786, 26.44966, 108.533255], [111.598802, 26.449666, 108.261944], [111.598865, 26.449693, 109.526387], [111.598879, 26.449699, 109.888216], [111.598895, 26.449707, 109.876483], [111.598958, 26.449737, 109.75204], [111.598971, 26.449744, 110.128089], [111.598987, 26.449748, 109.884823], [111.599064, 26.449768, 110.219295], [111.599078, 26.449769, 110.661591], [111.599093, 26.449768, 110.275633], [111.599181, 26.449761, 109.837975], [111.599196, 26.449759, 109.289583], [111.599212, 26.449756, 111.345528], [111.599233, 26.449761, 110.571615], [111.599318, 26.449783, 110.134243], [111.599341, 26.449789, 109.930274], [111.599365, 26.449796, 109.668266], [111.599424, 26.449815, 109.93807], [111.599441, 26.449822, 110.167638], [111.599457, 26.449828, 110.133291], [111.599522, 26.449853, 109.973248], [111.599523, 26.449859, 109.689275], [111.599545, 26.449879, 109.368411], [111.599601, 26.44992, 108.908494], [111.599615, 26.449926, 109.333122], [111.599633, 26.44993, 109.534479], [111.599711, 26.449948, 109.897815], [111.599728, 26.449951, 109.850717], [111.599746, 26.449952, 110.060423], [111.599822, 26.449955, 109.954192], [111.599838, 26.449955, 110.216177], [111.599855, 26.449955, 109.886645], [111.599932, 26.449952, 110.91726], [111.599945, 26.449952, 110.694168], [111.59996, 26.449952, 110.40682], [111.599999, 26.449951, 109.685364], [111.599995, 26.449952, 109.550952], [111.600013, 26.449953, 108.039364], [111.600066, 26.449956, 108.465649], [111.600067, 26.449956, 108.580681], [111.600104, 26.449968, 107.48961], [111.600173, 26.44999, 107.172427], [111.600193, 26.449996, 107.186996], [111.600216, 26.450001, 107.195552], [111.600279, 26.450017, 107.037349], [111.600298, 26.450021, 106.699266], [111.600316, 26.450025, 106.604836], [111.600382, 26.450039, 106.083873], [111.600396, 26.450042, 106.343607], [111.60041, 26.450058, 104.715374], [111.600442, 26.450103, 105.718944], [111.600442, 26.450103, 105.720468], [111.600427, 26.450104, 105.569644], [111.60039, 26.450105, 105.724887], [111.600383, 26.45011, 106.166314], [111.600282, 26.450175, 104.762776], [111.600281, 26.450174, 104.762776], [111.600274, 26.45012, 106.358968], [111.600387, 26.450043, 106.37848], [111.60039, 26.450042, 105.903746], [111.60039, 26.450042, 105.830149], [111.60042, 26.450146, 105.747942], [111.600429, 26.450137, 106.198847], [111.600462, 26.450126, 106.338056], [111.600532, 26.450109, 105.067398], [111.600558, 26.450106, 104.914628], [111.600585, 26.450105, 104.457874], [111.600637, 26.450103, 104.020458], [111.600662, 26.450102, 104.995711], [111.600686, 26.450101, 104.968898], [111.60075, 26.4501, 104.844082], [111.600766, 26.450101, 104.978721], [111.600789, 26.450108, 104.205531], [111.600853, 26.450122, 104.322118], [111.600874, 26.450124, 104.13615], [111.600886, 26.450123, 104.396059], [111.600966, 26.450112, 104.420126], [111.60098, 26.45011, 104.213039], [111.600996, 26.450108, 103.727803], [111.601066, 26.450114, 103.846762], [111.601086, 26.450121, 103.011659], [111.601094, 26.450129, 102.610569], [111.60114, 26.450176, 104.753542], [111.601161, 26.450201, 103.552346], [111.601169, 26.450213, 103.2679], [111.601197, 26.450261, 105.17155], [111.601207, 26.450281, 103.313971], [111.601206, 26.450295, 103.256093], [111.601198, 26.450307, 104.150668], [111.601194, 26.450305, 104.977481], [111.60111, 26.450272, 104.252542], [111.601108, 26.450269, 104.242832], [111.601108, 26.45027, 104.242832], [111.601119, 26.450324, 104.190197], [111.601121, 26.45034, 104.368872], [111.601121, 26.450339, 104.368872], [111.601002, 26.450238, 103.656081], [111.600966, 26.450212, 103.295425], [111.600954, 26.450196, 103.468885], [111.60093, 26.450169, 103.704183], [111.6009, 26.450138, 104.701589], [111.600886, 26.450128, 104.809027], [111.600846, 26.450107, 104.441459], [111.600804, 26.450091, 104.956009], [111.600789, 26.450094, 105.070739], [111.600765, 26.450122, 103.789398], [111.600736, 26.450168, 104.252067], [111.600734, 26.450178, 104.26929], [111.600722, 26.450213, 104.57465], [111.600694, 26.450248, 105.071355], [111.600693, 26.45025, 105.189772], [111.600741, 26.45016, 104.616993], [111.600755, 26.450136, 104.465211], [111.600757, 26.450133, 104.375924], [111.600792, 26.450079, 103.944171], [111.600811, 26.450053, 103.396246], [111.600816, 26.450048, 103.389809], [111.600697, 26.450134, 104.27829], [111.600729, 26.450108, 104.069433], [111.600729, 26.450105, 104.075172], [111.600756, 26.450034, 104.290774], [111.600752, 26.450015, 103.504892], [111.600753, 26.450015, 103.429831], [111.600675, 26.45004, 103.849901], [111.600675, 26.45004, 103.849901], [111.600676, 26.450041, 103.849901], [111.600736, 26.450114, 103.641809], [111.600781, 26.450171, 102.598157], [111.600798, 26.450171, 101.622061], [111.600847, 26.450164, 103.986921], [111.600905, 26.450155, 105.985078], [111.600926, 26.450152, 106.318575], [111.600951, 26.45015, 106.572683], [111.601021, 26.450147, 106.213816], [111.60104, 26.45015, 104.84478], [111.601055, 26.450157, 105.125712], [111.601121, 26.450189, 103.635945], [111.601127, 26.450195, 103.486876], [111.601136, 26.450213, 103.576729], [111.601164, 26.450275, 103.484052], [111.601164, 26.450282, 103.846714], [111.601171, 26.450302, 104.010527], [111.601166, 26.450305, 104.171122], [111.601091, 26.450347, 104.3516], [111.601077, 26.450353, 104.44779], [111.601042, 26.450354, 104.816772], [111.600987, 26.450344, 105.554955], [111.60098, 26.450336, 105.508556], [111.600951, 26.450291, 105.27489], [111.600939, 26.450263, 105.091497], [111.600931, 26.450233, 104.94845], [111.600927, 26.450202, 104.82335], [111.600928, 26.45017, 104.63617], [111.600935, 26.45014, 104.433699], [111.600945, 26.450113, 104.326956], [111.600963, 26.450074, 104.005054], [111.600975, 26.450045, 103.530495], [111.60097, 26.450026, 103.298708], [111.600941, 26.450004, 103.397055], [111.600895, 26.449986, 103.854238], [111.600858, 26.449985, 103.933375], [111.60069, 26.44998, 103.956591], [111.600669, 26.449975, 104.018437], [111.600391, 26.449905, 104.735095], [111.600379, 26.449902, 104.661257], [111.600377, 26.449901, 104.84536], [111.600151, 26.449845, 107.510438], [111.600043, 26.449818, 107.683175], [111.599902, 26.449782, 107.746318], [111.599747, 26.449745, 107.838266], [111.599586, 26.449706, 107.956085], [111.599422, 26.449668, 107.946955], [111.599258, 26.44963, 108.001718], [111.599096, 26.449593, 108.155474], [111.598938, 26.449557, 108.402362], [111.598786, 26.449522, 108.05824], [111.59864, 26.449488, 107.676201], [111.5985, 26.449454, 107.340616], [111.598368, 26.449422, 106.983724], [111.598251, 26.449394, 107.090751], [111.598143, 26.449368, 106.792116], [111.598044, 26.449343, 106.521425], [111.597957, 26.449322, 105.952745], [111.597882, 26.449307, 106.246132], [111.597822, 26.4493, 105.691326], [111.597776, 26.4493, 105.406529], [111.597745, 26.449308, 106.049972], [111.597734, 26.449322, 106.447184], [111.597716, 26.449368, 107.622141], [111.59773, 26.44939, 107.866069], [111.597919, 26.449701, 109.07426], [111.597933, 26.449722, 108.957191], [111.597934, 26.449724, 109.368412], [111.598025, 26.449866, 113.247966], [111.598065, 26.449939, 113.41063], [111.598112, 26.450032, 113.511811], [111.598156, 26.45013, 113.714731], [111.598198, 26.450222, 113.546983], [111.598015, 26.450495, 112.9338], [111.598015, 26.450495, 112.884625], [111.598015, 26.450495, 113.071342], [111.597894, 26.450561, 113.728815], [111.597858, 26.45058, 112.999241], [111.597813, 26.450593, 112.76951], [111.597771, 26.450598, 111.926507], [111.597729, 26.4506, 111.689805], [111.597686, 26.450598, 110.884685], [111.597646, 26.450596, 110.972794], [111.597564, 26.450589, 111.269547], [111.597529, 26.450585, 111.429257], [111.597435, 26.450569, 111.843474], [111.597334, 26.450545, 112.358117], [111.597119, 26.450492, 112.38434], [111.597092, 26.450485, 112.751981], [111.597092, 26.450484, 112.828553], [111.597072, 26.450823, 114.893623], [111.597072, 26.450823, 114.989207], [111.597072, 26.450823, 115.134283], [111.596992, 26.45099, 114.996189], [111.596956, 26.451065, 115.607534], [111.596907, 26.451163, 115.442992], [111.596854, 26.451272, 116.499453], [111.596799, 26.451387, 115.442476], [111.596745, 26.451501, 114.708147], [111.596695, 26.451611, 114.971989], [111.596651, 26.451714, 115.688215], [111.596612, 26.451807, 115.388714], [111.596589, 26.451888, 115.901581], [111.596584, 26.451911, 116.119743], [111.596582, 26.451912, 116.395403], [111.596622, 26.451883, 116.663321], [111.596626, 26.45188, 116.663321], [111.596626, 26.451879, 116.663321], [111.596595, 26.451926, 117.255189], [111.596576, 26.451962, 117.330999], [111.596574, 26.451975, 117.298356], [111.596607, 26.45179, 116.150027], [111.596619, 26.451735, 115.54633], [111.596632, 26.451673, 116.057101], [111.596647, 26.451611, 115.621089], [111.596684, 26.451457, 115.818545], [111.596687, 26.451447, 115.820084], [111.596687, 26.451446, 115.973956], [111.596719, 26.451338, 116.04982], [111.596783, 26.451122, 117.08538], [111.596792, 26.451093, 117.210812], [111.596793, 26.451089, 118.095716], [111.596832, 26.450972, 115.400201], [111.596857, 26.450898, 114.889002], [111.596894, 26.450793, 114.64518], [111.596938, 26.450669, 113.933161], [111.596987, 26.450533, 113.342557], [111.597038, 26.450396, 112.880894], [111.597088, 26.450265, 112.352447], [111.597135, 26.450144, 111.950017], [111.597178, 26.450032, 111.407744], [111.597218, 26.449929, 111.148449], [111.597255, 26.449833, 110.737719], [111.597291, 26.449743, 110.397968], [111.597325, 26.449656, 110.070127], [111.597358, 26.449573, 109.515591], [111.597389, 26.449492, 109.084897], [111.597418, 26.44941, 108.498599], [111.597445, 26.44933, 107.882286], [111.59747, 26.449251, 107.62863], [111.597495, 26.449171, 107.317864], [111.597519, 26.449092, 106.799247], [111.597544, 26.449013, 106.827741], [111.597569, 26.448932, 107.508016], [111.597594, 26.448852, 106.574902], [111.597619, 26.44877, 106.602942], [111.597644, 26.448692, 107.098841], [111.597668, 26.448614, 107.472787], [111.597692, 26.448538, 107.507502], [111.597717, 26.448462, 107.92878], [111.597742, 26.448388, 108.194066], [111.597768, 26.448315, 108.928257], [111.597795, 26.448241, 108.470083], [111.597823, 26.448168, 109.149866], [111.597851, 26.448093, 109.055649], [111.597879, 26.448019, 110.882267], [111.597906, 26.447944, 110.378726], [111.597932, 26.447869, 110.256138], [111.597957, 26.447793, 110.550389], [111.597981, 26.447717, 110.181929], [111.598004, 26.447643, 110.81012], [111.598027, 26.447569, 110.796253], [111.598051, 26.447495, 110.840982], [111.598078, 26.447419, 111.094941], [111.598103, 26.447342, 111.444357], [111.598127, 26.447264, 111.456442], [111.59815, 26.447185, 111.610663], [111.598174, 26.447107, 111.455932], [111.598198, 26.447028, 111.160949], [111.598222, 26.446948, 111.230757], [111.598247, 26.446869, 111.225552], [111.598272, 26.44679, 110.907255], [111.598297, 26.446711, 111.118458], [111.598322, 26.446632, 111.509249], [111.598348, 26.446554, 111.529909], [111.598373, 26.446476, 104.758201], [111.598398, 26.446399, 102.705463], [111.598425, 26.446323, 101.884135], [111.598452, 26.446247, 101.211278], [111.598479, 26.446172, 100.942035], [111.598506, 26.446095, 100.725312], [111.598533, 26.446017, 100.719729], [111.59856, 26.445936, 100.555387], [111.598588, 26.445852, 100.501598], [111.598617, 26.445765, 100.558525], [111.598646, 26.445676, 100.64706], [111.598675, 26.445587, 100.441753], [111.598704, 26.445496, 100.53699], [111.598734, 26.445404, 100.616625], [111.598764, 26.445312, 100.674818], [111.598793, 26.44522, 100.983809], [111.598823, 26.445127, 101.274108], [111.598852, 26.445033, 101.397329], [111.598881, 26.444939, 101.92739], [111.598911, 26.444847, 102.467297], [111.598941, 26.444754, 102.617534], [111.598972, 26.444662, 103.117767], [111.599002, 26.44457, 103.867679], [111.599033, 26.444478, 104.238068], [111.599063, 26.444386, 104.79948], [111.599092, 26.444294, 105.299078], [111.599122, 26.444203, 105.895968], [111.59915, 26.444113, 106.339704], [111.599178, 26.444025, 106.777696], [111.599204, 26.443939, 107.22394], [111.599228, 26.443855, 107.763371], [111.599252, 26.443774, 108.184766], [111.599274, 26.443697, 108.748331], [111.599295, 26.443622, 109.098213], [111.599316, 26.443551, 109.538915], [111.599335, 26.443483, 109.771178], [111.599353, 26.44342, 110.178834], [111.59937, 26.443362, 110.529677], [111.599386, 26.443308, 111.055391], [111.599399, 26.443257, 111.287758], [111.599409, 26.443206, 111.649338], [111.599422, 26.443155, 111.85288], [111.599436, 26.443105, 112.187413], [111.599451, 26.443055, 112.396323], [111.599467, 26.443006, 112.585931], [111.599483, 26.442956, 112.858277], [111.599499, 26.442905, 113.094499], [111.599517, 26.442852, 113.206541], [111.599534, 26.442798, 113.319242], [111.599551, 26.442745, 113.436386], [111.599568, 26.442691, 113.656814], [111.599584, 26.442639, 113.673565], [111.5996, 26.442587, 113.761878], [111.599615, 26.442534, 113.87179], [111.599631, 26.442479, 113.911922], [111.599649, 26.442423, 113.969914], [111.59967, 26.442365, 113.946094], [111.599692, 26.442305, 114.042108], [111.599715, 26.442242, 113.974493], [111.599738, 26.442179, 113.913984], [111.59976, 26.442115, 113.867599], [111.599782, 26.442049, 113.81512], [111.599803, 26.441984, 113.696015], [111.599824, 26.441919, 113.540911], [111.599845, 26.441856, 113.462812], [111.599864, 26.441793, 113.231833], [111.599885, 26.441731, 113.110599], [111.599905, 26.441669, 112.862587], [111.599924, 26.44161, 112.682448], [111.599942, 26.441554, 112.478886], [111.599959, 26.441501, 112.400117], [111.599975, 26.441448, 112.222417], [111.599988, 26.4414, 112.063413], [111.599998, 26.441353, 111.992537], [111.600007, 26.441309, 111.874217], [111.600014, 26.441267, 111.713025], [111.600019, 26.441229, 111.666781], [111.600024, 26.441195, 111.512468], [111.600028, 26.441167, 111.386649], [111.600032, 26.441122, 111.201059], [111.600031, 26.441103, 111.128681], [111.600014, 26.441091, 111.020954], [111.600015, 26.441088, 110.726419], [111.599998, 26.441142, 110.726419], [111.599998, 26.441142, 110.726419], [111.599998, 26.441142, 110.726419], [111.600005, 26.441003, 111.348808], [111.600004, 26.440941, 111.232228], [111.599999, 26.440862, 111.155487], [111.599991, 26.440775, 111.104713], [111.599981, 26.440684, 111.076755], [111.59997, 26.44059, 111.073596], [111.599958, 26.440495, 111.140343], [111.599944, 26.440399, 111.317974], [111.599929, 26.440304, 111.146498], [111.599913, 26.440211, 111.12981], [111.599896, 26.440117, 111.157668], [111.59988, 26.440025, 111.308206], [111.599863, 26.439933, 111.349343], [111.599848, 26.439841, 111.43755], [111.599833, 26.43975, 111.619632], [111.59982, 26.43966, 111.716039], [111.599806, 26.439567, 111.826218], [111.599791, 26.439473, 111.825717], [111.599773, 26.439377, 111.796609], [111.599755, 26.43928, 111.946318], [111.599736, 26.439181, 112.070773], [111.599716, 26.439081, 112.109677], [111.599697, 26.438977, 112.293987], [111.599677, 26.438873, 112.310275], [111.599658, 26.43877, 112.265607], [111.59964, 26.438674, 112.441833], [111.599623, 26.438584, 112.597642], [111.599605, 26.438497, 112.651067], [111.599588, 26.438418, 112.81555], [111.599571, 26.438346, 112.853126], [111.599557, 26.438279, 112.94324], [111.599544, 26.438219, 113.030334], [111.599534, 26.438166, 112.98133], [111.599528, 26.438123, 112.999685], [111.599524, 26.438091, 113.042728], [111.599522, 26.438071, 113.102049], [111.599533, 26.438194, 113.318754], [111.599533, 26.438194, 113.318754], [111.599533, 26.438194, 113.318754], [111.59949, 26.438118, 113.093781], [111.599488, 26.438111, 113.063209], [111.599488, 26.438101, 113.035832], [111.599497, 26.438, 113.116247], [111.599514, 26.437829, 113.175653], [111.599527, 26.437812, 113.201554], [111.599605, 26.437712, 113.296343], [111.59961, 26.437705, 113.288398], [111.599612, 26.437704, 113.263586], [111.599698, 26.437628, 113.212272], [111.599889, 26.43746, 113.231151], [111.599915, 26.437437, 113.379123], [111.600054, 26.437316, 113.586922], [111.600063, 26.437307, 113.765699], [111.600065, 26.437306, 113.962239], [111.600163, 26.437219, 114.75883], [111.600217, 26.437171, 115.134894], [111.600292, 26.437104, 115.240548], [111.600378, 26.437026, 115.51402], [111.600471, 26.436942, 115.641266], [111.600564, 26.436856, 115.890597], [111.600656, 26.43677, 116.025111], [111.600745, 26.436688, 116.402801], [111.60083, 26.43661, 116.534572], [111.60091, 26.436535, 116.669547], [111.60098, 26.436468, 116.93234], [111.601045, 26.436407, 117.191689], [111.601105, 26.436352, 117.324931], [111.601157, 26.436306, 117.473241], [111.601199, 26.436267, 117.680524], [111.601234, 26.436235, 118.009309], [111.601263, 26.436209, 118.250863], [111.601291, 26.436187, 118.453996], [111.601317, 26.436166, 118.477527], [111.601342, 26.436144, 118.678448], [111.6014, 26.436094, 118.971806], [111.601434, 26.436065, 119.11732], [111.601472, 26.436031, 119.086592], [111.601514, 26.435994, 119.203916], [111.60156, 26.435954, 119.193142], [111.601609, 26.435911, 118.382401], [111.601661, 26.435869, 118.832855], [111.601716, 26.435825, 119.073341], [111.601775, 26.435777, 119.37339], [111.601836, 26.435727, 119.64216], [111.601898, 26.435676, 119.872081], [111.601959, 26.435621, 120.149416], [111.602017, 26.435565, 120.406471], [111.602077, 26.435504, 120.593819], [111.602139, 26.435439, 120.628748], [111.602201, 26.435374, 120.788661], [111.602262, 26.435311, 120.876984], [111.602322, 26.43525, 121.122684], [111.602381, 26.435192, 121.403871], [111.602438, 26.435135, 121.438098], [111.602493, 26.435078, 121.597925], [111.602554, 26.43502, 121.698528], [111.602616, 26.434965, 121.857005], [111.602682, 26.434909, 121.918851], [111.60275, 26.434851, 121.991066], [111.602822, 26.434791, 122.00844], [111.602893, 26.434731, 122.16479], [111.602963, 26.434673, 122.346705], [111.603034, 26.434613, 122.644383], [111.603105, 26.434553, 122.750549], [111.603177, 26.434492, 122.831337], [111.603248, 26.434431, 122.754165], [111.603319, 26.434371, 122.821342], [111.60339, 26.434311, 122.734627], [111.603461, 26.434249, 122.708273], [111.603532, 26.434185, 122.788587], [111.603601, 26.43412, 122.684837], [111.603667, 26.434056, 122.697909], [111.603733, 26.433992, 122.467346], [111.603798, 26.433929, 122.379279], [111.603861, 26.433867, 122.23871], [111.603923, 26.433804, 122.126741], [111.603986, 26.433739, 121.891344], [111.60405, 26.433674, 121.727551], [111.604113, 26.43361, 121.439878], [111.604175, 26.433549, 121.174552], [111.604233, 26.433488, 121.020063], [111.604286, 26.43343, 120.703565], [111.604337, 26.433377, 120.548474], [111.60439, 26.433326, 120.519968], [111.604447, 26.433276, 120.383456], [111.604508, 26.433225, 120.142578], [111.604571, 26.433175, 120.091437], [111.604633, 26.433125, 120.08145], [111.604693, 26.433078, 120.207873], [111.604749, 26.433034, 120.175792], [111.6048, 26.432994, 119.99996], [111.60485, 26.432954, 120.063832], [111.6049, 26.432915, 120.100583], [111.604947, 26.432877, 120.133012], [111.604991, 26.432842, 120.007554], [111.605031, 26.432809, 119.937149], [111.605068, 26.432779, 119.68555], [111.6051, 26.432751, 119.508828], [111.605128, 26.432724, 119.419905], [111.605152, 26.432701, 119.520005], [111.605173, 26.432696, 119.613454], [111.605178, 26.432692, 120.303593], [111.605304, 26.432576, 120.420011], [111.605352, 26.432531, 120.501622], [111.605412, 26.432476, 120.514258], [111.605473, 26.432419, 120.537462], [111.605533, 26.43236, 120.497796], [111.605593, 26.432302, 120.4099], [111.605651, 26.432247, 120.688132], [111.605709, 26.432196, 120.530836], [111.605767, 26.432148, 120.368236], [111.605825, 26.432102, 120.462601], [111.605883, 26.432059, 120.464972], [111.605942, 26.432018, 120.458379], [111.606002, 26.431978, 120.357059], [111.60606, 26.431939, 120.426737], [111.606115, 26.431902, 120.594382], [111.606167, 26.431868, 120.713723], [111.606218, 26.431836, 120.813073], [111.606269, 26.431803, 120.787258], [111.606323, 26.43177, 120.837652], [111.60638, 26.431733, 120.598827], [111.606435, 26.431696, 120.641839], [111.606491, 26.431657, 120.613256], [111.606549, 26.431616, 120.504078], [111.60661, 26.431573, 120.399073], [111.606676, 26.431529, 120.445572], [111.606746, 26.431484, 120.480006], [111.606821, 26.431439, 120.26912], [111.606898, 26.431394, 120.148677], [111.606977, 26.431349, 120.139648], [111.607055, 26.431304, 120.122253], [111.607133, 26.431259, 120.014227], [111.607209, 26.431214, 120.078442], [111.607286, 26.431169, 120.122741], [111.607362, 26.431123, 120.107505], [111.607435, 26.431079, 120.109026], [111.607507, 26.431036, 120.191913], [111.607578, 26.430992, 120.220071], [111.607648, 26.430949, 120.213125], [111.607719, 26.430905, 120.103165], [111.607788, 26.43086, 120.095994], [111.607853, 26.430814, 120.040011], [111.607914, 26.430766, 119.938706], [111.607972, 26.430718, 119.87333], [111.608028, 26.430672, 119.626633], [111.608081, 26.430628, 119.462425], [111.608134, 26.430584, 119.127957], [111.608187, 26.430543, 118.892388], [111.608242, 26.430503, 118.610907], [111.6083, 26.430463, 118.397798], [111.608363, 26.430422, 118.035679], [111.608425, 26.430378, 117.784153], [111.608485, 26.430332, 117.391236], [111.608541, 26.430281, 117.059187], [111.608594, 26.430227, 116.672385], [111.608645, 26.430169, 116.234619], [111.608694, 26.430109, 115.682993], [111.608743, 26.430046, 115.132449], [111.608787, 26.429984, 114.750874], [111.608828, 26.429922, 114.26197], [111.608865, 26.429857, 113.899065], [111.608896, 26.429793, 113.484072], [111.608922, 26.429728, 113.08554], [111.608944, 26.429663, 112.76702], [111.60896, 26.429601, 112.513145], [111.608971, 26.429543, 112.257195], [111.608967, 26.429489, 112.168317], [111.608961, 26.429434, 112.101383], [111.608962, 26.429427, 112.013292], [111.60897, 26.429377, 111.586838], [111.608975, 26.429341, 111.383943], [111.608996, 26.429117, 111.505412], [111.60901, 26.42896, 111.431679], [111.609011, 26.428949, 111.115014], [111.609011, 26.428948, 110.976295], [111.609016, 26.428807, 110.29773], [111.609019, 26.428738, 110.149932], [111.609023, 26.428652, 110.058464], [111.609041, 26.428272, 109.510604], [111.609041, 26.428272, 109.512068], [111.609041, 26.428272, 109.447169], [111.609044, 26.428218, 109.040345], [111.609044, 26.428205, 109.007969], [111.609052, 26.428179, 108.603695], [111.60908, 26.428113, 108.647747], [111.609096, 26.428095, 108.62756], [111.609101, 26.428076, 108.595365], [111.609052, 26.428218, 109.366065], [111.609039, 26.428246, 109.53992], [111.609021, 26.42828, 109.614438], [111.608998, 26.428315, 109.792038], [111.608928, 26.428421, 109.74782], [111.608919, 26.428435, 109.934978], [111.608918, 26.428437, 110.062259], [111.608891, 26.428603, 110.944927], [111.608881, 26.428676, 111.188444], [111.608882, 26.428769, 111.394717], [111.608893, 26.428875, 111.613658], [111.608909, 26.428987, 111.924108], [111.608924, 26.429102, 112.514872], [111.608938, 26.429223, 112.85699], [111.608946, 26.429346, 113.101765], [111.608946, 26.429469, 113.079979], [111.608938, 26.429591, 113.308775], [111.60892, 26.429711, 113.30204], [111.608894, 26.429826, 113.714192], [111.60886, 26.429934, 114.095208], [111.60882, 26.430035, 114.341287], [111.608775, 26.430128, 114.68167], [111.608726, 26.430214, 115.066331], [111.608678, 26.430289, 115.39783], [111.608628, 26.430356, 115.706844], [111.608578, 26.430418, 116.009225], [111.60853, 26.430476, 116.332227], [111.608484, 26.430529, 116.644735], [111.608436, 26.430579, 117.221382], [111.608389, 26.430625, 117.508077], [111.60834, 26.430666, 117.808862], [111.608291, 26.430701, 118.232845], [111.608242, 26.430732, 118.533551], [111.608193, 26.430761, 118.902799], [111.608143, 26.430788, 119.120333], [111.608098, 26.430811, 119.332163], [111.60806, 26.43083, 119.461258], [111.608024, 26.430847, 119.772484], [111.60799, 26.430861, 120.021267], [111.607984, 26.430854, 120.183746], [111.608069, 26.430943, 122.867359], [111.608188, 26.431067, 122.823361], [111.6082, 26.431079, 122.806206], [111.608201, 26.431079, 122.870851], [111.60831, 26.43109, 121.661238], [111.608339, 26.431094, 121.32361], [111.608371, 26.431094, 121.113175], [111.608406, 26.431092, 121.135561], [111.608441, 26.43109, 121.037582], [111.608471, 26.431089, 120.876989], [111.608519, 26.431087, 120.767071], [111.608539, 26.431086, 120.781122], [111.608577, 26.431077, 120.805955], [111.608616, 26.431062, 120.696936], [111.60863, 26.431053, 120.699064], [111.608663, 26.431031, 120.58211], [111.608709, 26.431001, 120.683669], [111.608724, 26.430993, 120.680614], [111.608734, 26.430975, 120.619536], [111.608757, 26.43091, 120.509688], [111.608757, 26.430891, 120.446627], [111.608755, 26.430865, 120.271357], [111.608753, 26.430804, 120.062421], [111.608758, 26.430774, 119.999098], [111.608774, 26.430753, 119.966113], [111.608811, 26.430705, 120.4236], [111.608962, 26.430713, 120.889776], [111.60898, 26.430714, 121.224311], [111.608983, 26.430714, 121.473396], [111.609134, 26.430685, 120.522621], [111.609219, 26.430671, 120.395455], [111.60933, 26.430656, 120.162108], [111.609446, 26.430641, 120.305877], [111.609556, 26.430627, 120.369637], [111.609656, 26.430616, 120.27478], [111.609741, 26.430607, 120.417697], [111.609811, 26.4306, 120.544713], [111.609865, 26.430595, 120.491257], [111.609906, 26.430593, 120.649584], [111.609915, 26.430604, 120.691114], [111.609917, 26.430604, 120.765846], [111.609851, 26.430615, 121.739211], [111.609851, 26.430615, 121.8725], [111.609851, 26.430615, 121.91], [111.609738, 26.43062, 122.227535], [111.609727, 26.430621, 122.032049], [111.609718, 26.430625, 122.446933], [111.609648, 26.430661, 121.433835], [111.609634, 26.430668, 121.336253], [111.609617, 26.430679, 121.120685], [111.609555, 26.430719, 120.470966], [111.60954, 26.43073, 121.083155], [111.609523, 26.430742, 120.805309], [111.609466, 26.430781, 120.801054], [111.609451, 26.430789, 120.63125], [111.609434, 26.430791, 120.765932], [111.609349, 26.430799, 120.099533], [111.609331, 26.430796, 120.129068], [111.609309, 26.430791, 120.07786], [111.609239, 26.430772, 119.975803], [111.609217, 26.430766, 120.191895], [111.609194, 26.43076, 119.085465], [111.609124, 26.430743, 119.665833], [111.609101, 26.430739, 119.144382], [111.609079, 26.430737, 119.177403], [111.609014, 26.430735, 119.419464], [111.608993, 26.430734, 120.247684], [111.608972, 26.430733, 119.924455], [111.608914, 26.430728, 118.66507], [111.608896, 26.430725, 118.523747], [111.608858, 26.430718, 119.106094], [111.608802, 26.430708, 119.161457], [111.608782, 26.430704, 119.103023], [111.608763, 26.430706, 118.503603], [111.608691, 26.430722, 118.681549], [111.608688, 26.430727, 118.212827], [111.608683, 26.430754, 118.564961], [111.608672, 26.430828, 118.342087], [111.608669, 26.430851, 119.422663], [111.608665, 26.430874, 119.683541], [111.608656, 26.430924, 118.956985], [111.60865, 26.430946, 119.913025], [111.60864, 26.430964, 120.044687], [111.608603, 26.430989, 119.856975], [111.608572, 26.430997, 120.413796], [111.608553, 26.430992, 119.280855], [111.608501, 26.430976, 120.422961], [111.608475, 26.430961, 120.069276], [111.608462, 26.430953, 121.258969], [111.608176, 26.430784, 120.08871], [111.608176, 26.430784, 119.978537], [111.608176, 26.430784, 120.043934], [111.608352, 26.430795, 122.5431], [111.608389, 26.430857, 122.328134], [111.608392, 26.430856, 121.652482], [111.608242, 26.430891, 121.857761], [111.608224, 26.430751, 122.497733], [111.608224, 26.430751, 120.299139], [111.608224, 26.430751, 120.073408], [111.60822, 26.430871, 120.837838], [111.608219, 26.430878, 120.69101], [111.608224, 26.430883, 120.617323], [111.608158, 26.430829, 120.504722], [111.608116, 26.430796, 120.294621], [111.608115, 26.430797, 120.316261], [111.60806, 26.430829, 120.257929], [111.608059, 26.43083, 120.257929], [111.608059, 26.43083, 120.257929], [111.608126, 26.430764, 119.991316], [111.608126, 26.430764, 119.900464], [111.608134, 26.430773, 120.077395], [111.608207, 26.430856, 120.215075], [111.608208, 26.430858, 120.215075], [111.60821, 26.430859, 120.487175], [111.608314, 26.430905, 138.084409], [111.608341, 26.431015, 137.267209], [111.608343, 26.431022, 137.267209], [111.608343, 26.431022, 137.267209], [111.608174, 26.430868, 120.674362], [111.608174, 26.430868, 120.674362], [111.608174, 26.430868, 120.674362], [111.608261, 26.430973, 137.430905], [111.608261, 26.430973, 137.430905], [111.608333, 26.431009, 137.227475], [111.608193, 26.430861, 120.59875], [111.608182, 26.430851, 120.478661], [111.608183, 26.430842, 120.478661], [111.608175, 26.430929, 130.668332], [111.608175, 26.43093, 130.668332], [111.608175, 26.43093, 130.668332], [111.608255, 26.430905, 120.522464], [111.608258, 26.430905, 120.522464], [111.608261, 26.430906, 120.522464], [111.608177, 26.430879, 120.648522], [111.608177, 26.430876, 120.886842], [111.608193, 26.430863, 120.70647], [111.608238, 26.430828, 120.354881], [111.608237, 26.430825, 120.354881], [111.608319, 26.430973, 120.94863], [111.608318, 26.430973, 120.75274], [111.608317, 26.430972, 120.731681], [111.608241, 26.430914, 120.612167], [111.608236, 26.43091, 120.612167], [111.608232, 26.430907, 120.612167], [111.608168, 26.430854, 120.526671], [111.608166, 26.430855, 120.526671], [111.608226, 26.430822, 119.957901], [111.608326, 26.430949, 121.703023], [111.608361, 26.430994, 135.16577], [111.608361, 26.430994, 135.516478], [111.608447, 26.430958, 119.639969], [111.608233, 26.430917, 121.235106], [111.608229, 26.430916, 121.230528], [111.608227, 26.430914, 121.234739], [111.608149, 26.43087, 122.938633], [111.608149, 26.430871, 121.369019], [111.608147, 26.43087, 121.039102], [111.60965, 26.431615, 121.639961], [111.609718, 26.43165, 121.54438], [111.609726, 26.431655, 134.114319], [111.608209, 26.430824, 121.814378], [111.608209, 26.430824, 121.387871], [111.608209, 26.430824, 121.234828], [111.608192, 26.430905, 120.673227], [111.608189, 26.43092, 120.673227], [111.60819, 26.430921, 120.673227], [111.608277, 26.431073, 122.062802], [111.608276, 26.431072, 122.089902], [111.608276, 26.431071, 122.089902], [111.608176, 26.430944, 120.669044], [111.608171, 26.430935, 120.669044], [111.608174, 26.430926, 120.669044], [111.608197, 26.43074, 120.70812], [111.608206, 26.430681, 120.200065], [111.608203, 26.430698, 120.357863], [111.608173, 26.430865, 120.724603], [111.608143, 26.430812, 120.470711], [111.608162, 26.430875, 120.68853], [111.608257, 26.4309, 120.591141], [111.608164, 26.430893, 120.609317], [111.608213, 26.430929, 120.923094], [111.608221, 26.430934, 121.231987], [111.608221, 26.430934, 121.080294], [111.608231, 26.430887, 120.382806], [111.608233, 26.430878, 120.284562], [111.608233, 26.430878, 120.298712], [111.60824, 26.430864, 120.411119], [111.608244, 26.430857, 120.443803], [111.608244, 26.430856, 120.195841], [111.608244, 26.430843, 120.289638], [111.608261, 26.430915, 120.716764], [111.608273, 26.430919, 120.736141], [111.608229, 26.430896, 120.659888], [111.608204, 26.430868, 120.568355], [111.608205, 26.430861, 120.53734], [111.608209, 26.430819, 120.163845], [111.608218, 26.430794, 120.302079], [111.608217, 26.430793, 120.097065], [111.60828, 26.430822, 120.426163], [111.608414, 26.430882, 120.530834], [111.608414, 26.430882, 120.44875], [111.608414, 26.430882, 120.348472], [111.60844, 26.430972, 120.703814], [111.608444, 26.430986, 120.85536], [111.608449, 26.430988, 120.670923], [111.608344, 26.430941, 120.80514], [111.60833, 26.430933, 120.879135], [111.608312, 26.430927, 120.55103], [111.608554, 26.431011, 120.634396], [111.608554, 26.431011, 121.280998], [111.608555, 26.431011, 122.140836], [111.60879, 26.431154, 124.017186], [111.608928, 26.431237, 124.802507], [111.609113, 26.431345, 124.591153], [111.60998, 26.431851, 124.531606], [111.610031, 26.43188, 124.484044], [111.610038, 26.431884, 124.470642], [111.60831, 26.430939, 126.687985], [111.608236, 26.430899, 126.739133], [111.608226, 26.430897, 126.739133], [111.609274, 26.431111, 120.775964], [111.609274, 26.431111, 120.758451], [111.609274, 26.431111, 121.397483], [111.609077, 26.431026, 121.475034], [111.609011, 26.431001, 121.951962], [111.608926, 26.43097, 121.951962], [111.608834, 26.430939, 121.951962], [111.608743, 26.43091, 121.951962], [111.608642, 26.430878, 121.951962], [111.608554, 26.430852, 121.951962], [111.608475, 26.430829, 122.434384], [111.608401, 26.430811, 122.148007], [111.608334, 26.430802, 122.119809], [111.608205, 26.430784, 122.032224], [111.608167, 26.430779, 122.032224], [111.608111, 26.430777, 121.861569], [111.608059, 26.430783, 122.307004], [111.608033, 26.4308, 122.673337], [111.608011, 26.430832, 123.103879], [111.608016, 26.430855, 123.208493], [111.608056, 26.430918, 123.111814], [111.60809, 26.430972, 123.111814], [111.608137, 26.430936, 121.819272], [111.608293, 26.430817, 121.461057], [111.608293, 26.430817, 121.461057], [111.608294, 26.430817, 120.979856], [111.608335, 26.431024, 120.707673], [111.608321, 26.430959, 120.241949], [111.608319, 26.430958, 120.864922], [111.608287, 26.430934, 120.439776], [111.608236, 26.430896, 120.758388], [111.608226, 26.430887, 120.527802], [111.608212, 26.430865, 120.480793], [111.608191, 26.430829, 120.418117], [111.608191, 26.43083, 120.418117], [111.608185, 26.430835, 131.882077], [111.608217, 26.430804, 120.248171], [111.608244, 26.430777, 120.248171], [111.608254, 26.430767, 119.798923], [111.608261, 26.430761, 119.798923], [111.60826, 26.43076, 119.798923], [111.608273, 26.430783, 120.043643], [111.608275, 26.430784, 120.043643], [111.608278, 26.430782, 120.043643], [111.608248, 26.430798, 120.365988], [111.608243, 26.430799, 120.101846], [111.608242, 26.4308, 121.484059], [111.608156, 26.430832, 120.324977], [111.608158, 26.430818, 133.245359], [111.608169, 26.430739, 120.402659], [111.608036, 26.43061, 122.024745], [111.608036, 26.43061, 120.105485], [111.608036, 26.43061, 119.605838], [111.608127, 26.430764, 123.409117], [111.608136, 26.430781, 124.091856], [111.608151, 26.430805, 124.67346], [111.608265, 26.430951, 122.444181], [111.608265, 26.430949, 122.575004], [111.608302, 26.431012, 121.882381], [111.608415, 26.431203, 42.176816], [111.608431, 26.431243, 40.23779], [111.608267, 26.430781, 130.82977], [111.608268, 26.430766, 125.987363], [111.608267, 26.430744, 132.268125], [111.608262, 26.43063, 140.033933], [111.608262, 26.430617, 140.033933], [111.608263, 26.43059, 140.033933], [111.608253, 26.430813, 120.826236], [111.608256, 26.430821, 120.826236], [111.608281, 26.430842, 120.859975], [111.608382, 26.430933, 121.795988], [111.60837, 26.43093, 121.776134], [111.608444, 26.430946, 121.355555], [111.608447, 26.43078, 118.931937], [111.608447, 26.43078, 119.143376], [111.608447, 26.43078, 119.914484], [111.608588, 26.431078, 120.019774], [111.608588, 26.431078, 120.737988], [111.608588, 26.431078, 120.762514], [111.608675, 26.431003, 121.905131], [111.608693, 26.430987, 120.744539], [111.608708, 26.430969, 120.65066], [111.608744, 26.43092, 120.447958], [111.608753, 26.430903, 120.310822], [111.608759, 26.430886, 119.566397], [111.608777, 26.430819, 120.218538], [111.608781, 26.430805, 120.093105], [111.608791, 26.430795, 118.903212], [111.608846, 26.430747, 121.132615], [111.608855, 26.430746, 120.33606], [111.608881, 26.430753, 119.105365], [111.608959, 26.430775, 119.216227], [111.60898, 26.430783, 119.442019], [111.609003, 26.430791, 119.870664], [111.609067, 26.430809, 119.410451], [111.60909, 26.430814, 119.854646], [111.609113, 26.430819, 119.763237], [111.609182, 26.430832, 120.016272], [111.609202, 26.430836, 121.821603], [111.609218, 26.430843, 121.249395], [111.609281, 26.430873, 119.824286], [111.609294, 26.43088, 120.635373], [111.609309, 26.430882, 120.30612], [111.609383, 26.430886, 121.497826], [111.609396, 26.430883, 121.74464], [111.609415, 26.430879, 121.468887], [111.609484, 26.43087, 121.408316], [111.609497, 26.430871, 121.46518], [111.609515, 26.43087, 121.587456], [111.609587, 26.430861, 122.692827], [111.609598, 26.430857, 122.658816], [111.609622, 26.43085, 122.438928], [111.609687, 26.430833, 122.284242], [111.609697, 26.430832, 122.26177], [111.609719, 26.430828, 122.554496], [111.609792, 26.430811, 123.27352], [111.6098, 26.430806, 123.313801], [111.609815, 26.43079, 123.30901], [111.609862, 26.430737, 124.530545], [111.609866, 26.430731, 124.472043], [111.609877, 26.430713, 124.542793], [111.609904, 26.430666, 123.550386], [111.609904, 26.430666, 123.289031], [111.609884, 26.430669, 122.720031], [111.60981, 26.430682, 121.737541], [111.609791, 26.430685, 121.499786], [111.60979, 26.430686, 121.600461], [111.609832, 26.430632, 122.066679], [111.609845, 26.430616, 121.848096], [111.609845, 26.430616, 121.730375], [111.609786, 26.430713, 121.634382], [111.609785, 26.430716, 121.85872], [111.609787, 26.43072, 121.840965], [111.609726, 26.43062, 122.104598], [111.609574, 26.430552, 121.306363], [111.609566, 26.430548, 120.807796], [111.609565, 26.430548, 120.117159], [111.609393, 26.430508, 116.053613], [111.609329, 26.430524, 115.907151], [111.608752, 26.430667, 116.390527], [111.608743, 26.430724, 117.057849], [111.608742, 26.430727, 117.321894], [111.608734, 26.430764, 118.915764], [111.608726, 26.430813, 119.318854], [111.608722, 26.430843, 119.476912], [111.608719, 26.430873, 119.476912], [111.608718, 26.430902, 119.476912], [111.608717, 26.430932, 120.046236], [111.608717, 26.43096, 120.178262], [111.608713, 26.431007, 120.339883], [111.6087, 26.431026, 120.891303], [111.608671, 26.431045, 120.942899], [111.608632, 26.431061, 121.120686], [111.608611, 26.431062, 121.081353], [111.608555, 26.431062, 120.888216], [111.60852, 26.43106, 120.815981], [111.608482, 26.431058, 120.69416], [111.608439, 26.431057, 120.409112], [111.608395, 26.431054, 120.21418], [111.608353, 26.43105, 119.689243], [111.608314, 26.431044, 119.309673], [111.60828, 26.431036, 118.954234], [111.608248, 26.431028, 118.891876], [111.608221, 26.431021, 119.12452], [111.608174, 26.431006, 119.368385], [111.608152, 26.430996, 119.316967], [111.608132, 26.430981, 119.17503], [111.608088, 26.430951, 119.317304], [111.608065, 26.430932, 119.624617], [111.608045, 26.430912, 119.742816], [111.608015, 26.430884, 120.41059], [111.607981, 26.430858, 120.709015], [111.607942, 26.430847, 121.023433], [111.607838, 26.43084, 121.199938], [111.607783, 26.430851, 121.688563], [111.607714, 26.430878, 121.758367], [111.607632, 26.430919, 122.174023], [111.607541, 26.430968, 122.394737], [111.607445, 26.431025, 122.418759], [111.607346, 26.431089, 122.570298], [111.607242, 26.43116, 122.602283], [111.607135, 26.431235, 122.400402], [111.607024, 26.431315, 122.398993], [111.606908, 26.431399, 122.041876], [111.606792, 26.431486, 121.576618], [111.606676, 26.431573, 121.456526], [111.606562, 26.43166, 121.578235], [111.606452, 26.431746, 121.389476], [111.606347, 26.431828, 121.306219], [111.606245, 26.431906, 121.439706], [111.606144, 26.431979, 121.474499], [111.606046, 26.432047, 121.564598], [111.605958, 26.432111, 121.343885], [111.605879, 26.43217, 120.998258], [111.605808, 26.432226, 120.938562], [111.605744, 26.432276, 120.759037], [111.605692, 26.432317, 120.646664], [111.605649, 26.432351, 120.483614], [111.605621, 26.432374, 120.449476], [111.605603, 26.432388, 120.473298], [111.605731, 26.432286, 120.301615], [111.60574, 26.432279, 120.301615], [111.605749, 26.432273, 120.301615], [111.605784, 26.432245, 120.301615], [111.605797, 26.432235, 121.246106], [111.605595, 26.432382, 121.274714], [111.605544, 26.432418, 121.192637], [111.605408, 26.432519, 121.14045], [111.605265, 26.432624, 120.746269], [111.605259, 26.432629, 120.672484], [111.605258, 26.43263, 120.509345], [111.60514, 26.432743, 120.181481], [111.605086, 26.432794, 120.075506], [111.605017, 26.43286, 119.962594], [111.604941, 26.432932, 120.007114], [111.604864, 26.433005, 119.985802], [111.604788, 26.433075, 119.874099], [111.604718, 26.433139, 119.864193], [111.604652, 26.433189, 119.886456], [111.604564, 26.433254, 120.294905], [111.604558, 26.433258, 120.314992], [111.604557, 26.433259, 120.297405], [111.604416, 26.43336, 120.413994], [111.604397, 26.433373, 120.397308], [111.604395, 26.433376, 120.250703], [111.604243, 26.433509, 120.380542], [111.604162, 26.433581, 120.509162], [111.604056, 26.433677, 120.555987], [111.60394, 26.433784, 120.589652], [111.603822, 26.433894, 120.756315], [111.603708, 26.434002, 120.96557], [111.603598, 26.434104, 121.155689], [111.603494, 26.434202, 121.398424], [111.603396, 26.434293, 121.514653], [111.603302, 26.434378, 121.623265], [111.603213, 26.434459, 121.772475], [111.60313, 26.434536, 121.898669], [111.603051, 26.43461, 122.133895], [111.602973, 26.434684, 122.314499], [111.602897, 26.434755, 122.372089], [111.602822, 26.434825, 122.368198], [111.602748, 26.434894, 122.405632], [111.602675, 26.43496, 122.263519], [111.602604, 26.435023, 122.0881], [111.602533, 26.435085, 122.017515], [111.602465, 26.435145, 121.866912], [111.602399, 26.435203, 121.92731], [111.602338, 26.435258, 121.759093], [111.602279, 26.435312, 121.60212], [111.602222, 26.435366, 121.407045], [111.602167, 26.435418, 121.279271], [111.602115, 26.435469, 121.212645], [111.602067, 26.435522, 120.978158], [111.602019, 26.435577, 120.937153], [111.601974, 26.43563, 120.870679], [111.601929, 26.435681, 120.832798], [111.601882, 26.43573, 120.718303], [111.601835, 26.435779, 120.666711], [111.601787, 26.435825, 120.497019], [111.601736, 26.435869, 120.373579], [111.601685, 26.435914, 120.179187], [111.601635, 26.435957, 119.866062], [111.601586, 26.435998, 119.722691], [111.601539, 26.436041, 119.608793], [111.601495, 26.436085, 119.306875], [111.601453, 26.436127, 119.149561], [111.601417, 26.436166, 118.979244], [111.601386, 26.436198, 118.799464], [111.601361, 26.436223, 118.711857], [111.601347, 26.436221, 118.666043], [111.601341, 26.436224, 117.986742], [111.601313, 26.436244, 117.993953], [111.60131, 26.436252, 117.940973], [111.601277, 26.436298, 117.999572], [111.601228, 26.436358, 117.685888], [111.60119, 26.4364, 117.746602], [111.601132, 26.436462, 117.666442], [111.601057, 26.436538, 117.559086], [111.600972, 26.436623, 117.473643], [111.600882, 26.436713, 117.429939], [111.600787, 26.436806, 117.201047], [111.600691, 26.436899, 116.972616], [111.600592, 26.436991, 116.548256], [111.600492, 26.437079, 116.393995], [111.600392, 26.437165, 116.131563], [111.600295, 26.437246, 115.783822], [111.600202, 26.437324, 115.504552], [111.600112, 26.4374, 115.313799], [111.600028, 26.437473, 115.038965], [111.599948, 26.437547, 114.856368], [111.599874, 26.437621, 114.641406], [111.599812, 26.437689, 114.226008], [111.599761, 26.437753, 113.961086], [111.59972, 26.437813, 113.668274], [111.599688, 26.43787, 113.498305], [111.599664, 26.437926, 113.53154], [111.599642, 26.437982, 113.63892], [111.599622, 26.438043, 113.540944], [111.599605, 26.438109, 113.443931], [111.599591, 26.43818, 113.371334], [111.599585, 26.438258, 113.376155], [111.599585, 26.438342, 113.452851], [111.599592, 26.438433, 113.442198], [111.599605, 26.438529, 113.505392], [111.599624, 26.438631, 113.456104], [111.59965, 26.438736, 113.352137], [111.599679, 26.438847, 113.182908], [111.599711, 26.43896, 113.22432], [111.599745, 26.439077, 112.911566], [111.599779, 26.439195, 112.697816], [111.599812, 26.439314, 112.408511], [111.599845, 26.439433, 112.303643], [111.599876, 26.439549, 111.837946], [111.599905, 26.439662, 111.550365], [111.599932, 26.439773, 111.230867], [111.599956, 26.439877, 111.079166], [111.599976, 26.439975, 111.114841], [111.599995, 26.440068, 111.092241], [111.60001, 26.440157, 111.054123], [111.600021, 26.440241, 111.055004], [111.60003, 26.440322, 111.121171], [111.600038, 26.4404, 111.115862], [111.600047, 26.440477, 111.051957], [111.600056, 26.440552, 111.043407], [111.600065, 26.440623, 111.03304], [111.600073, 26.440694, 111.189918], [111.60008, 26.440768, 111.301256], [111.600084, 26.440843, 111.375186], [111.600085, 26.440917, 111.525155], [111.600086, 26.440995, 111.642849], [111.600087, 26.441078, 111.614073], [111.600087, 26.441159, 111.841538], [111.600085, 26.441245, 111.704125], [111.60008, 26.441333, 111.308072], [111.60007, 26.441425, 110.963934], [111.600056, 26.441516, 110.965579], [111.60004, 26.441608, 110.938437], [111.600021, 26.441701, 110.996983], [111.599998, 26.441797, 110.9928], [111.599971, 26.441896, 110.954701], [111.599943, 26.441998, 111.049602], [111.599911, 26.442106, 111.260078], [111.59988, 26.442215, 111.488257], [111.599845, 26.442326, 111.648316], [111.599807, 26.442436, 111.92733], [111.599767, 26.442548, 111.990126], [111.599727, 26.442658, 112.225498], [111.599686, 26.442768, 112.295043], [111.599647, 26.442874, 112.452584], [111.59961, 26.442978, 112.390917], [111.599573, 26.44308, 112.506617], [111.599537, 26.44318, 112.536688], [111.599501, 26.443284, 112.913181], [111.599467, 26.443388, 112.845306], [111.599433, 26.443493, 112.716282], [111.5994, 26.443597, 112.532364], [111.599369, 26.443698, 112.384085], [111.599339, 26.443799, 112.181153], [111.599309, 26.443897, 111.833086], [111.599281, 26.443992, 111.441231], [111.599253, 26.444083, 111.058519], [111.599224, 26.444169, 110.890211], [111.599194, 26.444251, 110.445411], [111.599164, 26.44433, 110.013221], [111.599133, 26.444408, 109.507335], [111.599104, 26.44448, 109.043511], [111.599077, 26.444548, 108.68195], [111.599048, 26.444618, 108.231518], [111.59902, 26.444689, 107.975825], [111.598992, 26.44476, 108.202631], [111.598964, 26.444832, 108.279029], [111.598936, 26.444905, 108.213938], [111.598908, 26.44498, 108.177229], [111.59888, 26.445059, 107.983022], [111.598854, 26.445138, 107.955779], [111.598828, 26.445219, 107.948078], [111.598802, 26.445298, 108.57032], [111.598776, 26.445378, 108.221546], [111.598752, 26.445458, 108.34885], [111.598728, 26.445538, 108.336454], [111.598704, 26.445618, 108.606019], [111.598682, 26.445697, 105.858698], [111.59866, 26.445774, 104.1882], [111.598639, 26.445852, 103.388378], [111.598619, 26.445931, 102.938562], [111.598599, 26.446009, 102.280073], [111.598578, 26.446088, 101.756408], [111.598556, 26.446163, 101.166682], [111.598532, 26.446238, 101.126677], [111.598508, 26.446312, 101.023168], [111.598484, 26.446386, 101.037723], [111.598458, 26.446463, 101.22909], [111.598432, 26.446543, 101.452444], [111.598404, 26.446626, 101.382855], [111.598378, 26.446712, 101.466118], [111.59835, 26.446798, 101.587142], [111.598321, 26.446884, 101.386697], [111.598291, 26.44697, 101.94285], [111.59826, 26.447056, 101.841838], [111.59823, 26.447142, 102.384789], [111.5982, 26.447229, 102.173841], [111.59817, 26.447317, 102.091546], [111.59814, 26.447407, 102.491321], [111.59811, 26.447498, 102.350018], [111.59808, 26.447591, 102.409925], [111.59805, 26.447686, 102.572924], [111.59802, 26.44778, 102.32627], [111.59799, 26.447875, 103.280999], [111.597962, 26.44797, 102.379325], [111.597935, 26.448065, 102.453293], [111.597907, 26.448159, 102.985212], [111.597879, 26.448252, 103.186693], [111.597849, 26.448342, 103.406888], [111.597819, 26.44843, 103.854801], [111.597788, 26.448517, 104.342167], [111.597757, 26.448605, 103.861778], [111.597726, 26.448694, 103.542606], [111.597697, 26.448784, 103.793896], [111.597667, 26.448877, 104.237192], [111.597637, 26.448971, 104.043916], [111.597608, 26.449066, 104.111268], [111.597578, 26.449162, 104.189828], [111.597548, 26.449257, 103.72644], [111.597518, 26.449352, 103.979822], [111.597488, 26.449446, 103.741185], [111.597459, 26.449536, 102.996402], [111.59743, 26.449622, 102.796345], [111.597403, 26.449702, 103.131592], [111.597378, 26.449778, 103.368429], [111.597355, 26.449849, 103.039652], [111.597334, 26.449919, 103.148922], [111.597313, 26.449988, 103.33979], [111.597291, 26.450058, 103.798638], [111.59727, 26.450128, 108.125307], [111.597246, 26.450196, 109.233088], [111.597222, 26.450262, 110.043384], [111.597198, 26.450324, 110.528565], [111.597174, 26.450379, 110.961749], [111.597152, 26.450426, 111.359676], [111.597131, 26.450467, 111.787877], [111.597114, 26.450504, 112.085537], [111.5971, 26.450535, 112.29808], [111.597088, 26.45056, 112.468183], [111.597069, 26.450565, 112.817989], [111.59722, 26.45053, 115.481763], [111.597257, 26.450523, 115.907165], [111.5973, 26.450516, 116.125571], [111.597346, 26.450512, 115.919463], [111.597391, 26.45051, 115.416403], [111.597434, 26.450503, 114.953264], [111.598022, 26.450409, 113.048483], [111.598022, 26.450409, 112.388974], [111.598022, 26.450409, 111.328334], [111.598026, 26.450202, 107.257426], [111.598025, 26.450115, 106.822712], [111.598021, 26.450005, 106.392409], [111.598009, 26.44989, 105.983721], [111.59799, 26.449776, 105.720572], [111.597969, 26.449668, 105.185267], [111.597948, 26.44957, 105.12327], [111.597929, 26.449482, 105.033277], [111.597907, 26.449376, 104.894983], [111.597905, 26.449369, 104.785837], [111.597904, 26.449368, 104.623519], [111.597785, 26.449284, 105.437333], [111.597722, 26.449248, 105.390678], [111.597637, 26.449208, 105.269022], [111.59754, 26.449164, 105.26834], [111.597435, 26.449117, 105.290868], [111.597323, 26.449068, 105.121848], [111.597209, 26.449018, 104.911437], [111.597094, 26.448967, 104.676648], [111.596979, 26.448917, 104.320455], [111.596865, 26.448866, 104.109931], [111.596752, 26.448815, 103.988398], [111.596642, 26.448765, 103.797288], [111.596533, 26.448714, 103.512078], [111.596429, 26.448662, 103.261082], [111.596329, 26.44861, 103.074963], [111.596233, 26.44856, 102.801473], [111.59614, 26.448511, 102.420733], [111.596053, 26.448463, 102.167787], [111.59597, 26.448416, 102.120047], [111.59589, 26.448368, 102.102661], [111.595809, 26.448317, 101.912688], [111.595729, 26.448264, 101.685919], [111.595648, 26.448207, 101.682671], [111.595567, 26.448148, 101.524873], [111.595482, 26.448084, 101.405032], [111.595394, 26.448016, 101.549571], [111.595304, 26.447945, 101.532883], [111.595213, 26.44787, 101.425841], [111.595119, 26.447794, 101.096174], [111.595024, 26.447718, 100.835559], [111.594928, 26.447644, 100.474527], [111.594831, 26.447572, 99.893932], [111.594732, 26.447503, 99.283138], [111.594633, 26.447437, 98.474275], [111.594534, 26.447374, 97.586051], [111.594435, 26.447315, 96.694313], [111.594334, 26.447258, 95.704617], [111.594233, 26.447204, 94.854579], [111.594131, 26.447153, 94.374195], [111.59403, 26.447105, 94.105383], [111.593931, 26.447059, 94.156401], [111.593833, 26.447016, 94.277283], [111.593737, 26.446974, 94.476369], [111.593643, 26.446931, 94.775666], [111.59355, 26.446888, 94.905443], [111.593462, 26.446845, 95.244093], [111.59338, 26.446803, 95.563372], [111.593298, 26.446761, 95.910342], [111.59322, 26.446721, 96.018522], [111.593147, 26.446682, 95.952326], [111.593077, 26.446644, 95.824267], [111.59301, 26.446607, 95.846649], [111.592944, 26.446568, 95.74995], [111.592881, 26.446528, 95.566127], [111.59282, 26.446488, 95.457693], [111.592763, 26.44645, 95.609422], [111.59271, 26.446416, 95.807858], [111.59266, 26.446385, 96.157781], [111.592613, 26.446361, 96.469085], [111.592568, 26.446347, 96.740576], [111.592528, 26.446344, 97.229061], [111.592487, 26.44635, 97.607964], [111.592445, 26.446367, 98.054876], [111.592343, 26.446412, 99.267768], [111.592289, 26.44644, 99.601829], [111.592233, 26.446471, 99.812862], [111.59218, 26.446501, 99.917671], [111.59214, 26.446532, 100.077979], [111.592111, 26.44656, 100.378297], [111.592089, 26.446589, 100.554112], [111.592074, 26.446618, 100.784965], [111.592064, 26.446646, 100.933874], [111.592058, 26.446674, 100.920917], [111.592053, 26.446724, 101.007091], [111.592056, 26.446746, 101.152372], [111.592064, 26.446766, 101.317182], [111.592084, 26.446806, 101.381212], [111.592096, 26.446825, 101.369339], [111.592121, 26.446858, 101.403591], [111.592147, 26.44689, 101.323085], [111.592158, 26.446905, 101.256005], [111.592182, 26.446935, 101.204308], [111.592209, 26.446966, 101.229704], [111.592225, 26.446984, 101.136409], [111.592253, 26.44702, 101.081304], [111.592266, 26.447038, 100.980403], [111.592278, 26.447058, 100.895502], [111.5923, 26.447098, 100.774926], [111.592309, 26.447118, 100.628057], [111.592317, 26.447139, 100.63306], [111.592304, 26.447173, 100.732883], [111.592305, 26.447188, 100.726887], [111.592307, 26.447199, 100.935604], [111.592316, 26.447266, 101.281425], [111.592319, 26.447291, 101.32378], [111.592324, 26.447322, 101.441835], [111.59233, 26.447358, 101.394407], [111.592336, 26.447394, 101.510155], [111.592342, 26.447429, 101.550755], [111.592349, 26.447465, 101.554896], [111.592358, 26.447499, 101.614269], [111.592367, 26.447532, 101.623809], [111.592376, 26.447566, 101.695159], [111.592384, 26.447598, 101.745785], [111.592391, 26.447631, 101.735152], [111.592397, 26.447662, 102.04325], [111.592403, 26.44769, 101.833397], [111.592409, 26.447717, 101.936616], [111.592421, 26.447763, 102.070659], [111.592427, 26.447783, 102.045], [111.592435, 26.447813, 102.161982], [111.592446, 26.447836, 102.331861], [111.592463, 26.447881, 102.565852], [111.592468, 26.447902, 102.664393], [111.592472, 26.447926, 102.63314], [111.59248, 26.447973, 102.738903], [111.592482, 26.447991, 102.68449], [111.59249, 26.448024, 102.973998], [111.592503, 26.448064, 102.831063], [111.592512, 26.448086, 103.050049], [111.592523, 26.448112, 103.262469], [111.59254, 26.44815, 103.624785], [111.592549, 26.448174, 103.679952], [111.592558, 26.448199, 103.764286], [111.592579, 26.448262, 103.949414], [111.592588, 26.448295, 103.902273], [111.592596, 26.448328, 103.86205], [111.592603, 26.448362, 103.881253], [111.592609, 26.448397, 103.998105], [111.592614, 26.448427, 103.924947], [111.592611, 26.448449, 104.017712], [111.592615, 26.448471, 104.372233], [111.592588, 26.448323, 103.825444], [111.592555, 26.448137, 103.772192], [111.592551, 26.448117, 103.514842], [111.592549, 26.448115, 103.400539], [111.592493, 26.448059, 102.8465], [111.59247, 26.44804, 102.807472], [111.592442, 26.44802, 102.831839], [111.592416, 26.448, 102.721852], [111.592395, 26.447982, 102.644627], [111.592367, 26.447948, 102.636386], [111.592345, 26.447915, 102.850768], [111.59234, 26.447896, 102.795815], [111.59233, 26.44785, 102.645927], [111.592328, 26.447822, 102.665884], [111.592326, 26.447792, 102.7595], [111.592325, 26.447758, 102.718981], [111.592324, 26.447721, 102.656085], [111.592316, 26.447573, 102.332735], [111.592307, 26.447391, 101.836217], [111.592307, 26.447383, 101.677529], [111.592307, 26.447382, 101.668638], [111.592294, 26.447297, 101.28412], [111.592286, 26.447268, 101.653358], [111.59227, 26.447248, 101.706098], [111.592234, 26.447215, 102.693846], [111.592209, 26.447204, 103.031328]]}}, {"type": "Feature", "properties": {"type": "photo", "name": "2026-09-10照片1", "date": "2026-09-10", "timestamp": "", "photo_urls": ["track_photos_old/old_0003.jpg"], "photo_count": 1}, "geometry": {"type": "Point", "coordinates": [111.604685, 26.449886, 104.724358]}}, {"type": "Feature", "properties": {"type": "photo", "name": "2026-09-10照片2", "date": "2026-09-10", "timestamp": "", "photo_urls": ["track_photos_old/old_0004.jpg"], "photo_count": 1}, "geometry": {"type": "Point", "coordinates": [111.604729, 26.449397, 103.901113]}}, {"type": "Feature", "properties": {"type": "photo", "name": "2026-09-10照片3", "date": "2026-09-10", "timestamp": "", "photo_urls": ["track_photos_old/old_0005.jpg"], "photo_count": 1}, "geometry": {"type": "Point", "coordinates": [111.604458, 26.449682, 105.152299]}}, {"type": "Feature", "properties": {"type": "photo", "name": "2026-09-10照片4", "date": "2026-09-10", "timestamp": "", "photo_urls": ["track_photos_old/old_0006.jpg"], "photo_count": 1}, "geometry": {"type": "Point", "coordinates": [111.604331, 26.449753, 105.478128]}}, {"type": "Feature", "properties": {"type": "photo", "name": "2026-09-10照片5", "date": "2026-09-10", "timestamp": "", "photo_urls": ["track_photos_old/old_0007.jpg"], "photo_count": 1}, "geometry": {"type": "Point", "coordinates": [111.604249, 26.449766, 104.906672]}}, {"type": "Feature", "properties": {"type": "photo", "name": "2026-09-10照片6", "date": "2026-09-10", "timestamp": "", "photo_urls": ["track_photos_old/old_0008.jpg"], "photo_count": 1}, "geometry": {"type": "Point", "coordinates": [111.604234, 26.44978, 104.912867]}}, {"type": "Feature", "properties": {"type": "photo", "name": "2026-09-10照片7", "date": "2026-09-10", "timestamp": "", "photo_urls": ["track_photos_old/old_0009.jpg"], "photo_count": 1}, "geometry": {"type": "Point", "coordinates": [111.606047, 26.449742, 100.870487]}}, {"type": "Feature", "properties": {"type": "photo", "name": "2026-09-10照片8", "date": "2026-09-10", "timestamp": "", "photo_urls": ["track_photos_old/old_0010.jpg"], "photo_count": 1}, "geometry": {"type": "Point", "coordinates": [111.606205, 26.449746, 101.678686]}}, {"type": "Feature", "properties": {"type": "photo", "name": "2026-09-10照片9", "date": "2026-09-10", "timestamp": "", "photo_urls": ["track_photos_old/old_0011.jpg"], "photo_count": 1}, "geometry": {"type": "Point", "coordinates": [111.607187, 26.449795, 104.274154]}}, {"type": "Feature", "properties": {"type": "photo", "name": "2026-09-10照片10", "date": "2026-09-10", "timestamp": "", "photo_urls": ["track_photos_old/old_0012.jpg"], "photo_count": 1}, "geometry": {"type": "Point", "coordinates": [111.607191, 26.449832, 104.773389]}}, {"type": "Feature", "properties": {"type": "photo", "name": "舜德湘江", "date": "2026-09-10", "timestamp": "", "photo_urls": ["track_photos_old/old_0013.jpg"], "photo_count": 1}, "geometry": {"type": "Point", "coordinates": [111.607859, 26.449824, 107.781756]}}, {"type": "Feature", "properties": {"type": "photo", "name": "2026-09-10照片12", "date": "2026-09-10", "timestamp": "", "photo_urls": ["track_photos_old/old_0014.jpg"], "photo_count": 1}, "geometry": {"type": "Point", "coordinates": [111.608053, 26.449843, 107.963622]}}, {"type": "Feature", "properties": {"type": "photo", "name": "2026-09-10照片13", "date": "2026-09-10", "timestamp": "", "photo_urls": ["track_photos_old/old_0015.jpg"], "photo_count": 1}, "geometry": {"type": "Point", "coordinates": [111.609874, 26.449846, 103.777226]}}, {"type": "Feature", "properties": {"type": "photo", "name": "2026-09-10照片14", "date": "2026-09-10", "timestamp": "", "photo_urls": ["track_photos_old/old_0016.jpg"], "photo_count": 1}, "geometry": {"type": "Point", "coordinates": [111.609886, 26.44984, 104.001317]}}, {"type": "Feature", "properties": {"type": "photo", "name": "2026-09-10照片15", "date": "2026-09-10", "timestamp": "", "photo_urls": ["track_photos_old/old_0017.jpg"], "photo_count": 1}, "geometry": {"type": "Point", "coordinates": [111.61103, 26.450092, 103.202886]}}, {"type": "Feature", "properties": {"type": "photo", "name": "2026-09-10照片16", "date": "2026-09-10", "timestamp": "", "photo_urls": ["track_photos_old/old_0018.jpg"], "photo_count": 1}, "geometry": {"type": "Point", "coordinates": [111.610933, 26.450362, 105.814979]}}, {"type": "Feature", "properties": {"type": "photo", "name": "2026-09-10照片17", "date": "2026-09-10", "timestamp": "", "photo_urls": ["track_photos_old/old_0019.jpg"], "photo_count": 1}, "geometry": {"type": "Point", "coordinates": [111.610594, 26.45102, 111.697721]}}, {"type": "Feature", "properties": {"type": "photo", "name": "2026-09-10照片18", "date": "2026-09-10", "timestamp": "", "photo_urls": ["track_photos_old/old_0020.jpg"], "photo_count": 1}, "geometry": {"type": "Point", "coordinates": [111.610331, 26.451658, 114.750042]}}, {"type": "Feature", "properties": {"type": "photo", "name": "2026-09-10照片19", "date": "2026-09-10", "timestamp": "", "photo_urls": ["track_photos_old/old_0021.jpg"], "photo_count": 1}, "geometry": {"type": "Point", "coordinates": [111.610132, 26.452027, 115.242655]}}, {"type": "Feature", "properties": {"type": "photo", "name": "文昌阁路", "date": "2026-09-10", "timestamp": "", "photo_urls": ["track_photos_old/old_0022.jpg"], "photo_count": 1}, "geometry": {"type": "Point", "coordinates": [111.609926, 26.4525, 113.334193]}}, {"type": "Feature", "properties": {"type": "photo", "name": "文昌阁路内部", "date": "2026-09-10", "timestamp": "", "photo_urls": ["track_photos_old/old_0023.jpg"], "photo_count": 1}, "geometry": {"type": "Point", "coordinates": [111.60974, 26.452679, 112.046175]}}, {"type": "Feature", "properties": {"type": "photo", "name": "2026-09-10照片22", "date": "2026-09-10", "timestamp": "", "photo_urls": ["track_photos_old/old_0024.jpg"], "photo_count": 1}, "geometry": {"type": "Point", "coordinates": [111.608791, 26.452046, 108.119412]}}, {"type": "Feature", "properties": {"type": "photo", "name": "2026-09-10照片23", "date": "2026-09-10", "timestamp": "", "photo_urls": ["track_photos_old/old_0025.jpg"], "photo_count": 1}, "geometry": {"type": "Point", "coordinates": [111.608848, 26.452044, 107.914808]}}, {"type": "Feature", "properties": {"type": "photo", "name": "2026-09-10照片24", "date": "2026-09-10", "timestamp": "", "photo_urls": ["track_photos_old/old_0026.jpg"], "photo_count": 1}, "geometry": {"type": "Point", "coordinates": [111.608818, 26.452045, 108.152292]}}, {"type": "Feature", "properties": {"type": "photo", "name": "2026-09-10照片25", "date": "2026-09-10", "timestamp": "", "photo_urls": ["track_photos_old/old_0027.jpg"], "photo_count": 1}, "geometry": {"type": "Point", "coordinates": [111.608524, 26.451966, 108.24398]}}, {"type": "Feature", "properties": {"type": "photo", "name": "2026-09-10照片26", "date": "2026-09-10", "timestamp": "", "photo_urls": ["track_photos_old/old_0028.jpg"], "photo_count": 1}, "geometry": {"type": "Point", "coordinates": [111.608245, 26.45175, 108.124043]}}, {"type": "Feature", "properties": {"type": "photo", "name": "2026-09-10照片27", "date": "2026-09-10", "timestamp": "", "photo_urls": ["track_photos_old/old_0029.jpg"], "photo_count": 1}, "geometry": {"type": "Point", "coordinates": [111.608192, 26.451756, 106.949814]}}, {"type": "Feature", "properties": {"type": "photo", "name": "2026-09-10照片28", "date": "2026-09-10", "timestamp": "", "photo_urls": ["track_photos_old/old_0030.jpg"], "photo_count": 1}, "geometry": {"type": "Point", "coordinates": [111.607245, 26.451486, 106.102642]}}, {"type": "Feature", "properties": {"type": "photo", "name": "2026-09-10照片29", "date": "2026-09-10", "timestamp": "", "photo_urls": ["track_photos_old/old_0031.jpg"], "photo_count": 1}, "geometry": {"type": "Point", "coordinates": [111.607079, 26.451087, 106.050627]}}, {"type": "Feature", "properties": {"type": "photo", "name": "到香河路", "date": "2026-09-10", "timestamp": "", "photo_urls": ["track_photos_old/old_0032.jpg"], "photo_count": 1}, "geometry": {"type": "Point", "coordinates": [111.606851, 26.451088, 105.632544]}}, {"type": "Feature", "properties": {"type": "photo", "name": "到湘江边上", "date": "2026-09-10", "timestamp": "", "photo_urls": ["track_photos_old/old_0033.jpg"], "photo_count": 1}, "geometry": {"type": "Point", "coordinates": [111.606587, 26.450923, 105.084208]}}, {"type": "Feature", "properties": {"type": "photo", "name": "2026-09-10照片32", "date": "2026-09-10", "timestamp": "", "photo_urls": ["track_photos_old/old_0034.jpg"], "photo_count": 1}, "geometry": {"type": "Point", "coordinates": [111.605481, 26.449917, 102.138718]}}, {"type": "Feature", "properties": {"type": "photo", "name": "2026-09-10照片33", "date": "2026-09-10", "timestamp": "", "photo_urls": ["track_photos_old/old_0035.jpg"], "photo_count": 1}, "geometry": {"type": "Point", "coordinates": [111.604612, 26.449917, 104.414616]}}, {"type": "Feature", "properties": {"type": "photo", "name": "2026-09-10照片34", "date": "2026-09-10", "timestamp": "", "photo_urls": ["track_photos_old/old_0036.jpg"], "photo_count": 1}, "geometry": {"type": "Point", "coordinates": [111.604042, 26.449953, 104.914555]}}, {"type": "Feature", "properties": {"type": "photo", "name": "2026-09-10照片35", "date": "2026-09-10", "timestamp": "", "photo_urls": ["track_photos_old/old_0037.jpg"], "photo_count": 1}, "geometry": {"type": "Point", "coordinates": [111.60223, 26.450168, 101.559973]}}, {"type": "Feature", "properties": {"type": "photo", "name": "2026-09-10照片36", "date": "2026-09-10", "timestamp": "", "photo_urls": ["track_photos_old/old_0038.jpg"], "photo_count": 1}, "geometry": {"type": "Point", "coordinates": [111.602228, 26.450199, 102.318227]}}, {"type": "Feature", "properties": {"type": "photo", "name": "2026-09-10照片37", "date": "2026-09-10", "timestamp": "", "photo_urls": ["track_photos_old/old_0039.jpg"], "photo_count": 1}, "geometry": {"type": "Point", "coordinates": [111.602214, 26.450211, 102.435017]}}, {"type": "Feature", "properties": {"type": "photo", "name": "2026-09-10照片38", "date": "2026-09-10", "timestamp": "", "photo_urls": ["track_photos_old/old_0040.jpg"], "photo_count": 1}, "geometry": {"type": "Point", "coordinates": [111.602284, 26.450632, 103.797621]}}, {"type": "Feature", "properties": {"type": "photo", "name": "2026-09-10照片39", "date": "2026-09-10", "timestamp": "", "photo_urls": ["track_photos_old/old_0041.jpg"], "photo_count": 1}, "geometry": {"type": "Point", "coordinates": [111.602253, 26.450979, 105.838816]}}, {"type": "Feature", "properties": {"type": "photo", "name": "2026-09-10照片40", "date": "2026-09-10", "timestamp": "", "photo_urls": ["track_photos_old/old_0042.jpg"], "photo_count": 1}, "geometry": {"type": "Point", "coordinates": [111.602282, 26.450972, 105.912374]}}, {"type": "Feature", "properties": {"type": "photo", "name": "2026-09-10照片41", "date": "2026-09-10", "timestamp": "", "photo_urls": ["track_photos_old/old_0043.jpg"], "photo_count": 1}, "geometry": {"type": "Point", "coordinates": [111.602515, 26.45166, 105.86259]}}, {"type": "Feature", "properties": {"type": "photo", "name": "2026-09-10照片42", "date": "2026-09-10", "timestamp": "", "photo_urls": ["track_photos_old/old_0044.jpg"], "photo_count": 1}, "geometry": {"type": "Point", "coordinates": [111.602544, 26.451657, 105.173966]}}, {"type": "Feature", "properties": {"type": "photo", "name": "2026-09-10照片43", "date": "2026-09-10", "timestamp": "", "photo_urls": ["track_photos_old/old_0045.jpg"], "photo_count": 1}, "geometry": {"type": "Point", "coordinates": [111.602661, 26.451921, 105.457271]}}, {"type": "Feature", "properties": {"type": "photo", "name": "2026-09-10照片44", "date": "2026-09-10", "timestamp": "", "photo_urls": ["track_photos_old/old_0046.jpg"], "photo_count": 1}, "geometry": {"type": "Point", "coordinates": [111.60274, 26.452111, 106.316861]}}, {"type": "Feature", "properties": {"type": "photo", "name": "2026-09-10照片45", "date": "2026-09-10", "timestamp": "", "photo_urls": ["track_photos_old/old_0047.jpg"], "photo_count": 1}, "geometry": {"type": "Point", "coordinates": [111.602874, 26.452446, 108.956504]}}, {"type": "Feature", "properties": {"type": "photo", "name": "2026-09-10照片46", "date": "2026-09-10", "timestamp": "", "photo_urls": ["track_photos_old/old_0048.jpg"], "photo_count": 1}, "geometry": {"type": "Point", "coordinates": [111.602926, 26.45239, 109.472035]}}, {"type": "Feature", "properties": {"type": "photo", "name": "2026-09-10照片47", "date": "2026-09-10", "timestamp": "", "photo_urls": ["track_photos_old/old_0049.jpg"], "photo_count": 1}, "geometry": {"type": "Point", "coordinates": [111.602787, 26.452528, 109.860345]}}, {"type": "Feature", "properties": {"type": "photo", "name": "2026-09-10照片48", "date": "2026-09-10", "timestamp": "", "photo_urls": ["track_photos_old/old_0050.jpg"], "photo_count": 1}, "geometry": {"type": "Point", "coordinates": [111.603111, 26.452804, 109.927667]}}, {"type": "Feature", "properties": {"type": "photo", "name": "2026-09-10照片49", "date": "2026-09-10", "timestamp": "", "photo_urls": ["track_photos_old/old_0051.jpg"], "photo_count": 1}, "geometry": {"type": "Point", "coordinates": [111.603201, 26.453174, 111.070368]}}, {"type": "Feature", "properties": {"type": "photo", "name": "2026-09-10照片50", "date": "2026-09-10", "timestamp": "", "photo_urls": ["track_photos_old/old_0052.jpg"], "photo_count": 1}, "geometry": {"type": "Point", "coordinates": [111.603114, 26.453237, 112.649779]}}, {"type": "Feature", "properties": {"type": "photo", "name": "2026-09-10照片51", "date": "2026-09-10", "timestamp": "", "photo_urls": ["track_photos_old/old_0053.jpg"], "photo_count": 1}, "geometry": {"type": "Point", "coordinates": [111.603125, 26.45326, 112.989167]}}, {"type": "Feature", "properties": {"type": "photo", "name": "2026-09-10照片52", "date": "2026-09-10", "timestamp": "", "photo_urls": ["track_photos_old/old_0054.jpg"], "photo_count": 1}, "geometry": {"type": "Point", "coordinates": [111.603015, 26.453697, 113.798018]}}, {"type": "Feature", "properties": {"type": "photo", "name": "2026-09-10照片53", "date": "2026-09-10", "timestamp": "", "photo_urls": ["track_photos_old/old_0055.jpg"], "photo_count": 1}, "geometry": {"type": "Point", "coordinates": [111.603104, 26.453929, 118.291584]}}, {"type": "Feature", "properties": {"type": "photo", "name": "2026-09-10照片54", "date": "2026-09-10", "timestamp": "", "photo_urls": ["track_photos_old/old_0056.jpg"], "photo_count": 1}, "geometry": {"type": "Point", "coordinates": [111.603741, 26.45409, 112.354488]}}, {"type": "Feature", "properties": {"type": "photo", "name": "2026-09-10照片55", "date": "2026-09-10", "timestamp": "", "photo_urls": ["track_photos_old/old_0057.jpg"], "photo_count": 1}, "geometry": {"type": "Point", "coordinates": [111.603743, 26.454071, 111.449092]}}, {"type": "Feature", "properties": {"type": "photo", "name": "2026-09-10照片56", "date": "2026-09-10", "timestamp": "", "photo_urls": ["track_photos_old/old_0058.jpg"], "photo_count": 1}, "geometry": {"type": "Point", "coordinates": [111.603835, 26.454085, 110.610327]}}, {"type": "Feature", "properties": {"type": "photo", "name": "2026-09-10照片57", "date": "2026-09-10", "timestamp": "", "photo_urls": ["track_photos_old/old_0059.jpg"], "photo_count": 1}, "geometry": {"type": "Point", "coordinates": [111.603889, 26.454122, 109.429021]}}, {"type": "Feature", "properties": {"type": "photo", "name": "2026-09-10照片58", "date": "2026-09-10", "timestamp": "", "photo_urls": ["track_photos_old/old_0060.jpg"], "photo_count": 1}, "geometry": {"type": "Point", "coordinates": [111.603993, 26.454419, 111.249867]}}, {"type": "Feature", "properties": {"type": "photo", "name": "2026-09-10照片59", "date": "2026-09-10", "timestamp": "", "photo_urls": ["track_photos_old/old_0061.jpg"], "photo_count": 1}, "geometry": {"type": "Point", "coordinates": [111.603777, 26.454728, 114.166437]}}, {"type": "Feature", "properties": {"type": "photo", "name": "2026-09-10照片60", "date": "2026-09-10", "timestamp": "", "photo_urls": ["track_photos_old/old_0062.jpg"], "photo_count": 1}, "geometry": {"type": "Point", "coordinates": [111.603802, 26.454763, 113.434929]}}, {"type": "Feature", "properties": {"type": "photo", "name": "2026-09-10照片61", "date": "2026-09-10", "timestamp": "", "photo_urls": ["track_photos_old/old_0063.jpg"], "photo_count": 1}, "geometry": {"type": "Point", "coordinates": [111.60385, 26.454789, 112.676539]}}, {"type": "Feature", "properties": {"type": "photo", "name": "2026-09-10照片62", "date": "2026-09-10", "timestamp": "", "photo_urls": ["track_photos_old/old_0064.jpg"], "photo_count": 1}, "geometry": {"type": "Point", "coordinates": [111.604281, 26.455102, 113.793626]}}, {"type": "Feature", "properties": {"type": "photo", "name": "2026-09-10照片63", "date": "2026-09-10", "timestamp": "", "photo_urls": ["track_photos_old/old_0065.jpg"], "photo_count": 1}, "geometry": {"type": "Point", "coordinates": [111.604393, 26.455118, 113.136444]}}, {"type": "Feature", "properties": {"type": "photo", "name": "2026-09-10照片64", "date": "2026-09-10", "timestamp": "", "photo_urls": ["track_photos_old/old_0066.jpg"], "photo_count": 1}, "geometry": {"type": "Point", "coordinates": [111.604541, 26.455133, 113.05748]}}, {"type": "Feature", "properties": {"type": "photo", "name": "2026-09-10照片65", "date": "2026-09-10", "timestamp": "", "photo_urls": ["track_photos_old/old_0067.jpg"], "photo_count": 1}, "geometry": {"type": "Point", "coordinates": [111.604793, 26.455238, 112.044985]}}, {"type": "Feature", "properties": {"type": "photo", "name": "2026-09-10照片66", "date": "2026-09-10", "timestamp": "", "photo_urls": ["track_photos_old/old_0068.jpg"], "photo_count": 1}, "geometry": {"type": "Point", "coordinates": [111.605038, 26.455333, 111.230602]}}, {"type": "Feature", "properties": {"type": "photo", "name": "2026-09-10照片67", "date": "2026-09-10", "timestamp": "", "photo_urls": ["track_photos_old/old_0069.jpg"], "photo_count": 1}, "geometry": {"type": "Point", "coordinates": [111.605216, 26.455198, 111.226219]}}, {"type": "Feature", "properties": {"type": "photo", "name": "2026-09-10照片68", "date": "2026-09-10", "timestamp": "", "photo_urls": ["track_photos_old/old_0070.jpg"], "photo_count": 1}, "geometry": {"type": "Point", "coordinates": [111.605387, 26.455009, 106.582391]}}, {"type": "Feature", "properties": {"type": "photo", "name": "2026-09-10照片69", "date": "2026-09-10", "timestamp": "", "photo_urls": ["track_photos_old/old_0071.jpg"], "photo_count": 1}, "geometry": {"type": "Point", "coordinates": [111.605693, 26.45451, 106.405383]}}, {"type": "Feature", "properties": {"type": "photo", "name": "2026-09-10照片70", "date": "2026-09-10", "timestamp": "", "photo_urls": ["track_photos_old/old_0072.jpg"], "photo_count": 1}, "geometry": {"type": "Point", "coordinates": [111.605705, 26.454429, 106.792968]}}, {"type": "Feature", "properties": {"type": "photo", "name": "2026-09-10照片71", "date": "2026-09-10", "timestamp": "", "photo_urls": ["track_photos_old/old_0073.jpg"], "photo_count": 1}, "geometry": {"type": "Point", "coordinates": [111.60572, 26.454343, 106.481934]}}, {"type": "Feature", "properties": {"type": "photo", "name": "2026-09-10照片72", "date": "2026-09-10", "timestamp": "", "photo_urls": ["track_photos_old/old_0074.jpg"], "photo_count": 1}, "geometry": {"type": "Point", "coordinates": [111.605723, 26.454355, 106.835194]}}, {"type": "Feature", "properties": {"type": "photo", "name": "2026-09-10照片73", "date": "2026-09-10", "timestamp": "", "photo_urls": ["track_photos_old/old_0075.jpg"], "photo_count": 1}, "geometry": {"type": "Point", "coordinates": [111.605778, 26.454234, 106.213907]}}, {"type": "Feature", "properties": {"type": "photo", "name": "2026-09-10照片74", "date": "2026-09-10", "timestamp": "", "photo_urls": ["track_photos_old/old_0076.jpg"], "photo_count": 1}, "geometry": {"type": "Point", "coordinates": [111.605908, 26.453854, 107.032825]}}, {"type": "Feature", "properties": {"type": "photo", "name": "2026-09-10照片75", "date": "2026-09-10", "timestamp": "", "photo_urls": ["track_photos_old/old_0077.jpg"], "photo_count": 1}, "geometry": {"type": "Point", "coordinates": [111.605916, 26.453527, 106.242332]}}, {"type": "Feature", "properties": {"type": "photo", "name": "2026-09-10照片76", "date": "2026-09-10", "timestamp": "", "photo_urls": ["track_photos_old/old_0078.jpg"], "photo_count": 1}, "geometry": {"type": "Point", "coordinates": [111.605967, 26.4534, 105.400181]}}, {"type": "Feature", "properties": {"type": "photo", "name": "2026-09-10照片77", "date": "2026-09-10", "timestamp": "", "photo_urls": ["track_photos_old/old_0079.jpg"], "photo_count": 1}, "geometry": {"type": "Point", "coordinates": [111.605901, 26.453244, 106.588009]}}, {"type": "Feature", "properties": {"type": "photo", "name": "2026-09-10照片78", "date": "2026-09-10", "timestamp": "", "photo_urls": ["track_photos_old/old_0080.jpg"], "photo_count": 1}, "geometry": {"type": "Point", "coordinates": [111.605839, 26.452967, 103.250071]}}, {"type": "Feature", "properties": {"type": "photo", "name": "2026-09-10照片79", "date": "2026-09-10", "timestamp": "", "photo_urls": ["track_photos_old/old_0081.jpg"], "photo_count": 1}, "geometry": {"type": "Point", "coordinates": [111.605848, 26.452919, 104.556875]}}, {"type": "Feature", "properties": {"type": "photo", "name": "2026-09-10照片80", "date": "2026-09-10", "timestamp": "", "photo_urls": ["track_photos_old/old_0082.jpg"], "photo_count": 1}, "geometry": {"type": "Point", "coordinates": [111.605879, 26.452755, 105.491536]}}, {"type": "Feature", "properties": {"type": "photo", "name": "2026-09-10照片81", "date": "2026-09-10", "timestamp": "", "photo_urls": ["track_photos_old/old_0083.jpg"], "photo_count": 1}, "geometry": {"type": "Point", "coordinates": [111.606148, 26.452548, 106.332917]}}, {"type": "Feature", "properties": {"type": "photo", "name": "2026-09-10照片82", "date": "2026-09-10", "timestamp": "", "photo_urls": ["track_photos_old/old_0084.jpg"], "photo_count": 1}, "geometry": {"type": "Point", "coordinates": [111.606187, 26.452622, 106.823722]}}, {"type": "Feature", "properties": {"type": "photo", "name": "2026-09-10照片83", "date": "2026-09-10", "timestamp": "", "photo_urls": ["track_photos_old/old_0085.jpg"], "photo_count": 1}, "geometry": {"type": "Point", "coordinates": [111.606029, 26.452348, 104.222938]}}, {"type": "Feature", "properties": {"type": "photo", "name": "2026-09-10照片84", "date": "2026-09-10", "timestamp": "", "photo_urls": ["track_photos_old/old_0086.jpg"], "photo_count": 1}, "geometry": {"type": "Point", "coordinates": [111.606118, 26.452183, 104.554509]}}, {"type": "Feature", "properties": {"type": "photo", "name": "2026-09-10照片85", "date": "2026-09-10", "timestamp": "", "photo_urls": ["track_photos_old/old_0087.jpg"], "photo_count": 1}, "geometry": {"type": "Point", "coordinates": [111.606336, 26.452263, 105.644435]}}, {"type": "Feature", "properties": {"type": "photo", "name": "2026-09-10照片86", "date": "2026-09-10", "timestamp": "", "photo_urls": ["track_photos_old/old_0088.jpg"], "photo_count": 1}, "geometry": {"type": "Point", "coordinates": [111.606547, 26.45235, 105.196343]}}, {"type": "Feature", "properties": {"type": "photo", "name": "2026-09-10照片87", "date": "2026-09-10", "timestamp": "", "photo_urls": ["track_photos_old/old_0089.jpg"], "photo_count": 1}, "geometry": {"type": "Point", "coordinates": [111.606624, 26.452367, 104.761714]}}, {"type": "Feature", "properties": {"type": "photo", "name": "2026-09-10照片88", "date": "2026-09-10", "timestamp": "", "photo_urls": ["track_photos_old/old_0090.jpg"], "photo_count": 1}, "geometry": {"type": "Point", "coordinates": [111.606801, 26.452377, 105.927954]}}, {"type": "Feature", "properties": {"type": "photo", "name": "2026-09-10照片89", "date": "2026-09-10", "timestamp": "", "photo_urls": ["track_photos_old/old_0091.jpg"], "photo_count": 1}, "geometry": {"type": "Point", "coordinates": [111.606295, 26.45268, 105.858295]}}, {"type": "Feature", "properties": {"type": "photo", "name": "2026-09-10照片90", "date": "2026-09-10", "timestamp": "", "photo_urls": ["track_photos_old/old_0092.jpg"], "photo_count": 1}, "geometry": {"type": "Point", "coordinates": [111.606264, 26.452766, 105.367876]}}, {"type": "Feature", "properties": {"type": "photo", "name": "2026-09-10照片91", "date": "2026-09-10", "timestamp": "", "photo_urls": ["track_photos_old/old_0093.jpg"], "photo_count": 1}, "geometry": {"type": "Point", "coordinates": [111.606155, 26.452105, 104.964702]}}, {"type": "Feature", "properties": {"type": "photo", "name": "2026-09-10照片92", "date": "2026-09-10", "timestamp": "", "photo_urls": ["track_photos_old/old_0094.jpg"], "photo_count": 1}, "geometry": {"type": "Point", "coordinates": [111.60621, 26.452037, 105.611765]}}, {"type": "Feature", "properties": {"type": "photo", "name": "2026-09-10照片93", "date": "2026-09-10", "timestamp": "", "photo_urls": ["track_photos_old/old_0095.jpg"], "photo_count": 1}, "geometry": {"type": "Point", "coordinates": [111.606292, 26.451871, 104.323517]}}, {"type": "Feature", "properties": {"type": "photo", "name": "2026-09-10照片94", "date": "2026-09-10", "timestamp": "", "photo_urls": ["track_photos_old/old_0096.jpg"], "photo_count": 1}, "geometry": {"type": "Point", "coordinates": [111.606311, 26.451879, 104.331047]}}, {"type": "Feature", "properties": {"type": "photo", "name": "2026-09-10照片95", "date": "2026-09-10", "timestamp": "", "photo_urls": ["track_photos_old/old_0097.jpg"], "photo_count": 1}, "geometry": {"type": "Point", "coordinates": [111.60647, 26.451948, 104.68122]}}, {"type": "Feature", "properties": {"type": "photo", "name": "2026-09-10照片96", "date": "2026-09-10", "timestamp": "", "photo_urls": ["track_photos_old/old_0098.jpg"], "photo_count": 1}, "geometry": {"type": "Point", "coordinates": [111.606741, 26.452149, 105.659163]}}, {"type": "Feature", "properties": {"type": "photo", "name": "2026-09-10照片97", "date": "2026-09-10", "timestamp": "", "photo_urls": ["track_photos_old/old_0099.jpg"], "photo_count": 1}, "geometry": {"type": "Point", "coordinates": [111.60703, 26.452235, 105.539871]}}, {"type": "Feature", "properties": {"type": "photo", "name": "2026-09-10照片98", "date": "2026-09-10", "timestamp": "", "photo_urls": ["track_photos_old/old_0100.jpg"], "photo_count": 1}, "geometry": {"type": "Point", "coordinates": [111.607173, 26.452293, 105.90003]}}, {"type": "Feature", "properties": {"type": "photo", "name": "2026-09-10照片99", "date": "2026-09-10", "timestamp": "", "photo_urls": ["track_photos_old/old_0101.jpg"], "photo_count": 1}, "geometry": {"type": "Point", "coordinates": [111.607341, 26.454393, 111.67381]}}, {"type": "Feature", "properties": {"type": "photo", "name": "2026-09-10照片100", "date": "2026-09-10", "timestamp": "", "photo_urls": ["track_photos_old/old_0102.jpg"], "photo_count": 1}, "geometry": {"type": "Point", "coordinates": [111.605856, 26.454619, 107.45516]}}, {"type": "Feature", "properties": {"type": "photo", "name": "2026-09-10照片101", "date": "2026-09-10", "timestamp": "", "photo_urls": ["track_photos_old/old_0103.jpg"], "photo_count": 1}, "geometry": {"type": "Point", "coordinates": [111.605585, 26.454413, 106.085802]}}, {"type": "Feature", "properties": {"type": "photo", "name": "2026-09-10照片102", "date": "2026-09-10", "timestamp": "", "photo_urls": ["track_photos_old/old_0104.jpg"], "photo_count": 1}, "geometry": {"type": "Point", "coordinates": [111.605157, 26.454351, 106.153259]}}, {"type": "Feature", "properties": {"type": "photo", "name": "2026-09-10照片103", "date": "2026-09-10", "timestamp": "", "photo_urls": ["track_photos_old/old_0105.jpg"], "photo_count": 1}, "geometry": {"type": "Point", "coordinates": [111.604144, 26.45433, 109.248912]}}, {"type": "Feature", "properties": {"type": "photo", "name": "2026-09-10照片104", "date": "2026-09-10", "timestamp": "", "photo_urls": ["track_photos_old/old_0106.jpg"], "photo_count": 1}, "geometry": {"type": "Point", "coordinates": [111.604084, 26.454312, 109.831399]}}, {"type": "Feature", "properties": {"type": "photo", "name": "2026-09-10照片105", "date": "2026-09-10", "timestamp": "", "photo_urls": ["track_photos_old/old_0107.jpg"], "photo_count": 1}, "geometry": {"type": "Point", "coordinates": [111.604018, 26.454292, 111.112847]}}, {"type": "Feature", "properties": {"type": "photo", "name": "2026-09-10照片106", "date": "2026-09-10", "timestamp": "", "photo_urls": ["track_photos_old/old_0108.jpg"], "photo_count": 1}, "geometry": {"type": "Point", "coordinates": [111.603861, 26.454534, 110.716936]}}, {"type": "Feature", "properties": {"type": "photo", "name": "2026-09-10照片107", "date": "2026-09-10", "timestamp": "", "photo_urls": ["track_photos_old/old_0109.jpg"], "photo_count": 1}, "geometry": {"type": "Point", "coordinates": [111.602859, 26.454326, 118.565995]}}, {"type": "Feature", "properties": {"type": "photo", "name": "2026-09-10照片108", "date": "2026-09-10", "timestamp": "", "photo_urls": ["track_photos_old/old_0110.jpg"], "photo_count": 1}, "geometry": {"type": "Point", "coordinates": [111.602574, 26.454332, 117.864904]}}, {"type": "Feature", "properties": {"type": "photo", "name": "2026-09-10照片109", "date": "2026-09-10", "timestamp": "", "photo_urls": ["track_photos_old/old_0111.jpg"], "photo_count": 1}, "geometry": {"type": "Point", "coordinates": [111.602321, 26.454305, 119.108149]}}, {"type": "Feature", "properties": {"type": "photo", "name": "文昌广场充电31个", "date": "2026-09-10", "timestamp": "", "photo_urls": ["track_photos_old/old_0112.jpg"], "photo_count": 1}, "geometry": {"type": "Point", "coordinates": [111.602341, 26.453861, 116.449378]}}, {"type": "Feature", "properties": {"type": "photo", "name": "2026-09-10照片111", "date": "2026-09-10", "timestamp": "", "photo_urls": ["track_photos_old/old_0113.jpg"], "photo_count": 1}, "geometry": {"type": "Point", "coordinates": [111.602388, 26.453647, 114.857148]}}, {"type": "Feature", "properties": {"type": "photo", "name": "2026-09-10照片112", "date": "2026-09-10", "timestamp": "", "photo_urls": ["track_photos_old/old_0114.jpg"], "photo_count": 1}, "geometry": {"type": "Point", "coordinates": [111.602693, 26.453375, 114.492523]}}, {"type": "Feature", "properties": {"type": "photo", "name": "2026-09-10照片113", "date": "2026-09-10", "timestamp": "", "photo_urls": ["track_photos_old/old_0115.jpg"], "photo_count": 1}, "geometry": {"type": "Point", "coordinates": [111.602344, 26.453368, 114.033367]}}, {"type": "Feature", "properties": {"type": "photo", "name": "2026-09-10照片114", "date": "2026-09-10", "timestamp": "", "photo_urls": ["track_photos_old/old_0116.jpg"], "photo_count": 1}, "geometry": {"type": "Point", "coordinates": [111.601951, 26.454212, 115.447871]}}, {"type": "Feature", "properties": {"type": "photo", "name": "2026-09-10照片115", "date": "2026-09-10", "timestamp": "", "photo_urls": ["track_photos_old/old_0117.jpg"], "photo_count": 1}, "geometry": {"type": "Point", "coordinates": [111.601739, 26.454106, 115.628783]}}, {"type": "Feature", "properties": {"type": "photo", "name": "2026-09-10照片116", "date": "2026-09-10", "timestamp": "", "photo_urls": ["track_photos_old/old_0118.jpg"], "photo_count": 1}, "geometry": {"type": "Point", "coordinates": [111.601735, 26.453978, 114.28074]}}, {"type": "Feature", "properties": {"type": "photo", "name": "2026-09-10照片117", "date": "2026-09-10", "timestamp": "", "photo_urls": ["track_photos_old/old_0119.jpg"], "photo_count": 1}, "geometry": {"type": "Point", "coordinates": [111.602085, 26.453319, 112.965086]}}, {"type": "Feature", "properties": {"type": "photo", "name": "2026-09-10照片118", "date": "2026-09-10", "timestamp": "", "photo_urls": ["track_photos_old/old_0120.jpg"], "photo_count": 1}, "geometry": {"type": "Point", "coordinates": [111.602118, 26.453222, 111.21532]}}, {"type": "Feature", "properties": {"type": "photo", "name": "2026-09-10照片119", "date": "2026-09-10", "timestamp": "", "photo_urls": ["track_photos_old/old_0121.jpg"], "photo_count": 1}, "geometry": {"type": "Point", "coordinates": [111.602244, 26.452979, 110.338288]}}, {"type": "Feature", "properties": {"type": "photo", "name": "2026-09-10照片120", "date": "2026-09-10", "timestamp": "", "photo_urls": ["track_photos_old/old_0122.jpg"], "photo_count": 1}, "geometry": {"type": "Point", "coordinates": [111.602282, 26.452924, 110.025324]}}, {"type": "Feature", "properties": {"type": "photo", "name": "2026-09-10照片121", "date": "2026-09-10", "timestamp": "", "photo_urls": ["track_photos_old/old_0123.jpg"], "photo_count": 1}, "geometry": {"type": "Point", "coordinates": [111.602803, 26.45255, 110.481582]}}, {"type": "Feature", "properties": {"type": "photo", "name": "2026-09-10照片122", "date": "2026-09-10", "timestamp": "", "photo_urls": ["track_photos_old/old_0124.jpg"], "photo_count": 1}, "geometry": {"type": "Point", "coordinates": [111.602816, 26.452767, 112.379017]}}, {"type": "Feature", "properties": {"type": "photo", "name": "2026-09-10照片123", "date": "2026-09-10", "timestamp": "", "photo_urls": ["track_photos_old/old_0125.jpg"], "photo_count": 1}, "geometry": {"type": "Point", "coordinates": [111.602843, 26.452983, 113.158067]}}, {"type": "Feature", "properties": {"type": "photo", "name": "2026-09-10照片124", "date": "2026-09-10", "timestamp": "", "photo_urls": ["track_photos_old/old_0126.jpg"], "photo_count": 1}, "geometry": {"type": "Point", "coordinates": [111.603975, 26.453181, 108.480045]}}, {"type": "Feature", "properties": {"type": "photo", "name": "2026-09-10照片125", "date": "2026-09-10", "timestamp": "", "photo_urls": ["track_photos_old/old_0127.jpg"], "photo_count": 1}, "geometry": {"type": "Point", "coordinates": [111.604677, 26.451811, 105.701784]}}, {"type": "Feature", "properties": {"type": "photo", "name": "2026-09-10照片126", "date": "2026-09-10", "timestamp": "", "photo_urls": ["track_photos_old/old_0128.jpg"], "photo_count": 1}, "geometry": {"type": "Point", "coordinates": [111.604085, 26.452082, 105.491344]}}, {"type": "Feature", "properties": {"type": "photo", "name": "2026-09-10照片127", "date": "2026-09-10", "timestamp": "", "photo_urls": ["track_photos_old/old_0129.jpg"], "photo_count": 1}, "geometry": {"type": "Point", "coordinates": [111.602133, 26.45411, 119.450775]}}, {"type": "Feature", "properties": {"type": "photo", "name": "2026-09-10照片128", "date": "2026-09-10", "timestamp": "", "photo_urls": ["track_photos_old/old_0130.jpg"], "photo_count": 1}, "geometry": {"type": "Point", "coordinates": [111.606642, 26.455988, 111.005349]}}, {"type": "Feature", "properties": {"type": "photo", "name": "2026-09-10照片129", "date": "2026-09-10", "timestamp": "", "photo_urls": ["track_photos_old/old_0131.jpg"], "photo_count": 1}, "geometry": {"type": "Point", "coordinates": [111.606731, 26.45606, 112.223676]}}, {"type": "Feature", "properties": {"type": "photo", "name": "2026-09-10照片130", "date": "2026-09-10", "timestamp": "", "photo_urls": ["track_photos_old/old_0132.jpg"], "photo_count": 1}, "geometry": {"type": "Point", "coordinates": [111.608204, 26.456197, 112.955227]}}, {"type": "Feature", "properties": {"type": "photo", "name": "2026-09-10照片131", "date": "2026-09-10", "timestamp": "", "photo_urls": ["track_photos_old/old_0133.jpg"], "photo_count": 1}, "geometry": {"type": "Point", "coordinates": [111.60847, 26.455561, 111.804646]}}, {"type": "Feature", "properties": {"type": "photo", "name": "2026-09-10照片132", "date": "2026-09-10", "timestamp": "", "photo_urls": ["track_photos_old/old_0134.jpg"], "photo_count": 1}, "geometry": {"type": "Point", "coordinates": [111.60949, 26.453316, 111.76835]}}, {"type": "Feature", "properties": {"type": "photo", "name": "2026-09-10照片133", "date": "2026-09-10", "timestamp": "", "photo_urls": ["track_photos_old/old_0135.jpg"], "photo_count": 1}, "geometry": {"type": "Point", "coordinates": [111.609488, 26.453314, 111.429417]}}, {"type": "Feature", "properties": {"type": "photo", "name": "2026-09-10照片134", "date": "2026-09-10", "timestamp": "", "photo_urls": ["track_photos_old/old_0136.jpg"], "photo_count": 1}, "geometry": {"type": "Point", "coordinates": [111.609493, 26.453303, 111.779656]}}, {"type": "Feature", "properties": {"type": "photo", "name": "2026-09-10照片135", "date": "2026-09-10", "timestamp": "", "photo_urls": ["track_photos_old/old_0137.jpg"], "photo_count": 1}, "geometry": {"type": "Point", "coordinates": [111.609284, 26.453311, 111.093071]}}, {"type": "Feature", "properties": {"type": "photo", "name": "2026-09-10照片136", "date": "2026-09-10", "timestamp": "", "photo_urls": ["track_photos_old/old_0138.jpg"], "photo_count": 1}, "geometry": {"type": "Point", "coordinates": [111.609116, 26.453264, 110.661516]}}, {"type": "Feature", "properties": {"type": "photo", "name": "2026-09-10照片137", "date": "2026-09-10", "timestamp": "", "photo_urls": ["track_photos_old/old_0139.jpg"], "photo_count": 1}, "geometry": {"type": "Point", "coordinates": [111.609026, 26.453216, 110.683083]}}, {"type": "Feature", "properties": {"type": "photo", "name": "2026-09-10照片138", "date": "2026-09-10", "timestamp": "", "photo_urls": ["track_photos_old/old_0140.jpg"], "photo_count": 1}, "geometry": {"type": "Point", "coordinates": [111.608987, 26.453231, 110.709334]}}, {"type": "Feature", "properties": {"type": "photo", "name": "2026-09-10照片139", "date": "2026-09-10", "timestamp": "", "photo_urls": ["track_photos_old/old_0141.jpg"], "photo_count": 1}, "geometry": {"type": "Point", "coordinates": [111.608955, 26.453225, 110.253793]}}, {"type": "Feature", "properties": {"type": "photo", "name": "2026-09-10照片140", "date": "2026-09-10", "timestamp": "", "photo_urls": ["track_photos_old/old_0142.jpg"], "photo_count": 1}, "geometry": {"type": "Point", "coordinates": [111.608592, 26.452928, 109.382301]}}, {"type": "Feature", "properties": {"type": "photo", "name": "2026-09-10照片141", "date": "2026-09-10", "timestamp": "", "photo_urls": ["track_photos_old/old_0143.jpg"], "photo_count": 1}, "geometry": {"type": "Point", "coordinates": [111.608659, 26.452901, 108.975198]}}, {"type": "Feature", "properties": {"type": "photo", "name": "2026-09-10照片142", "date": "2026-09-10", "timestamp": "", "photo_urls": ["track_photos_old/old_0144.jpg"], "photo_count": 1}, "geometry": {"type": "Point", "coordinates": [111.60929, 26.4527, 111.543157]}}, {"type": "Feature", "properties": {"type": "photo", "name": "2026-09-10照片143", "date": "2026-09-10", "timestamp": "", "photo_urls": ["track_photos_old/old_0145.jpg"], "photo_count": 1}, "geometry": {"type": "Point", "coordinates": [111.609245, 26.452715, 111.442342]}}, {"type": "Feature", "properties": {"type": "photo", "name": "2026-09-10照片144", "date": "2026-09-10", "timestamp": "", "photo_urls": ["track_photos_old/old_0146.jpg"], "photo_count": 1}, "geometry": {"type": "Point", "coordinates": [111.609232, 26.452703, 111.351232]}}, {"type": "Feature", "properties": {"type": "photo", "name": "2026-09-10照片145", "date": "2026-09-10", "timestamp": "", "photo_urls": ["track_photos_old/old_0147.jpg"], "photo_count": 1}, "geometry": {"type": "Point", "coordinates": [111.609239, 26.452679, 111.526012]}}, {"type": "Feature", "properties": {"type": "photo", "name": "2026-09-10照片146", "date": "2026-09-10", "timestamp": "", "photo_urls": ["track_photos_old/old_0148.jpg"], "photo_count": 1}, "geometry": {"type": "Point", "coordinates": [111.609258, 26.452704, 111.077358]}}, {"type": "Feature", "properties": {"type": "photo", "name": "2026-09-10照片147", "date": "2026-09-10", "timestamp": "", "photo_urls": ["track_photos_old/old_0149.jpg"], "photo_count": 1}, "geometry": {"type": "Point", "coordinates": [111.609145, 26.453186, 111.146197]}}, {"type": "Feature", "properties": {"type": "photo", "name": "2026-09-10照片148", "date": "2026-09-10", "timestamp": "", "photo_urls": ["track_photos_old/old_0150.jpg"], "photo_count": 1}, "geometry": {"type": "Point", "coordinates": [111.608996, 26.453226, 110.79557]}}, {"type": "Feature", "properties": {"type": "photo", "name": "2026-09-10照片149", "date": "2026-09-10", "timestamp": "", "photo_urls": ["track_photos_old/old_0151.jpg"], "photo_count": 1}, "geometry": {"type": "Point", "coordinates": [111.609214, 26.453436, 111.400291]}}, {"type": "Feature", "properties": {"type": "photo", "name": "2026-09-10照片150", "date": "2026-09-10", "timestamp": "", "photo_urls": ["track_photos_old/old_0152.jpg"], "photo_count": 1}, "geometry": {"type": "Point", "coordinates": [111.609038, 26.453921, 112.332287]}}, {"type": "Feature", "properties": {"type": "photo", "name": "2026-09-10照片151", "date": "2026-09-10", "timestamp": "", "photo_urls": ["track_photos_old/old_0153.jpg"], "photo_count": 1}, "geometry": {"type": "Point", "coordinates": [111.6089, 26.453968, 111.051541]}}, {"type": "Feature", "properties": {"type": "photo", "name": "2026-09-10照片152", "date": "2026-09-10", "timestamp": "", "photo_urls": ["track_photos_old/old_0154.jpg"], "photo_count": 1}, "geometry": {"type": "Point", "coordinates": [111.608742, 26.453695, 110.683953]}}, {"type": "Feature", "properties": {"type": "photo", "name": "2026-09-10照片153", "date": "2026-09-10", "timestamp": "", "photo_urls": ["track_photos_old/old_0155.jpg"], "photo_count": 1}, "geometry": {"type": "Point", "coordinates": [111.608725, 26.453597, 110.70799]}}, {"type": "Feature", "properties": {"type": "photo", "name": "2026-09-10照片154", "date": "2026-09-10", "timestamp": "", "photo_urls": ["track_photos_old/old_0156.jpg"], "photo_count": 1}, "geometry": {"type": "Point", "coordinates": [111.60849, 26.454017, 111.920438]}}, {"type": "Feature", "properties": {"type": "photo", "name": "2026-09-10照片155", "date": "2026-09-10", "timestamp": "", "photo_urls": ["track_photos_old/old_0157.jpg"], "photo_count": 1}, "geometry": {"type": "Point", "coordinates": [111.608491, 26.454175, 113.705028]}}, {"type": "Feature", "properties": {"type": "photo", "name": "2026-09-10照片156", "date": "2026-09-10", "timestamp": "", "photo_urls": ["track_photos_old/old_0158.jpg"], "photo_count": 1}, "geometry": {"type": "Point", "coordinates": [111.60837, 26.455124, 112.000075]}}, {"type": "Feature", "properties": {"type": "photo", "name": "2026-09-10照片157", "date": "2026-09-10", "timestamp": "", "photo_urls": ["track_photos_old/old_0159.jpg"], "photo_count": 1}, "geometry": {"type": "Point", "coordinates": [111.608436, 26.455092, 112.259465]}}, {"type": "Feature", "properties": {"type": "photo", "name": "2026-09-10照片158", "date": "2026-09-10", "timestamp": "", "photo_urls": ["track_photos_old/old_0160.jpg"], "photo_count": 1}, "geometry": {"type": "Point", "coordinates": [111.609427, 26.454961, 112.417541]}}, {"type": "Feature", "properties": {"type": "photo", "name": "2026-09-10照片159", "date": "2026-09-10", "timestamp": "", "photo_urls": ["track_photos_old/old_0161.jpg"], "photo_count": 1}, "geometry": {"type": "Point", "coordinates": [111.609358, 26.45499, 112.056563]}}, {"type": "Feature", "properties": {"type": "photo", "name": "2026-09-10照片160", "date": "2026-09-10", "timestamp": "", "photo_urls": ["track_photos_old/old_0162.jpg"], "photo_count": 1}, "geometry": {"type": "Point", "coordinates": [111.60901, 26.454302, 112.185907]}}, {"type": "Feature", "properties": {"type": "photo", "name": "2026-09-10照片161", "date": "2026-09-10", "timestamp": "", "photo_urls": ["track_photos_old/old_0163.jpg"], "photo_count": 1}, "geometry": {"type": "Point", "coordinates": [111.60905, 26.454053, 110.20753]}}, {"type": "Feature", "properties": {"type": "photo", "name": "2026-09-10照片162", "date": "2026-09-10", "timestamp": "", "photo_urls": ["track_photos_old/old_0164.jpg"], "photo_count": 1}, "geometry": {"type": "Point", "coordinates": [111.609685, 26.452673, 111.144744]}}, {"type": "Feature", "properties": {"type": "photo", "name": "2026-09-10照片163", "date": "2026-09-10", "timestamp": "", "photo_urls": ["track_photos_old/old_0165.jpg"], "photo_count": 1}, "geometry": {"type": "Point", "coordinates": [111.608708, 26.452026, 108.971485]}}, {"type": "Feature", "properties": {"type": "photo", "name": "2026-09-10照片164", "date": "2026-09-10", "timestamp": "", "photo_urls": ["track_photos_old/old_0166.jpg"], "photo_count": 1}, "geometry": {"type": "Point", "coordinates": [111.608724, 26.45204, 109.579822]}}, {"type": "Feature", "properties": {"type": "photo", "name": "2026-09-10照片165", "date": "2026-09-10", "timestamp": "", "photo_urls": ["track_photos_old/old_0167.jpg"], "photo_count": 1}, "geometry": {"type": "Point", "coordinates": [111.608772, 26.452053, 108.94458]}}, {"type": "Feature", "properties": {"type": "photo", "name": "2026-09-10照片166", "date": "2026-09-10", "timestamp": "", "photo_urls": ["track_photos_old/old_0168.jpg"], "photo_count": 1}, "geometry": {"type": "Point", "coordinates": [111.608699, 26.452115, 108.606963]}}, {"type": "Feature", "properties": {"type": "photo", "name": "2026-09-10照片167", "date": "2026-09-10", "timestamp": "", "photo_urls": ["track_photos_old/old_0169.jpg"], "photo_count": 1}, "geometry": {"type": "Point", "coordinates": [111.608691, 26.452179, 108.258671]}}, {"type": "Feature", "properties": {"type": "photo", "name": "2026-09-10照片168", "date": "2026-09-10", "timestamp": "", "photo_urls": ["track_photos_old/old_0170.jpg"], "photo_count": 1}, "geometry": {"type": "Point", "coordinates": [111.608631, 26.452235, 107.918568]}}, {"type": "Feature", "properties": {"type": "photo", "name": "2026-09-10照片169", "date": "2026-09-10", "timestamp": "", "photo_urls": ["track_photos_old/old_0171.jpg"], "photo_count": 1}, "geometry": {"type": "Point", "coordinates": [111.608408, 26.452349, 107.565493]}}, {"type": "Feature", "properties": {"type": "photo", "name": "2026-09-10照片170", "date": "2026-09-10", "timestamp": "", "photo_urls": ["track_photos_old/old_0172.jpg"], "photo_count": 1}, "geometry": {"type": "Point", "coordinates": [111.607092, 26.452646, 106.549819]}}, {"type": "Feature", "properties": {"type": "photo", "name": "2026-09-10照片171", "date": "2026-09-10", "timestamp": "", "photo_urls": ["track_photos_old/old_0173.jpg"], "photo_count": 1}, "geometry": {"type": "Point", "coordinates": [111.60679, 26.453403, 107.546488]}}, {"type": "Feature", "properties": {"type": "photo", "name": "2026-09-10照片172", "date": "2026-09-10", "timestamp": "", "photo_urls": ["track_photos_old/old_0174.jpg"], "photo_count": 1}, "geometry": {"type": "Point", "coordinates": [111.601149, 26.450311, 103.771134]}}, {"type": "Feature", "properties": {"type": "photo", "name": "2026-09-10照片173", "date": "2026-09-10", "timestamp": "", "photo_urls": ["track_photos_old/old_0175.jpg"], "photo_count": 1}, "geometry": {"type": "Point", "coordinates": [111.601225, 26.450529, 105.834664]}}, {"type": "Feature", "properties": {"type": "photo", "name": "2026-09-10照片174", "date": "2026-09-10", "timestamp": "", "photo_urls": ["track_photos_old/old_0176.jpg"], "photo_count": 1}, "geometry": {"type": "Point", "coordinates": [111.601262, 26.45058, 106.433324]}}, {"type": "Feature", "properties": {"type": "photo", "name": "2026-09-10照片175", "date": "2026-09-10", "timestamp": "", "photo_urls": ["track_photos_old/old_0177.jpg"], "photo_count": 1}, "geometry": {"type": "Point", "coordinates": [111.601217, 26.45084, 107.654009]}}, {"type": "Feature", "properties": {"type": "photo", "name": "2026-09-10照片176", "date": "2026-09-10", "timestamp": "", "photo_urls": ["track_photos_old/old_0178.jpg"], "photo_count": 1}, "geometry": {"type": "Point", "coordinates": [111.601228, 26.451316, 109.751161]}}, {"type": "Feature", "properties": {"type": "photo", "name": "2026-09-10照片177", "date": "2026-09-10", "timestamp": "", "photo_urls": ["track_photos_old/old_0179.jpg"], "photo_count": 1}, "geometry": {"type": "Point", "coordinates": [111.601241, 26.451802, 110.211394]}}, {"type": "Feature", "properties": {"type": "photo", "name": "2026-09-10照片178", "date": "2026-09-10", "timestamp": "", "photo_urls": ["track_photos_old/old_0180.jpg"], "photo_count": 1}, "geometry": {"type": "Point", "coordinates": [111.60148, 26.452265, 109.127394]}}, {"type": "Feature", "properties": {"type": "photo", "name": "2026-09-10照片179", "date": "2026-09-10", "timestamp": "", "photo_urls": ["track_photos_old/old_0181.jpg"], "photo_count": 1}, "geometry": {"type": "Point", "coordinates": [111.601495, 26.452314, 108.930602]}}, {"type": "Feature", "properties": {"type": "photo", "name": "2026-09-10照片180", "date": "2026-09-10", "timestamp": "", "photo_urls": ["track_photos_old/old_0182.jpg"], "photo_count": 1}, "geometry": {"type": "Point", "coordinates": [111.601508, 26.452397, 108.991618]}}, {"type": "Feature", "properties": {"type": "photo", "name": "2026-09-10照片181", "date": "2026-09-10", "timestamp": "", "photo_urls": ["track_photos_old/old_0183.jpg"], "photo_count": 1}, "geometry": {"type": "Point", "coordinates": [111.601286, 26.452441, 110.201258]}}, {"type": "Feature", "properties": {"type": "photo", "name": "2026-09-10照片182", "date": "2026-09-10", "timestamp": "", "photo_urls": ["track_photos_old/old_0184.jpg"], "photo_count": 1}, "geometry": {"type": "Point", "coordinates": [111.600696, 26.451955, 110.847032]}}, {"type": "Feature", "properties": {"type": "photo", "name": "2026-09-10照片183", "date": "2026-09-10", "timestamp": "", "photo_urls": ["track_photos_old/old_0185.jpg"], "photo_count": 1}, "geometry": {"type": "Point", "coordinates": [111.600603, 26.452008, 111.537638]}}, {"type": "Feature", "properties": {"type": "photo", "name": "2026-09-10照片184", "date": "2026-09-10", "timestamp": "", "photo_urls": ["track_photos_old/old_0186.jpg"], "photo_count": 1}, "geometry": {"type": "Point", "coordinates": [111.600222, 26.4524, 113.260299]}}, {"type": "Feature", "properties": {"type": "photo", "name": "2026-09-10照片185", "date": "2026-09-10", "timestamp": "", "photo_urls": ["track_photos_old/old_0187.jpg"], "photo_count": 1}, "geometry": {"type": "Point", "coordinates": [111.600072, 26.452418, 113.570375]}}, {"type": "Feature", "properties": {"type": "photo", "name": "2026-09-10照片186", "date": "2026-09-10", "timestamp": "", "photo_urls": ["track_photos_old/old_0188.jpg"], "photo_count": 1}, "geometry": {"type": "Point", "coordinates": [111.59971, 26.452451, 113.410641]}}, {"type": "Feature", "properties": {"type": "photo", "name": "2026-09-10照片187", "date": "2026-09-10", "timestamp": "", "photo_urls": ["track_photos_old/old_0189.jpg"], "photo_count": 1}, "geometry": {"type": "Point", "coordinates": [111.599673, 26.452492, 114.810448]}}, {"type": "Feature", "properties": {"type": "photo", "name": "2026-09-10照片188", "date": "2026-09-10", "timestamp": "", "photo_urls": ["track_photos_old/old_0190.jpg"], "photo_count": 1}, "geometry": {"type": "Point", "coordinates": [111.59967, 26.45275, 115.461939]}}, {"type": "Feature", "properties": {"type": "photo", "name": "2026-09-10照片189", "date": "2026-09-10", "timestamp": "", "photo_urls": ["track_photos_old/old_0191.jpg"], "photo_count": 1}, "geometry": {"type": "Point", "coordinates": [111.599704, 26.452827, 115.857195]}}, {"type": "Feature", "properties": {"type": "photo", "name": "2026-09-10照片190", "date": "2026-09-10", "timestamp": "", "photo_urls": ["track_photos_old/old_0192.jpg"], "photo_count": 1}, "geometry": {"type": "Point", "coordinates": [111.599655, 26.452991, 115.996735]}}, {"type": "Feature", "properties": {"type": "photo", "name": "2026-09-10照片191", "date": "2026-09-10", "timestamp": "", "photo_urls": ["track_photos_old/old_0193.jpg"], "photo_count": 1}, "geometry": {"type": "Point", "coordinates": [111.599457, 26.45293, 115.927506]}}, {"type": "Feature", "properties": {"type": "photo", "name": "2026-09-10照片192", "date": "2026-09-10", "timestamp": "", "photo_urls": ["track_photos_old/old_0194.jpg"], "photo_count": 1}, "geometry": {"type": "Point", "coordinates": [111.599333, 26.453107, 117.407305]}}, {"type": "Feature", "properties": {"type": "photo", "name": "2026-09-10照片193", "date": "2026-09-10", "timestamp": "", "photo_urls": ["track_photos_old/old_0195.jpg"], "photo_count": 1}, "geometry": {"type": "Point", "coordinates": [111.598647, 26.452821, 118.576618]}}, {"type": "Feature", "properties": {"type": "photo", "name": "2026-09-10照片194", "date": "2026-09-10", "timestamp": "", "photo_urls": ["track_photos_old/old_0196.jpg"], "photo_count": 1}, "geometry": {"type": "Point", "coordinates": [111.598714, 26.452424, 119.132628]}}, {"type": "Feature", "properties": {"type": "photo", "name": "2026-09-10照片195", "date": "2026-09-10", "timestamp": "", "photo_urls": ["track_photos_old/old_0197.jpg"], "photo_count": 1}, "geometry": {"type": "Point", "coordinates": [111.598827, 26.452283, 116.956672]}}, {"type": "Feature", "properties": {"type": "photo", "name": "2026-09-10照片196", "date": "2026-09-10", "timestamp": "", "photo_urls": ["track_photos_old/old_0198.jpg"], "photo_count": 1}, "geometry": {"type": "Point", "coordinates": [111.598886, 26.452179, 118.022042]}}, {"type": "Feature", "properties": {"type": "photo", "name": "2026-09-10照片197", "date": "2026-09-10", "timestamp": "", "photo_urls": ["track_photos_old/old_0199.jpg"], "photo_count": 1}, "geometry": {"type": "Point", "coordinates": [111.598987, 26.452102, 116.795027]}}, {"type": "Feature", "properties": {"type": "photo", "name": "2026-09-10照片198", "date": "2026-09-10", "timestamp": "", "photo_urls": ["track_photos_old/old_0200.jpg"], "photo_count": 1}, "geometry": {"type": "Point", "coordinates": [111.599009, 26.45209, 115.935819]}}, {"type": "Feature", "properties": {"type": "photo", "name": "2026-09-10照片199", "date": "2026-09-10", "timestamp": "", "photo_urls": ["track_photos_old/old_0201.jpg"], "photo_count": 1}, "geometry": {"type": "Point", "coordinates": [111.597068, 26.452184, 118.661321]}}, {"type": "Feature", "properties": {"type": "photo", "name": "2026-09-10照片200", "date": "2026-09-10", "timestamp": "", "photo_urls": ["track_photos_old/old_0202.jpg"], "photo_count": 1}, "geometry": {"type": "Point", "coordinates": [111.59727, 26.451988, 118.349109]}}, {"type": "Feature", "properties": {"type": "photo", "name": "2026-09-10照片201", "date": "2026-09-10", "timestamp": "", "photo_urls": ["track_photos_old/old_0203.jpg"], "photo_count": 1}, "geometry": {"type": "Point", "coordinates": [111.597492, 26.451901, 118.471425]}}, {"type": "Feature", "properties": {"type": "photo", "name": "2026-09-10照片202", "date": "2026-09-10", "timestamp": "", "photo_urls": ["track_photos_old/old_0204.jpg"], "photo_count": 1}, "geometry": {"type": "Point", "coordinates": [111.597485, 26.451907, 118.188574]}}, {"type": "Feature", "properties": {"type": "photo", "name": "2026-09-10照片203", "date": "2026-09-10", "timestamp": "", "photo_urls": ["track_photos_old/old_0205.jpg"], "photo_count": 1}, "geometry": {"type": "Point", "coordinates": [111.597362, 26.451795, 117.42716]}}, {"type": "Feature", "properties": {"type": "photo", "name": "2026-09-10照片204", "date": "2026-09-10", "timestamp": "", "photo_urls": ["track_photos_old/old_0206.jpg"], "photo_count": 1}, "geometry": {"type": "Point", "coordinates": [111.597384, 26.451742, 117.694433]}}, {"type": "Feature", "properties": {"type": "photo", "name": "2026-09-10照片205", "date": "2026-09-10", "timestamp": "", "photo_urls": ["track_photos_old/old_0207.jpg"], "photo_count": 1}, "geometry": {"type": "Point", "coordinates": [111.597234, 26.451592, 118.217633]}}, {"type": "Feature", "properties": {"type": "photo", "name": "2026-09-10照片206", "date": "2026-09-10", "timestamp": "", "photo_urls": ["track_photos_old/old_0208.jpg"], "photo_count": 1}, "geometry": {"type": "Point", "coordinates": [111.597228, 26.451602, 117.963145]}}, {"type": "Feature", "properties": {"type": "photo", "name": "2026-09-10照片207", "date": "2026-09-10", "timestamp": "", "photo_urls": ["track_photos_old/old_0209.jpg"], "photo_count": 1}, "geometry": {"type": "Point", "coordinates": [111.597284, 26.451695, 117.681677]}}, {"type": "Feature", "properties": {"type": "photo", "name": "2026-09-10照片208", "date": "2026-09-10", "timestamp": "", "photo_urls": ["track_photos_old/old_0210.jpg"], "photo_count": 1}, "geometry": {"type": "Point", "coordinates": [111.59773, 26.451752, 117.651644]}}, {"type": "Feature", "properties": {"type": "photo", "name": "2026-09-10照片209", "date": "2026-09-10", "timestamp": "", "photo_urls": ["track_photos_old/old_0211.jpg"], "photo_count": 1}, "geometry": {"type": "Point", "coordinates": [111.597942, 26.451548, 117.182862]}}, {"type": "Feature", "properties": {"type": "photo", "name": "2026-09-10照片210", "date": "2026-09-10", "timestamp": "", "photo_urls": ["track_photos_old/old_0212.jpg"], "photo_count": 1}, "geometry": {"type": "Point", "coordinates": [111.59809, 26.451479, 117.074688]}}, {"type": "Feature", "properties": {"type": "photo", "name": "2026-09-10照片211", "date": "2026-09-10", "timestamp": "", "photo_urls": ["track_photos_old/old_0213.jpg"], "photo_count": 1}, "geometry": {"type": "Point", "coordinates": [111.598156, 26.451284, 118.861378]}}, {"type": "Feature", "properties": {"type": "photo", "name": "2026-09-10照片212", "date": "2026-09-10", "timestamp": "", "photo_urls": ["track_photos_old/old_0214.jpg"], "photo_count": 1}, "geometry": {"type": "Point", "coordinates": [111.59816, 26.451262, 117.373975]}}, {"type": "Feature", "properties": {"type": "photo", "name": "2026-09-10照片213", "date": "2026-09-10", "timestamp": "", "photo_urls": ["track_photos_old/old_0215.jpg"], "photo_count": 1}, "geometry": {"type": "Point", "coordinates": [111.598152, 26.451221, 117.633513]}}, {"type": "Feature", "properties": {"type": "photo", "name": "2026-09-10照片214", "date": "2026-09-10", "timestamp": "", "photo_urls": ["track_photos_old/old_0216.jpg"], "photo_count": 1}, "geometry": {"type": "Point", "coordinates": [111.598142, 26.451226, 117.366119]}}, {"type": "Feature", "properties": {"type": "photo", "name": "2026-09-10照片215", "date": "2026-09-10", "timestamp": "", "photo_urls": ["track_photos_old/old_0217.jpg"], "photo_count": 1}, "geometry": {"type": "Point", "coordinates": [111.59818, 26.450883, 117.673887]}}, {"type": "Feature", "properties": {"type": "photo", "name": "2026-09-10照片216", "date": "2026-09-10", "timestamp": "", "photo_urls": ["track_photos_old/old_0218.jpg"], "photo_count": 1}, "geometry": {"type": "Point", "coordinates": [111.598247, 26.450834, 117.977827]}}, {"type": "Feature", "properties": {"type": "photo", "name": "2026-09-10照片217", "date": "2026-09-10", "timestamp": "", "photo_urls": ["track_photos_old/old_0219.jpg"], "photo_count": 1}, "geometry": {"type": "Point", "coordinates": [111.598248, 26.450821, 117.783174]}}, {"type": "Feature", "properties": {"type": "photo", "name": "2026-09-10照片218", "date": "2026-09-10", "timestamp": "", "photo_urls": ["track_photos_old/old_0220.jpg"], "photo_count": 1}, "geometry": {"type": "Point", "coordinates": [111.598331, 26.45076, 116.891604]}}, {"type": "Feature", "properties": {"type": "photo", "name": "2026-09-10照片219", "date": "2026-09-10", "timestamp": "", "photo_urls": ["track_photos_old/old_0221.jpg"], "photo_count": 1}, "geometry": {"type": "Point", "coordinates": [111.598366, 26.450626, 114.452007]}}, {"type": "Feature", "properties": {"type": "photo", "name": "2026-09-10照片220", "date": "2026-09-10", "timestamp": "", "photo_urls": ["track_photos_old/old_0222.jpg"], "photo_count": 1}, "geometry": {"type": "Point", "coordinates": [111.59833, 26.450581, 114.981321]}}, {"type": "Feature", "properties": {"type": "photo", "name": "2026-09-10照片221", "date": "2026-09-10", "timestamp": "", "photo_urls": ["track_photos_old/old_0223.jpg"], "photo_count": 1}, "geometry": {"type": "Point", "coordinates": [111.598374, 26.450539, 114.592604]}}, {"type": "Feature", "properties": {"type": "photo", "name": "2026-09-10照片222", "date": "2026-09-10", "timestamp": "", "photo_urls": ["track_photos_old/old_0224.jpg"], "photo_count": 1}, "geometry": {"type": "Point", "coordinates": [111.598119, 26.449968, 112.312184]}}, {"type": "Feature", "properties": {"type": "photo", "name": "2026-09-10照片223", "date": "2026-09-10", "timestamp": "", "photo_urls": ["track_photos_old/old_0225.jpg"], "photo_count": 1}, "geometry": {"type": "Point", "coordinates": [111.598085, 26.449672, 108.519411]}}, {"type": "Feature", "properties": {"type": "photo", "name": "2026-09-10照片224", "date": "2026-09-10", "timestamp": "", "photo_urls": ["track_photos_old/old_0226.jpg"], "photo_count": 1}, "geometry": {"type": "Point", "coordinates": [111.598072, 26.449539, 108.265805]}}, {"type": "Feature", "properties": {"type": "photo", "name": "2026-09-10照片225", "date": "2026-09-10", "timestamp": "", "photo_urls": ["track_photos_old/old_0227.jpg"], "photo_count": 1}, "geometry": {"type": "Point", "coordinates": [111.598078, 26.449427, 106.73308]}}, {"type": "Feature", "properties": {"type": "photo", "name": "2026-09-10照片226", "date": "2026-09-10", "timestamp": "", "photo_urls": ["track_photos_old/old_0228.jpg"], "photo_count": 1}, "geometry": {"type": "Point", "coordinates": [111.599163, 26.449756, 110.893677]}}, {"type": "Feature", "properties": {"type": "photo", "name": "2026-09-10照片227", "date": "2026-09-10", "timestamp": "", "photo_urls": ["track_photos_old/old_0229.jpg"], "photo_count": 1}, "geometry": {"type": "Point", "coordinates": [111.599974, 26.449952, 109.798575]}}, {"type": "Feature", "properties": {"type": "photo", "name": "2026-09-10照片228", "date": "2026-09-10", "timestamp": "", "photo_urls": ["track_photos_old/old_0230.jpg"], "photo_count": 1}, "geometry": {"type": "Point", "coordinates": [111.600041, 26.449954, 108.173177]}}, {"type": "Feature", "properties": {"type": "photo", "name": "2026-09-10照片229", "date": "2026-09-10", "timestamp": "", "photo_urls": ["track_photos_old/old_0231.jpg"], "photo_count": 1}, "geometry": {"type": "Point", "coordinates": [111.60007, 26.449953, 108.465649]}}, {"type": "Feature", "properties": {"type": "track", "name": "2026-09-11 调研轨迹", "date": "2026-09-11", "time": "09:38:59", "distance_m": 5309.6, "point_count": 1405}, "geometry": {"type": "LineString", "coordinates": [[111.596687, 26.451863, 116.647526], [111.596654, 26.451954, 116.741213], [111.596659, 26.451962, 116.741213], [111.596665, 26.45197, 116.741213], [111.596661, 26.451988, 116.741213], [111.596654, 26.452007, 117.179952], [111.596648, 26.452023, 117.218031], [111.596629, 26.452075, 117.460668], [111.596621, 26.4521, 117.480935], [111.59661, 26.452133, 117.526083], [111.596601, 26.452168, 117.566524], [111.596592, 26.452203, 117.569596], [111.596586, 26.452238, 117.601986], [111.59658, 26.452271, 117.635344], [111.596575, 26.452302, 117.670892], [111.59657, 26.45233, 117.678915], [111.59656, 26.452375, 117.769372], [111.596555, 26.452391, 117.702845], [111.596548, 26.452428, 117.777201], [111.596542, 26.452467, 117.873022], [111.596542, 26.452482, 117.837602], [111.596544, 26.452515, 117.936762], [111.596548, 26.452556, 117.952004], [111.596557, 26.452571, 117.983572], [111.596566, 26.452587, 118.098938], [111.596567, 26.452593, 118.130949], [111.596586, 26.452655, 118.362867], [111.596586, 26.452655, 118.397269], [111.596586, 26.452655, 118.403394], [111.596567, 26.452687, 118.45536], [111.596566, 26.45269, 118.45536], [111.596566, 26.452692, 118.45536], [111.596563, 26.452777, 118.564898], [111.596562, 26.452783, 118.601699], [111.596563, 26.452789, 118.502264], [111.596571, 26.452826, 118.622504], [111.596571, 26.452826, 118.622504], [111.596571, 26.452825, 118.634934], [111.596559, 26.452851, 118.633264], [111.596558, 26.452857, 118.656082], [111.596558, 26.452866, 118.650974], [111.596566, 26.452944, 118.720961], [111.596567, 26.452947, 118.720132], [111.596566, 26.452959, 118.788775], [111.596558, 26.453038, 118.894917], [111.596558, 26.45305, 118.973496], [111.596557, 26.453068, 118.975057], [111.596554, 26.453125, 119.010903], [111.596553, 26.453144, 119.056657], [111.59655, 26.45316, 119.010411], [111.596544, 26.453183, 119.070747], [111.596545, 26.453181, 119.070747], [111.596537, 26.4532, 119.01946], [111.596536, 26.45321, 119.04393], [111.596533, 26.453222, 119.053614], [111.596522, 26.453295, 118.947547], [111.596522, 26.453303, 119.044466], [111.596523, 26.453313, 118.901431], [111.596527, 26.453395, 119.033189], [111.596527, 26.453402, 119.042847], [111.596527, 26.453409, 119.053348], [111.596526, 26.453435, 119.123219], [111.596526, 26.453444, 119.137692], [111.596526, 26.453445, 119.136583], [111.596532, 26.453465, 119.234675], [111.596533, 26.453474, 119.304134], [111.596533, 26.45349, 119.280503], [111.596531, 26.453506, 119.307205], [111.596523, 26.453575, 119.389905], [111.59652, 26.453583, 119.381811], [111.596521, 26.453595, 119.370923], [111.596525, 26.453603, 119.384332], [111.596534, 26.453625, 119.39862], [111.596536, 26.453628, 119.405724], [111.596536, 26.453629, 119.417739], [111.596525, 26.453654, 119.540203], [111.596525, 26.453656, 119.540203], [111.596525, 26.453683, 119.55256], [111.596524, 26.453749, 119.713454], [111.596524, 26.453763, 119.776902], [111.596521, 26.453775, 119.841608], [111.596502, 26.453837, 119.935077], [111.596497, 26.45385, 119.88574], [111.596494, 26.453866, 120.017032], [111.596481, 26.453927, 120.013659], [111.596479, 26.45394, 120.044731], [111.596476, 26.453956, 120.06141], [111.596472, 26.45402, 119.945002], [111.596477, 26.454023, 119.994002], [111.596478, 26.454024, 119.994002], [111.596492, 26.454057, 120.05127], [111.596493, 26.454066, 120.065311], [111.596492, 26.454081, 120.083297], [111.596485, 26.454155, 120.141669], [111.596483, 26.454172, 120.154456], [111.596479, 26.454192, 120.144851], [111.59647, 26.454264, 120.211641], [111.596469, 26.454294, 120.29711], [111.596469, 26.454328, 120.262093], [111.59647, 26.454364, 120.294815], [111.596471, 26.4544, 120.422348], [111.596473, 26.454433, 120.315392], [111.596476, 26.454463, 120.301613], [111.596478, 26.454488, 120.40705], [111.596479, 26.454524, 120.447311], [111.596481, 26.454554, 120.380882], [111.596484, 26.454584, 120.510477], [111.596488, 26.454612, 120.63842], [111.596486, 26.454645, 120.716794], [111.596481, 26.454678, 120.864374], [111.596478, 26.454701, 120.970809], [111.596475, 26.454743, 121.130146], [111.596474, 26.454771, 121.095056], [111.596474, 26.454803, 121.236503], [111.596474, 26.454837, 121.19805], [111.596474, 26.454872, 121.339486], [111.596473, 26.454909, 121.336077], [111.596473, 26.454947, 121.464992], [111.596469, 26.454988, 121.439087], [111.596463, 26.455029, 121.638972], [111.596455, 26.45507, 121.621216], [111.596448, 26.455109, 121.702301], [111.596441, 26.455148, 121.679457], [111.596434, 26.455184, 121.811021], [111.596428, 26.455217, 121.821185], [111.596424, 26.455243, 121.844535], [111.596421, 26.455278, 121.890378], [111.596422, 26.455314, 121.936499], [111.596425, 26.455335, 122.057526], [111.596426, 26.455373, 122.13675], [111.596426, 26.455409, 122.175201], [111.596421, 26.455425, 122.177003], [111.596408, 26.455475, 122.12829], [111.596401, 26.455495, 122.10981], [111.596392, 26.455517, 122.016503], [111.596376, 26.455563, 121.997084], [111.596368, 26.455587, 121.993233], [111.596373, 26.455591, 122.084613], [111.596489, 26.455641, 122.079996], [111.596648, 26.455708, 122.065852], [111.596665, 26.455714, 122.063293], [111.596667, 26.455715, 122.158945], [111.596753, 26.455738, 122.142802], [111.596785, 26.455746, 122.210282], [111.596823, 26.455754, 122.186507], [111.596863, 26.455762, 122.163825], [111.596902, 26.455768, 122.117079], [111.596941, 26.455773, 122.077415], [111.596978, 26.455778, 122.173418], [111.597013, 26.455781, 122.032356], [111.597048, 26.455783, 122.049347], [111.597081, 26.455784, 122.088179], [111.597113, 26.455785, 121.913854], [111.597171, 26.455785, 121.976222], [111.597197, 26.455785, 121.967344], [111.597223, 26.455784, 121.986183], [111.597273, 26.455782, 122.003941], [111.597299, 26.45578, 121.955576], [111.597327, 26.455779, 121.947854], [111.597386, 26.455777, 121.938338], [111.597417, 26.455776, 121.895194], [111.597451, 26.455775, 122.015986], [111.597485, 26.455774, 121.982041], [111.597521, 26.455773, 121.887871], [111.59756, 26.455773, 121.967374], [111.5976, 26.455772, 121.891437], [111.59764, 26.455772, 121.86975], [111.597678, 26.455772, 121.971123], [111.597718, 26.455772, 121.957046], [111.597761, 26.455773, 122.016158], [111.597805, 26.455774, 122.045296], [111.597918, 26.455777, 121.891987], [111.597931, 26.455777, 121.745743], [111.597938, 26.455777, 121.412163], [111.598051, 26.455779, 121.01531], [111.598272, 26.455783, 120.830965], [111.5983, 26.455785, 120.665809], [111.598382, 26.45579, 120.389943], [111.598387, 26.45579, 120.184526], [111.598414, 26.455791, 120.049229], [111.598496, 26.455794, 120.105933], [111.598532, 26.455796, 120.069022], [111.598565, 26.455786, 120.107194], [111.598583, 26.455768, 120.117495], [111.598608, 26.455706, 120.08264], [111.598667, 26.455552, 120.098392], [111.598672, 26.455539, 120.195727], [111.598673, 26.455538, 120.080948], [111.598756, 26.455466, 120.228317], [111.59878, 26.455444, 120.255284], [111.598806, 26.455422, 120.290588], [111.59883, 26.455401, 120.268318], [111.598852, 26.455382, 120.302528], [111.598885, 26.455353, 120.228202], [111.598883, 26.45535, 120.256003], [111.598932, 26.455367, 121.333523], [111.599012, 26.455391, 121.366237], [111.599018, 26.455389, 121.521684], [111.599018, 26.455384, 121.485507], [111.599016, 26.4553, 121.311894], [111.599014, 26.455276, 121.329202], [111.59901, 26.455249, 121.46318], [111.599004, 26.455202, 121.627703], [111.599, 26.455183, 121.523168], [111.598993, 26.455156, 121.466155], [111.598979, 26.455114, 121.085409], [111.598966, 26.455096, 121.006511], [111.598945, 26.455074, 120.955392], [111.598939, 26.455059, 122.124454], [111.598942, 26.455036, 122.652293], [111.598953, 26.454984, 121.348805], [111.59896, 26.45497, 121.220159], [111.598977, 26.454932, 120.92763], [111.598997, 26.454888, 121.01371], [111.599005, 26.454864, 121.114753], [111.599013, 26.454839, 121.247134], [111.599027, 26.454788, 121.484072], [111.599034, 26.454765, 121.022789], [111.599041, 26.454742, 121.151498], [111.599051, 26.4547, 121.129487], [111.599057, 26.454679, 121.129612], [111.599065, 26.454639, 121.646128], [111.59907, 26.454605, 121.487633], [111.599072, 26.454582, 121.272692], [111.599076, 26.454541, 121.673179], [111.599076, 26.454513, 121.464394], [111.599076, 26.454489, 121.480306], [111.599081, 26.454451, 121.475844], [111.599093, 26.454426, 120.769734], [111.599116, 26.454398, 121.374304], [111.599148, 26.454365, 121.180223], [111.599167, 26.454349, 120.952727], [111.599189, 26.454333, 120.973911], [111.59923, 26.4543, 120.8704], [111.599248, 26.454284, 120.827225], [111.59926, 26.454267, 121.084053], [111.59928, 26.454219, 121.150821], [111.599284, 26.454194, 121.197669], [111.599286, 26.454176, 121.184694], [111.599294, 26.454121, 121.019101], [111.599303, 26.454106, 121.318444], [111.59931, 26.454083, 120.950546], [111.599324, 26.454024, 122.32257], [111.599322, 26.454017, 122.224158], [111.599308, 26.453997, 121.843687], [111.599268, 26.453938, 120.673694], [111.59926, 26.453928, 120.467979], [111.599252, 26.453915, 120.137073], [111.599208, 26.453839, 119.887302], [111.5992, 26.453818, 120.024951], [111.599194, 26.453794, 119.995319], [111.599185, 26.453742, 119.659764], [111.599184, 26.453712, 119.222755], [111.599186, 26.453683, 119.154769], [111.59919, 26.453654, 119.8043], [111.599194, 26.453624, 119.876878], [111.599195, 26.453596, 119.572356], [111.599196, 26.453545, 119.289082], [111.599194, 26.453523, 119.216289], [111.599185, 26.453511, 119.364788], [111.599134, 26.453483, 120.227855], [111.599101, 26.453471, 120.522403], [111.59909, 26.453473, 120.504121], [111.599041, 26.453499, 120.783289], [111.599009, 26.45352, 120.141869], [111.599005, 26.453525, 120.737137], [111.5991, 26.453427, 120.515114], [111.5991, 26.453427, 119.772929], [111.5991, 26.453427, 119.715748], [111.599011, 26.453391, 119.136297], [111.599002, 26.453387, 119.291283], [111.599001, 26.453387, 119.572062], [111.598912, 26.453352, 118.546875], [111.598897, 26.453345, 118.654144], [111.598882, 26.453338, 118.432774], [111.598824, 26.453307, 118.974867], [111.598812, 26.4533, 119.364889], [111.598785, 26.453292, 119.935613], [111.598722, 26.453272, 119.274981], [111.598713, 26.45327, 119.406801], [111.598684, 26.453261, 119.303281], [111.598624, 26.453245, 119.464879], [111.598617, 26.453242, 119.518508], [111.598583, 26.453227, 119.501435], [111.598527, 26.453201, 119.718303], [111.598514, 26.453195, 119.441079], [111.598488, 26.453179, 120.021201], [111.598432, 26.453146, 120.346214], [111.598421, 26.45314, 120.219789], [111.598393, 26.453127, 119.791791], [111.598341, 26.453101, 120.129967], [111.598329, 26.453094, 120.309933], [111.5983, 26.453082, 119.325984], [111.598244, 26.453061, 119.718624], [111.598231, 26.453057, 119.645552], [111.598203, 26.45305, 118.980841], [111.598139, 26.453033, 119.328341], [111.598125, 26.453032, 118.926092], [111.598098, 26.453021, 119.175508], [111.598035, 26.452996, 119.559899], [111.598022, 26.452989, 118.805981], [111.598006, 26.452982, 119.014605], [111.597942, 26.452951, 119.219687], [111.597929, 26.452945, 118.990226], [111.597914, 26.452941, 118.694241], [111.597839, 26.452922, 118.865625], [111.597829, 26.45292, 118.633819], [111.597817, 26.452919, 118.842847], [111.597736, 26.452907, 118.575031], [111.597736, 26.452906, 118.988057], [111.597751, 26.452764, 115.075826], [111.597759, 26.452731, 115.146932], [111.597774, 26.452694, 114.868001], [111.59784, 26.452539, 115.253255], [111.59785, 26.452515, 115.312093], [111.597652, 26.452998, 117.693007], [111.597568, 26.453199, 117.693007], [111.59757, 26.453208, 117.693007], [111.59756, 26.453238, 119.34672], [111.59739, 26.453794, 120.437523], [111.597403, 26.453757, 121.083137], [111.597403, 26.453755, 121.345707], [111.597397, 26.453699, 121.401085], [111.597394, 26.453665, 121.464012], [111.597397, 26.453655, 121.136573], [111.597422, 26.453602, 121.014852], [111.597435, 26.453578, 121.546837], [111.597439, 26.453573, 121.17882], [111.597444, 26.453573, 120.971961], [111.597248, 26.453551, 120.144545], [111.597248, 26.453551, 120.25946], [111.597248, 26.453551, 120.397576], [111.59715, 26.453508, 118.524618], [111.597134, 26.453502, 118.857093], [111.597117, 26.453495, 118.866288], [111.597048, 26.453468, 119.371298], [111.597035, 26.453463, 118.97765], [111.597023, 26.453456, 119.225871], [111.596961, 26.453415, 119.546709], [111.596955, 26.45341, 119.529651], [111.596939, 26.453405, 119.904077], [111.596863, 26.453385, 121.326256], [111.596856, 26.453385, 120.93164], [111.596831, 26.453388, 120.470299], [111.596754, 26.453394, 119.724651], [111.596753, 26.453392, 119.649912], [111.596747, 26.453354, 119.46839], [111.596745, 26.453301, 119.246323], [111.59675, 26.453267, 119.326043], [111.596758, 26.453229, 118.914955], [111.596762, 26.453195, 119.380514], [111.596753, 26.453172, 119.188409], [111.59673, 26.453134, 119.642006], [111.596713, 26.453124, 119.567941], [111.596668, 26.453113, 119.178918], [111.596626, 26.453111, 119.778648], [111.596613, 26.453118, 119.914884], [111.596573, 26.453153, 120.335988], [111.59655, 26.453178, 119.911481], [111.596548, 26.453177, 119.63369], [111.596603, 26.453199, 119.271567], [111.596603, 26.453199, 119.142548], [111.596603, 26.453199, 119.000559], [111.596541, 26.453274, 119.093999], [111.596536, 26.453281, 119.255205], [111.596531, 26.453289, 119.410083], [111.59649, 26.453353, 119.522781], [111.596485, 26.453361, 119.670494], [111.596479, 26.45337, 119.852476], [111.59644, 26.453441, 119.600691], [111.596437, 26.45345, 120.01095], [111.596437, 26.45346, 119.562294], [111.596435, 26.453534, 119.157846], [111.596436, 26.453544, 119.650367], [111.596441, 26.453556, 119.200683], [111.596465, 26.453624, 119.060353], [111.596469, 26.453636, 119.152201], [111.596472, 26.453649, 119.304329], [111.596486, 26.453718, 119.651483], [111.596487, 26.45373, 120.173391], [111.596488, 26.453743, 120.566942], [111.596496, 26.453814, 120.139177], [111.596499, 26.453819, 120.619682], [111.596505, 26.453832, 120.388955], [111.596516, 26.453863, 119.414119], [111.596515, 26.453863, 118.914867], [111.59647, 26.453853, 119.769102], [111.596518, 26.453942, 120.689022], [111.596518, 26.453942, 120.646748], [111.596518, 26.453942, 120.575915], [111.596606, 26.453883, 120.086339], [111.596616, 26.453876, 119.946286], [111.596626, 26.453871, 119.869922], [111.596698, 26.453844, 120.35717], [111.596709, 26.453842, 120.521747], [111.596719, 26.453845, 120.517301], [111.596799, 26.453865, 121.826536], [111.596808, 26.453868, 121.946403], [111.596817, 26.453871, 122.530665], [111.596895, 26.453894, 121.578985], [111.596906, 26.453895, 121.95143], [111.596918, 26.453893, 121.594044], [111.597005, 26.453878, 121.557727], [111.597017, 26.453875, 121.851454], [111.597031, 26.453871, 121.858869], [111.5971, 26.453849, 122.033094], [111.597111, 26.453847, 122.075536], [111.597137, 26.453842, 122.03474], [111.597209, 26.453827, 121.829407], [111.597218, 26.453825, 121.881813], [111.59724, 26.453822, 122.196323], [111.597311, 26.453814, 122.427767], [111.597322, 26.453813, 122.707911], [111.597348, 26.453813, 123.415731], [111.597414, 26.453812, 122.385924], [111.597423, 26.453812, 122.506022], [111.597451, 26.453813, 122.273693], [111.597463, 26.453814, 122.470896], [111.597464, 26.453814, 122.483233], [111.597458, 26.453856, 122.176452], [111.597461, 26.453859, 122.251789], [111.59747, 26.453866, 122.225209], [111.597529, 26.45392, 121.466072], [111.597536, 26.453929, 121.734738], [111.59754, 26.45394, 121.938682], [111.597558, 26.454013, 122.268593], [111.597559, 26.454021, 121.982219], [111.597558, 26.45403, 122.359878], [111.597553, 26.454112, 122.193307], [111.597552, 26.454121, 122.184721], [111.597553, 26.454132, 122.289497], [111.597561, 26.454211, 122.143368], [111.597562, 26.454221, 122.302907], [111.597563, 26.454233, 122.311053], [111.59757, 26.45431, 122.173208], [111.597571, 26.454319, 122.069468], [111.597571, 26.45433, 122.406228], [111.597571, 26.4544, 122.574491], [111.597572, 26.45441, 122.587236], [111.597574, 26.45442, 122.280124], [111.597585, 26.454495, 123.021462], [111.597587, 26.454495, 122.581487], [111.597542, 26.454483, 122.387283], [111.597542, 26.454483, 122.423562], [111.597542, 26.454483, 122.422589], [111.597548, 26.454581, 122.641435], [111.59755, 26.45459, 122.410568], [111.597555, 26.454597, 122.526578], [111.597574, 26.454626, 122.406822], [111.597573, 26.454632, 122.580387], [111.597573, 26.454643, 122.500399], [111.597576, 26.454719, 121.983259], [111.597575, 26.454734, 122.16431], [111.597573, 26.454752, 122.167784], [111.597564, 26.45481, 121.615674], [111.597557, 26.454821, 121.802247], [111.59756, 26.454836, 122.47902], [111.597579, 26.454921, 122.036097], [111.597579, 26.454921, 122.200412], [111.597579, 26.454933, 122.120499], [111.597577, 26.45514, 122.634673], [111.597577, 26.45514, 122.375944], [111.597577, 26.45514, 122.319608], [111.597485, 26.455025, 122.305166], [111.597472, 26.455009, 122.114315], [111.59747, 26.455009, 122.786558], [111.59735, 26.454974, 122.312825], [111.597328, 26.454967, 122.37984], [111.597305, 26.45496, 122.60977], [111.597238, 26.454941, 122.40215], [111.597218, 26.454937, 121.79092], [111.597199, 26.454935, 121.65923], [111.597134, 26.454931, 121.665707], [111.597108, 26.45493, 121.94817], [111.597094, 26.45493, 121.852901], [111.597032, 26.454932, 122.082444], [111.597007, 26.454936, 122.580787], [111.59699, 26.454945, 122.977123], [111.596938, 26.454967, 122.652704], [111.596911, 26.454976, 122.854239], [111.596889, 26.454979, 122.700935], [111.596832, 26.454988, 122.883429], [111.596804, 26.454992, 121.893953], [111.596804, 26.454994, 121.354545], [111.5968, 26.455165, 124.384664], [111.5968, 26.455165, 124.292745], [111.5968, 26.455165, 120.711956], [111.596827, 26.455027, 121.906228], [111.596827, 26.455012, 122.16264], [111.59682, 26.455007, 121.935065], [111.597177, 26.455219, 128.604553], [111.597177, 26.455219, 108.998434], [111.597177, 26.455219, 108.998433], [111.596989, 26.455025, 121.187639], [111.596794, 26.454963, 121.209505], [111.596777, 26.454958, 121.228133], [111.596777, 26.454958, 121.508282], [111.596748, 26.455048, 122.356658], [111.596742, 26.455074, 122.264061], [111.596737, 26.455105, 122.929378], [111.596732, 26.455136, 122.861221], [111.596728, 26.455166, 123.245489], [111.596726, 26.455195, 122.668071], [111.596723, 26.455252, 122.739771], [111.596722, 26.455279, 122.513722], [111.596723, 26.455305, 123.02325], [111.596725, 26.455351, 123.342744], [111.596728, 26.455368, 123.311523], [111.596734, 26.455403, 122.491845], [111.596739, 26.45544, 123.06018], [111.59674, 26.45547, 123.041449], [111.596744, 26.455495, 123.184807], [111.596759, 26.455526, 123.848432], [111.596779, 26.455553, 122.661794], [111.596804, 26.455574, 122.165576], [111.596838, 26.455598, 122.338297], [111.596865, 26.455614, 121.931306], [111.596893, 26.455628, 121.895572], [111.596934, 26.455648, 121.667456], [111.596957, 26.455657, 120.96863], [111.596996, 26.455671, 121.440576], [111.59703, 26.455683, 121.028753], [111.597043, 26.455698, 121.484686], [111.597063, 26.45574, 122.287933], [111.597073, 26.455772, 122.633207], [111.597069, 26.455785, 122.337821], [111.597055, 26.455822, 122.637199], [111.597055, 26.455822, 122.766022], [111.597062, 26.455848, 122.627502], [111.597087, 26.455909, 122.167876], [111.597089, 26.455911, 122.402421], [111.597114, 26.455924, 122.631831], [111.597176, 26.455953, 122.862225], [111.597181, 26.455952, 123.019229], [111.597212, 26.455959, 122.982645], [111.597277, 26.455976, 122.965275], [111.597287, 26.455982, 122.690487], [111.59731, 26.456001, 123.056353], [111.597361, 26.456042, 122.669653], [111.597373, 26.456051, 122.897329], [111.597385, 26.456061, 122.961532], [111.597444, 26.456112, 122.678587], [111.597455, 26.456123, 123.02224], [111.597465, 26.456135, 123.174434], [111.597518, 26.45619, 122.820576], [111.597527, 26.4562, 122.860511], [111.597537, 26.45621, 122.967061], [111.597586, 26.45626, 122.547815], [111.597594, 26.456268, 122.587328], [111.597603, 26.456278, 122.512315], [111.597658, 26.456338, 122.092944], [111.597666, 26.456346, 122.034334], [111.597676, 26.456356, 122.479761], [111.597733, 26.456414, 122.109273], [111.597741, 26.456423, 122.289945], [111.597749, 26.456433, 121.969461], [111.597803, 26.456495, 123.005981], [111.597812, 26.456504, 123.054319], [111.597823, 26.456513, 122.797644], [111.597886, 26.456563, 122.530419], [111.597894, 26.456569, 122.901792], [111.597902, 26.456576, 122.043432], [111.597968, 26.456636, 122.920371], [111.597977, 26.456644, 122.748767], [111.597985, 26.456654, 122.584138], [111.598035, 26.456712, 122.441363], [111.598041, 26.456721, 122.357871], [111.598049, 26.456731, 122.445704], [111.598094, 26.456788, 121.982928], [111.5981, 26.456795, 121.609592], [111.598116, 26.456809, 121.240158], [111.59817, 26.456856, 121.75248], [111.598177, 26.456863, 121.293498], [111.598186, 26.456877, 121.606097], [111.598225, 26.456932, 119.944699], [111.598233, 26.456939, 119.846351], [111.59825, 26.456946, 119.659827], [111.598325, 26.456976, 119.623936], [111.598336, 26.45698, 119.543649], [111.598349, 26.456985, 119.184042], [111.598423, 26.457009, 119.724953], [111.598435, 26.457014, 119.707298], [111.598448, 26.457018, 119.957529], [111.598522, 26.457043, 120.048074], [111.598534, 26.457047, 120.22582], [111.598547, 26.45705, 120.167821], [111.598628, 26.457066, 120.118757], [111.59864, 26.457069, 119.79005], [111.598653, 26.45707, 119.79404], [111.598739, 26.457079, 119.48704], [111.598751, 26.457079, 119.565457], [111.598764, 26.457078, 119.497215], [111.59884, 26.457074, 118.750866], [111.598852, 26.457073, 118.824107], [111.598865, 26.45707, 118.639159], [111.59894, 26.457055, 118.318275], [111.598949, 26.457052, 118.534849], [111.598969, 26.457045, 117.746237], [111.599045, 26.45702, 117.341624], [111.599058, 26.457016, 117.143193], [111.599073, 26.45701, 117.264184], [111.599149, 26.456979, 116.700761], [111.599163, 26.456973, 116.696034], [111.599179, 26.456969, 116.643917], [111.599246, 26.456952, 117.148237], [111.599262, 26.456949, 117.565332], [111.599278, 26.456945, 117.167635], [111.599346, 26.456923, 117.385046], [111.599356, 26.45692, 117.269013], [111.599375, 26.456911, 117.758913], [111.599439, 26.456883, 117.073876], [111.59945, 26.456877, 117.026602], [111.599475, 26.456864, 117.512318], [111.599527, 26.456837, 118.735139], [111.599537, 26.456832, 118.401395], [111.599571, 26.456812, 118.140661], [111.599616, 26.456785, 118.669126], [111.599626, 26.456778, 118.284668], [111.599661, 26.456758, 118.4703], [111.599704, 26.456732, 118.724625], [111.599712, 26.456727, 119.096851], [111.599755, 26.456704, 118.936551], [111.599801, 26.456681, 117.522062], [111.599812, 26.456679, 117.006836], [111.599861, 26.456674, 116.716383], [111.599909, 26.45667, 116.818383], [111.599922, 26.45667, 116.883399], [111.599961, 26.456655, 116.904193], [111.600004, 26.456636, 115.674031], [111.60001, 26.456629, 115.649026], [111.600037, 26.456587, 115.103179], [111.600056, 26.45655, 115.324114], [111.600061, 26.456539, 115.548593], [111.600077, 26.456498, 115.824999], [111.600093, 26.456461, 116.763203], [111.600099, 26.456451, 117.010425], [111.600132, 26.456421, 115.947383], [111.60017, 26.456392, 115.920152], [111.600173, 26.456393, 116.228138], [111.600223, 26.456419, 116.757934], [111.600224, 26.45642, 116.765669], [111.600224, 26.456421, 117.135065], [111.600284, 26.456255, 115.469623], [111.600303, 26.456197, 116.736254], [111.600306, 26.456184, 116.590811], [111.60031, 26.456164, 116.210495], [111.600321, 26.456102, 115.162928], [111.600323, 26.456086, 115.169814], [111.600323, 26.456069, 115.218952], [111.600325, 26.456008, 114.709771], [111.600326, 26.455995, 114.820674], [111.600331, 26.455967, 115.361896], [111.600344, 26.455914, 116.231163], [111.600349, 26.455902, 116.291731], [111.600358, 26.455876, 117.413214], [111.600375, 26.455822, 116.889649], [111.600378, 26.455813, 117.262571], [111.600394, 26.45578, 117.702714], [111.60042, 26.455726, 117.277492], [111.600427, 26.455713, 117.540714], [111.600441, 26.455686, 117.211371], [111.600473, 26.455633, 116.965437], [111.600479, 26.455623, 117.077756], [111.600492, 26.455598, 117.111974], [111.600516, 26.455546, 117.040026], [111.600521, 26.455534, 116.914323], [111.600534, 26.455507, 117.585122], [111.600557, 26.455455, 117.605068], [111.600562, 26.455443, 117.666923], [111.600573, 26.455416, 117.569166], [111.600595, 26.455361, 117.74323], [111.600599, 26.455348, 117.507151], [111.600608, 26.455321, 117.581237], [111.600627, 26.455265, 117.54849], [111.600631, 26.455253, 117.413546], [111.600639, 26.455226, 117.657116], [111.600653, 26.455173, 118.147174], [111.600655, 26.455161, 117.995116], [111.600655, 26.455136, 118.093953], [111.600655, 26.455079, 116.771481], [111.600655, 26.455072, 116.738209], [111.600665, 26.455041, 116.911595], [111.600687, 26.454985, 116.610468], [111.600693, 26.454976, 116.592145], [111.60071, 26.454955, 116.05447], [111.600745, 26.454908, 116.308561], [111.600753, 26.454896, 116.286169], [111.600769, 26.454867, 116.254977], [111.600793, 26.454822, 116.292968], [111.6008, 26.454807, 116.315944], [111.60081, 26.454776, 116.578148], [111.600824, 26.454731, 116.755449], [111.600827, 26.454715, 116.643688], [111.600834, 26.454685, 116.676235], [111.600843, 26.454641, 117.146539], [111.600846, 26.454627, 116.973823], [111.600857, 26.454589, 117.027236], [111.600868, 26.454555, 116.695383], [111.600877, 26.454534, 115.895812], [111.600892, 26.454501, 116.677242], [111.600909, 26.454466, 116.503666], [111.60092, 26.454441, 116.516896], [111.600931, 26.454416, 116.50111], [111.600948, 26.454378, 116.733388], [111.600959, 26.454353, 116.506839], [111.60097, 26.454327, 116.458317], [111.600986, 26.45429, 116.548567], [111.600997, 26.454266, 116.40239], [111.601009, 26.454243, 116.586873], [111.601027, 26.454208, 116.132654], [111.601042, 26.454176, 116.406904], [111.60105, 26.454154, 116.410725], [111.601059, 26.454124, 116.496466], [111.601059, 26.454085, 116.738658], [111.601058, 26.454085, 116.380803], [111.601056, 26.454084, 116.357843], [111.60103, 26.454067, 115.338361], [111.601027, 26.454067, 116.051174], [111.601089, 26.454081, 114.825399], [111.60114, 26.454094, 115.448287], [111.601157, 26.454099, 115.506234], [111.601194, 26.454111, 115.516939], [111.601234, 26.454124, 115.095336], [111.601254, 26.454125, 115.095336], [111.601296, 26.454129, 115.131329], [111.601344, 26.454136, 115.438723], [111.601357, 26.45414, 115.511305], [111.601403, 26.454157, 115.493225], [111.60145, 26.454175, 115.453124], [111.601465, 26.454181, 115.560608], [111.601496, 26.454193, 115.517788], [111.601541, 26.454211, 114.829606], [111.601568, 26.454226, 115.060473], [111.601582, 26.454249, 114.193637], [111.60158, 26.454283, 114.59329], [111.601586, 26.454285, 115.240285], [111.601517, 26.454271, 114.516865], [111.601517, 26.454271, 114.635321], [111.601517, 26.454271, 114.633523], [111.601497, 26.454311, 113.431505], [111.601488, 26.454329, 113.26528], [111.601487, 26.45433, 112.975457], [111.601403, 26.454355, 114.459443], [111.60139, 26.45436, 114.2844], [111.601381, 26.454368, 114.329757], [111.601329, 26.45442, 114.660195], [111.601322, 26.454429, 114.587482], [111.601316, 26.45444, 114.433419], [111.601285, 26.454503, 115.014948], [111.601282, 26.454512, 115.032049], [111.601274, 26.45453, 114.855453], [111.601245, 26.454591, 115.146475], [111.601239, 26.4546, 115.267528], [111.601227, 26.454621, 115.338527], [111.601195, 26.454674, 115.426428], [111.60119, 26.454684, 115.396831], [111.601177, 26.454705, 115.596703], [111.601144, 26.454757, 115.770333], [111.601139, 26.454766, 115.706961], [111.601127, 26.454786, 116.113557], [111.601095, 26.45484, 115.992103], [111.601089, 26.45485, 116.362981], [111.601078, 26.454873, 116.013931], [111.601051, 26.454928, 116.004017], [111.601047, 26.454937, 115.949077], [111.601036, 26.454958, 115.765887], [111.601006, 26.455014, 115.945363], [111.601001, 26.455025, 116.013386], [111.600987, 26.455047, 116.51225], [111.600954, 26.455095, 116.550131], [111.600947, 26.455106, 116.704626], [111.600932, 26.455128, 116.895809], [111.600897, 26.45518, 117.402692], [111.600892, 26.45519, 117.017567], [111.600882, 26.455212, 117.406851], [111.600858, 26.455267, 117.256689], [111.600855, 26.455277, 117.063584], [111.600841, 26.455306, 117.377375], [111.600814, 26.455358, 116.864568], [111.60081, 26.455367, 117.180168], [111.6008, 26.45539, 117.168499], [111.600775, 26.45545, 116.932531], [111.60077, 26.455461, 116.82861], [111.600766, 26.455474, 116.258264], [111.60074, 26.45554, 116.608216], [111.600736, 26.45555, 116.6395], [111.600731, 26.45556, 116.687203], [111.600697, 26.455625, 116.817484], [111.600691, 26.455636, 116.693847], [111.600685, 26.455646, 116.931382], [111.600646, 26.455712, 116.611314], [111.600641, 26.455722, 116.615881], [111.600636, 26.455733, 116.790284], [111.600605, 26.455805, 116.895992], [111.6006, 26.455816, 116.85993], [111.600593, 26.455828, 116.993003], [111.60056, 26.45589, 116.728749], [111.600554, 26.455901, 117.003567], [111.600548, 26.455913, 116.794259], [111.600516, 26.455973, 116.462726], [111.600511, 26.455984, 116.626931], [111.600506, 26.455996, 116.624768], [111.600477, 26.456067, 116.673986], [111.600472, 26.456078, 116.521614], [111.600467, 26.45609, 116.744793], [111.600441, 26.456153, 116.878037], [111.600437, 26.456164, 117.058869], [111.600432, 26.456176, 116.989439], [111.600399, 26.456245, 116.640863], [111.600394, 26.456255, 116.448066], [111.600387, 26.456267, 116.744586], [111.600349, 26.456328, 116.906978], [111.600342, 26.456339, 116.834172], [111.600335, 26.456349, 116.575962], [111.60029, 26.456414, 116.75951], [111.600283, 26.456424, 116.640077], [111.600275, 26.456434, 116.966501], [111.600236, 26.45649, 116.239398], [111.600229, 26.456501, 116.535367], [111.600221, 26.456513, 116.265718], [111.600184, 26.456571, 116.305465], [111.600177, 26.456582, 116.32486], [111.600168, 26.456593, 116.161379], [111.600123, 26.456647, 116.275783], [111.600115, 26.456657, 116.51363], [111.600106, 26.456666, 116.55545], [111.60005, 26.456724, 116.291745], [111.600041, 26.456733, 116.069442], [111.600032, 26.456742, 116.15114], [111.599985, 26.456794, 116.205956], [111.599976, 26.456804, 115.885121], [111.599966, 26.456814, 115.965413], [111.599916, 26.456864, 115.839448], [111.599906, 26.456872, 115.87683], [111.599895, 26.456881, 115.642783], [111.59983, 26.456929, 115.488703], [111.599821, 26.456936, 115.254961], [111.59981, 26.456943, 115.075383], [111.599744, 26.456986, 115.000462], [111.599734, 26.456993, 115.160553], [111.599724, 26.457001, 115.032304], [111.599659, 26.457047, 114.925531], [111.599649, 26.457053, 114.719655], [111.599638, 26.45706, 114.669447], [111.599574, 26.457107, 115.074129], [111.599564, 26.457114, 115.20136], [111.599552, 26.45712, 115.004924], [111.599482, 26.457157, 115.023125], [111.599472, 26.457162, 115.190637], [111.59946, 26.457168, 115.245686], [111.599389, 26.457201, 115.203331], [111.599378, 26.457206, 115.227865], [111.599366, 26.457212, 115.204299], [111.59929, 26.457246, 115.553463], [111.599278, 26.457251, 115.61089], [111.599264, 26.457254, 115.579797], [111.599182, 26.457274, 115.760253], [111.599169, 26.457277, 115.684744], [111.599156, 26.457282, 115.431419], [111.599079, 26.457308, 116.541358], [111.599067, 26.457311, 116.609611], [111.599055, 26.457315, 116.322108], [111.598975, 26.457337, 116.495123], [111.598963, 26.45734, 116.522938], [111.59895, 26.457342, 116.551586], [111.59887, 26.457355, 116.340787], [111.598858, 26.457358, 116.482968], [111.598845, 26.45736, 116.603195], [111.598765, 26.457375, 116.98834], [111.598755, 26.457377, 116.808555], [111.598745, 26.457377, 116.717649], [111.598663, 26.457384, 117.447662], [111.598656, 26.457386, 117.017482], [111.598647, 26.457391, 116.049739], [111.598575, 26.457441, 116.545194], [111.598568, 26.457449, 117.191117], [111.598564, 26.457458, 117.125705], [111.598552, 26.457493, 117.457008], [111.598553, 26.457493, 117.427781], [111.598553, 26.457493, 117.427781], [111.598374, 26.457428, 117.549141], [111.598239, 26.45738, 117.577127], [111.598229, 26.457378, 117.580605], [111.598218, 26.457373, 117.703354], [111.598142, 26.457343, 117.28595], [111.598132, 26.457338, 117.433892], [111.598122, 26.457333, 117.346594], [111.598052, 26.457299, 117.550235], [111.598042, 26.457295, 117.7549], [111.598034, 26.457291, 118.416716], [111.598028, 26.457283, 118.491312], [111.598058, 26.457316, 118.113323], [111.598068, 26.457322, 117.729631], [111.598118, 26.457344, 118.4228], [111.598159, 26.457361, 118.259943], [111.598181, 26.457369, 118.095989], [111.598226, 26.457386, 118.338053], [111.598268, 26.457401, 118.400521], [111.598287, 26.457407, 118.3597], [111.598323, 26.457418, 118.184279], [111.59837, 26.457432, 117.78602], [111.598385, 26.457436, 117.936599], [111.598425, 26.457447, 118.026475], [111.598466, 26.457458, 117.826483], [111.598479, 26.457463, 117.980716], [111.598517, 26.457482, 118.049006], [111.598563, 26.457508, 117.730091], [111.598565, 26.457516, 117.512392], [111.598554, 26.457551, 117.2993], [111.598534, 26.457595, 118.007902], [111.59853, 26.457596, 117.80526], [111.598475, 26.457617, 118.580924], [111.598453, 26.457622, 117.857132], [111.598453, 26.457622, 117.973659], [111.598433, 26.457606, 117.715697], [111.598365, 26.457555, 117.815726], [111.59835, 26.457548, 117.811503], [111.59833, 26.457541, 118.051954], [111.598271, 26.457523, 118.141477], [111.598252, 26.457518, 117.877335], [111.598234, 26.457514, 118.240874], [111.598166, 26.457501, 118.677485], [111.598153, 26.457498, 118.765146], [111.598124, 26.457494, 118.941715], [111.598056, 26.457485, 119.228169], [111.598044, 26.457484, 119.568193], [111.598019, 26.45748, 119.294844], [111.597955, 26.457471, 119.808129], [111.597944, 26.457471, 119.885109], [111.597918, 26.457466, 119.592933], [111.597856, 26.457455, 120.219666], [111.597844, 26.457453, 120.343403], [111.597818, 26.457447, 120.376195], [111.59775, 26.457431, 120.506566], [111.597738, 26.457427, 120.585211], [111.597711, 26.457417, 120.717172], [111.597655, 26.457395, 121.398636], [111.597642, 26.457391, 121.263], [111.597615, 26.457383, 121.546472], [111.59755, 26.457366, 121.74061], [111.597538, 26.457363, 121.792638], [111.597515, 26.457355, 121.906291], [111.597447, 26.457331, 121.954866], [111.597437, 26.457328, 121.924007], [111.597414, 26.45732, 121.922014], [111.597351, 26.4573, 121.50739], [111.597339, 26.457297, 121.505775], [111.597313, 26.457289, 121.958147], [111.597246, 26.457268, 122.59955], [111.597234, 26.457265, 122.527834], [111.597208, 26.45726, 122.425658], [111.597141, 26.457247, 122.90074], [111.59713, 26.457244, 122.782222], [111.597106, 26.457238, 122.858716], [111.597033, 26.457218, 122.689408], [111.597022, 26.457214, 122.470692], [111.59701, 26.45721, 122.777986], [111.59693, 26.457178, 122.894915], [111.596918, 26.457174, 122.88123], [111.596905, 26.45717, 122.947387], [111.596835, 26.457144, 122.854762], [111.596822, 26.457139, 122.569306], [111.596808, 26.457132, 122.683928], [111.596741, 26.457103, 122.169917], [111.59673, 26.457099, 122.215927], [111.596719, 26.457093, 122.370277], [111.596647, 26.45706, 122.436347], [111.596637, 26.457055, 122.574292], [111.596628, 26.457048, 122.608373], [111.596567, 26.457004, 122.180739], [111.596557, 26.456998, 122.273881], [111.596547, 26.456991, 121.991483], [111.596483, 26.456949, 122.239987], [111.596473, 26.456942, 121.862573], [111.596462, 26.456936, 121.500511], [111.596391, 26.456895, 121.01316], [111.596381, 26.456889, 121.052375], [111.596371, 26.456882, 121.096991], [111.596306, 26.456837, 121.091026], [111.596296, 26.456831, 121.532558], [111.596287, 26.456824, 121.103817], [111.59623, 26.456777, 121.179228], [111.59622, 26.456769, 121.266766], [111.596211, 26.45676, 121.20752], [111.596152, 26.456705, 121.013707], [111.596143, 26.456697, 120.927322], [111.596132, 26.45669, 120.800276], [111.596067, 26.456644, 118.889785], [111.596059, 26.456638, 119.057994], [111.59605, 26.456633, 119.421377], [111.595979, 26.456595, 119.33684], [111.595968, 26.456591, 119.308653], [111.595957, 26.456588, 118.480527], [111.595869, 26.456568, 120.470881], [111.595857, 26.456565, 120.550092], [111.595848, 26.456569, 120.530923], [111.595776, 26.456609, 122.061816], [111.59577, 26.456616, 122.110911], [111.595765, 26.456627, 122.379689], [111.595742, 26.456703, 120.352138], [111.59574, 26.456713, 121.030583], [111.595736, 26.456725, 121.238118], [111.595711, 26.456791, 121.723913], [111.595707, 26.456802, 121.646713], [111.595706, 26.456814, 121.076885], [111.595701, 26.456888, 122.124121], [111.595702, 26.456899, 122.182261], [111.595705, 26.456911, 122.224972], [111.595723, 26.456986, 121.570218], [111.595726, 26.456998, 121.514128], [111.59573, 26.45701, 120.961086], [111.595754, 26.457073, 120.429047], [111.595758, 26.457084, 120.57806], [111.595763, 26.457096, 120.65466], [111.59579, 26.457159, 120.765996], [111.595794, 26.45717, 121.129696], [111.595801, 26.457182, 120.940564], [111.595832, 26.457244, 120.970736], [111.595837, 26.457257, 121.215003], [111.595839, 26.457264, 121.12834], [111.59586, 26.457334, 121.334975], [111.595863, 26.457345, 121.487328], [111.595866, 26.457359, 121.421724], [111.595878, 26.457432, 121.698766], [111.59588, 26.457446, 121.710558], [111.595883, 26.457463, 121.697453], [111.595896, 26.457531, 122.326226], [111.5959, 26.457545, 122.352687], [111.595903, 26.457558, 122.358687], [111.595915, 26.457628, 122.434562], [111.595916, 26.457636, 122.348634], [111.59592, 26.457655, 121.86698], [111.595935, 26.457717, 122.293539], [111.59594, 26.457724, 122.34117], [111.595957, 26.45773, 122.00604], [111.596031, 26.45775, 122.583753], [111.596042, 26.457751, 122.446955], [111.596056, 26.457753, 122.822138], [111.596131, 26.457761, 123.0175], [111.596146, 26.457761, 123.118429], [111.596161, 26.457762, 123.114335], [111.596241, 26.457767, 123.404861], [111.596254, 26.457768, 123.058803], [111.596269, 26.45777, 122.915003], [111.596343, 26.457784, 124.057311], [111.596356, 26.457787, 123.793686], [111.59637, 26.45779, 124.002058], [111.596445, 26.45781, 125.564847], [111.596459, 26.457815, 125.585319], [111.596475, 26.457819, 125.510753], [111.596551, 26.457838, 125.823632], [111.596564, 26.457841, 125.705158], [111.596577, 26.457841, 125.639222], [111.596658, 26.457842, 124.761149], [111.59667, 26.457842, 124.938133], [111.596683, 26.457842, 124.746623], [111.596762, 26.457842, 124.435417], [111.596777, 26.457843, 124.731275], [111.596793, 26.457844, 124.697884], [111.596874, 26.457848, 124.120131], [111.596888, 26.457848, 124.019763], [111.596904, 26.457849, 123.910656], [111.596981, 26.457854, 124.550845], [111.596995, 26.457855, 124.698114], [111.597009, 26.457855, 124.231044], [111.597088, 26.457859, 124.751734], [111.597095, 26.457858, 124.904398], [111.597107, 26.457851, 124.173802], [111.597136, 26.457835, 123.544418], [111.597136, 26.457835, 123.599653], [111.597154, 26.457772, 124.27229], [111.597163, 26.457737, 124.133711], [111.597166, 26.457719, 124.265319], [111.597171, 26.457668, 124.226408], [111.597172, 26.457636, 124.290068], [111.597169, 26.457623, 124.215128], [111.59716, 26.457572, 123.595348], [111.597258, 26.457575, 123.1414], [111.597271, 26.457576, 123.173258], [111.597285, 26.457577, 123.135361], [111.597362, 26.457587, 122.309552], [111.597375, 26.457589, 122.290513], [111.59739, 26.457592, 122.199708], [111.597461, 26.457602, 122.890532], [111.597476, 26.457603, 122.648822], [111.597491, 26.457607, 122.070509], [111.597498, 26.457606, 122.413751], [111.597407, 26.457614, 122.467007], [111.597407, 26.457614, 122.667872], [111.597406, 26.457614, 122.722951], [111.5973, 26.457607, 122.712025], [111.597277, 26.457606, 122.853285], [111.597253, 26.457605, 123.561524], [111.597191, 26.457604, 123.059935], [111.597177, 26.457607, 122.751276], [111.597174, 26.457619, 122.469925], [111.597157, 26.45769, 122.307213], [111.597158, 26.457695, 122.149048], [111.597155, 26.457709, 121.89296], [111.597141, 26.457788, 122.379373], [111.597139, 26.457795, 122.335224], [111.597136, 26.457795, 122.521227], [111.597034, 26.457797, 122.478198], [111.597023, 26.457795, 123.254785], [111.597009, 26.457792, 123.180499], [111.596923, 26.457773, 123.05499], [111.596908, 26.457769, 122.961078], [111.596891, 26.457767, 122.926722], [111.59682, 26.457756, 123.239718], [111.596805, 26.457754, 123.074872], [111.596789, 26.457754, 122.902804], [111.596718, 26.457753, 123.024421], [111.596693, 26.457752, 123.969402], [111.596681, 26.457752, 123.837287], [111.596614, 26.457749, 124.432892], [111.596587, 26.457748, 123.720952], [111.596572, 26.457747, 123.618406], [111.596512, 26.457743, 123.717333], [111.596484, 26.457742, 123.8861], [111.596469, 26.457742, 123.983449], [111.596402, 26.457741, 124.152206], [111.596376, 26.457742, 124.63636], [111.596363, 26.457742, 124.737837], [111.596295, 26.457742, 123.997438], [111.596265, 26.457742, 124.221675], [111.596249, 26.457741, 124.11146], [111.596183, 26.457736, 123.858198], [111.596159, 26.457733, 123.143059], [111.596149, 26.45773, 123.170845], [111.596077, 26.457717, 123.573339], [111.596052, 26.457715, 123.837562], [111.596039, 26.457716, 123.369242], [111.595974, 26.457709, 123.338109], [111.59596, 26.457698, 122.669644], [111.59595, 26.457676, 123.065991], [111.595925, 26.457612, 123.010861], [111.595922, 26.457598, 123.049068], [111.595921, 26.45758, 123.036672], [111.595916, 26.457511, 122.668625], [111.595915, 26.457496, 122.564703], [111.595914, 26.45748, 122.593059], [111.595912, 26.457419, 122.557177], [111.595911, 26.457406, 122.545332], [111.595906, 26.457379, 122.054388], [111.595896, 26.457327, 121.915172], [111.595892, 26.457316, 121.752169], [111.595884, 26.457292, 121.677019], [111.595864, 26.457233, 120.892557], [111.595861, 26.457222, 121.179509], [111.595858, 26.457198, 121.145011], [111.59585, 26.457135, 121.066781], [111.595849, 26.457124, 121.04837], [111.595845, 26.457101, 121.031109], [111.595831, 26.457044, 120.541834], [111.595827, 26.457034, 120.122264], [111.595818, 26.45701, 120.37562], [111.595795, 26.456949, 120.03839], [111.595792, 26.456937, 119.922901], [111.595786, 26.456915, 119.380291], [111.595773, 26.456853, 118.569959], [111.595771, 26.456842, 118.880872], [111.595768, 26.456816, 118.875633], [111.595761, 26.45676, 119.070166], [111.59576, 26.456747, 119.692147], [111.595762, 26.456722, 119.409574], [111.595768, 26.456666, 119.848919], [111.595772, 26.456657, 120.055143], [111.59579, 26.456627, 120.332765], [111.595816, 26.456586, 120.505689], [111.595821, 26.456576, 120.777077], [111.595838, 26.456544, 121.41273], [111.59586, 26.456499, 121.804325], [111.595864, 26.456491, 121.652892], [111.595883, 26.456454, 122.09066], [111.595904, 26.456417, 121.543437], [111.595914, 26.456405, 121.819094], [111.595941, 26.45637, 121.496559], [111.595964, 26.456343, 121.765433], [111.59598, 26.456324, 121.902806], [111.596011, 26.456298, 121.68334], [111.59604, 26.456285, 121.996097], [111.596067, 26.456272, 121.884978], [111.5961, 26.456252, 120.840451], [111.596123, 26.456234, 120.565864], [111.596147, 26.456207, 120.889284], [111.596171, 26.456176, 121.043737], [111.596187, 26.456155, 120.946243], [111.596212, 26.456124, 121.522916], [111.596237, 26.456093, 121.780125], [111.596254, 26.456074, 122.728202], [111.596275, 26.456049, 121.912626], [111.596303, 26.456021, 121.139973], [111.596317, 26.456023, 121.937998], [111.59637, 26.456042, 121.369371], [111.596397, 26.456055, 121.478462], [111.596407, 26.456062, 121.54788], [111.596457, 26.456087, 121.809269], [111.596463, 26.456089, 120.944282], [111.596463, 26.45609, 121.121967], [111.596487, 26.456148, 121.615891], [111.596485, 26.456154, 121.676121], [111.596489, 26.45617, 121.829122], [111.596507, 26.456249, 122.536147], [111.596511, 26.456264, 122.728366], [111.596519, 26.456278, 122.648362], [111.596557, 26.456329, 121.60486], [111.59657, 26.45634, 121.94087], [111.596587, 26.456349, 121.92042], [111.596646, 26.456382, 121.968349], [111.596656, 26.456387, 121.678815], [111.596677, 26.4564, 121.643833], [111.596733, 26.456433, 121.707189], [111.596743, 26.45644, 121.735312], [111.596764, 26.456454, 121.918971], [111.596783, 26.456471, 121.542842], [111.596692, 26.456391, 121.885891], [111.596692, 26.456391, 121.828095], [111.596692, 26.456391, 121.658805], [111.596604, 26.456313, 121.773916], [111.596559, 26.456269, 121.106829], [111.596557, 26.456264, 121.20208], [111.59654, 26.456238, 121.776162], [111.596502, 26.456188, 122.001317], [111.596497, 26.456189, 121.678737], [111.596463, 26.456211, 121.288114], [111.596423, 26.456244, 121.290734], [111.596419, 26.456253, 121.621199], [111.596415, 26.45629, 121.76447], [111.596416, 26.456335, 120.852767], [111.596421, 26.456341, 121.047958], [111.596422, 26.456351, 121.167302], [111.596422, 26.456304, 121.612758], [111.596423, 26.456283, 121.604346], [111.596422, 26.456281, 121.254261], [111.596407, 26.456236, 122.17662], [111.596408, 26.456236, 122.059117], [111.596409, 26.456235, 122.126455], [111.596444, 26.456152, 121.644146], [111.596442, 26.456139, 122.247304], [111.596432, 26.456124, 121.569846], [111.596392, 26.456066, 119.480502], [111.596386, 26.456056, 119.178712], [111.596377, 26.456045, 118.263842], [111.596332, 26.455984, 120.18571], [111.596329, 26.455976, 120.293101], [111.596332, 26.455969, 120.683427], [111.596375, 26.45589, 121.27482], [111.596382, 26.45588, 121.356116], [111.596393, 26.45587, 121.457437], [111.596446, 26.455823, 122.302566], [111.596455, 26.455815, 122.184632], [111.596464, 26.455799, 122.062557], [111.596507, 26.455751, 122.360844], [111.596519, 26.45575, 122.326029], [111.596545, 26.455755, 121.947173], [111.596621, 26.455772, 121.911233], [111.596639, 26.455776, 122.683284], [111.596659, 26.455782, 122.484493], [111.596716, 26.455798, 123.417274], [111.596747, 26.455807, 123.341592], [111.596754, 26.455816, 123.22351], [111.596766, 26.455864, 123.003154], [111.596764, 26.455894, 123.643196], [111.596759, 26.455905, 123.011637], [111.596759, 26.455916, 123.192305], [111.596766, 26.455936, 122.957184], [111.596778, 26.455971, 122.64798], [111.596777, 26.455972, 122.72228], [111.596827, 26.45584, 121.994975], [111.596837, 26.455824, 121.590405], [111.596847, 26.455824, 122.210988], [111.596903, 26.455822, 122.752401], [111.596922, 26.455824, 125.277736], [111.596931, 26.455825, 125.045325], [111.597012, 26.455846, 124.516771], [111.597031, 26.455852, 123.948746], [111.597032, 26.455854, 123.763599], [111.597063, 26.45594, 123.161154], [111.597075, 26.455968, 122.641577], [111.597091, 26.455997, 122.211537], [111.597109, 26.456026, 122.685072], [111.597128, 26.456052, 122.353822], [111.597147, 26.456076, 122.370859], [111.597165, 26.456099, 122.448788], [111.597197, 26.45614, 122.499604], [111.597209, 26.456158, 122.321166], [111.597218, 26.456176, 122.461454], [111.597238, 26.456226, 123.228244], [111.597248, 26.456248, 122.786669], [111.597258, 26.456262, 121.974138], [111.597278, 26.45627, 121.783129], [111.597312, 26.456288, 121.772576], [111.597354, 26.456311, 121.662615], [111.597371, 26.456323, 121.745261], [111.597415, 26.456352, 121.416022], [111.597437, 26.456367, 121.779887], [111.597459, 26.45638, 121.37237], [111.597502, 26.456409, 121.25572], [111.597518, 26.456424, 121.20017], [111.59754, 26.456452, 121.258661], [111.597564, 26.45649, 120.786394], [111.597566, 26.456502, 121.209138], [111.59757, 26.456537, 121.273301], [111.597579, 26.456584, 120.502822], [111.597586, 26.45659, 120.895969], [111.597592, 26.456609, 121.31652], [111.597558, 26.456511, 120.749198], [111.597558, 26.456511, 120.897629], [111.597546, 26.456483, 120.804214], [111.597515, 26.456415, 121.266341], [111.597506, 26.456398, 121.192579], [111.597494, 26.45638, 121.197156], [111.597458, 26.456331, 121.254652], [111.597447, 26.456317, 121.266257], [111.597434, 26.456306, 121.425754], [111.597379, 26.45626, 121.580858], [111.59737, 26.456254, 121.695705], [111.597358, 26.45625, 121.568195], [111.597282, 26.45623, 122.425161], [111.59727, 26.456231, 122.465422], [111.59726, 26.456239, 121.958808], [111.597195, 26.456292, 121.738001], [111.597185, 26.4563, 121.944225], [111.597176, 26.45631, 121.97177], [111.59713, 26.456366, 122.293116], [111.597124, 26.456376, 122.296241], [111.597123, 26.456387, 123.128587], [111.597123, 26.45646, 122.787675], [111.597127, 26.456464, 123.039124], [111.597146, 26.456476, 123.063564], [111.597217, 26.456516, 122.473067], [111.597228, 26.456522, 122.496883], [111.597237, 26.456519, 122.53324], [111.597284, 26.456505, 122.640469], [111.597248, 26.456484, 122.398336], [111.597245, 26.456482, 122.729683], [111.597198, 26.456453, 121.686999], [111.597166, 26.456431, 121.538771], [111.597164, 26.456426, 121.343786], [111.597159, 26.456375, 121.78144], [111.597162, 26.456337, 122.173416], [111.597167, 26.45633, 122.056239], [111.597203, 26.45628, 122.074626], [111.59722, 26.456257, 122.166718], [111.597227, 26.456244, 122.267207], [111.597233, 26.456198, 122.227609], [111.597231, 26.456161, 122.064287], [111.597227, 26.456156, 121.345901], [111.597193, 26.456114, 121.861603], [111.597169, 26.456084, 121.705487], [111.59716, 26.456075, 121.418437], [111.597122, 26.456043, 121.102803], [111.597091, 26.456021, 121.448169], [111.597078, 26.456015, 121.39121], [111.597038, 26.455994, 121.281101], [111.597004, 26.455973, 120.616403], [111.596997, 26.455965, 120.67216], [111.596969, 26.455922, 121.219917], [111.596951, 26.45589, 121.516167], [111.596953, 26.455883, 121.745379], [111.596991, 26.455849, 122.606962], [111.597031, 26.455823, 123.982184], [111.597042, 26.455822, 123.685614], [111.597096, 26.455819, 122.57795], [111.59714, 26.455819, 123.112165], [111.597155, 26.455822, 122.364949], [111.597201, 26.455832, 123.075495], [111.597249, 26.455841, 122.650272], [111.597264, 26.455843, 123.222213], [111.597307, 26.455846, 123.196817], [111.597361, 26.45585, 123.58227], [111.597374, 26.455849, 123.834918], [111.597403, 26.455836, 123.591592], [111.597408, 26.455837, 123.638059], [111.59728, 26.455804, 123.954796], [111.597263, 26.4558, 123.949612], [111.597243, 26.455798, 123.884888], [111.59717, 26.455793, 123.542262], [111.597157, 26.455793, 123.112394], [111.597148, 26.455785, 122.611803], [111.59709, 26.455723, 123.403266], [111.597085, 26.45571, 123.775328], [111.597081, 26.455693, 123.44865], [111.597063, 26.455625, 123.017905], [111.597058, 26.455615, 122.62753], [111.597049, 26.455609, 122.659067], [111.596986, 26.455566, 122.810447], [111.596972, 26.455559, 122.675717], [111.596955, 26.455553, 122.694638], [111.59688, 26.455526, 122.040245], [111.596865, 26.455518, 121.858516], [111.596852, 26.455505, 121.912439], [111.596802, 26.45545, 121.642536], [111.596794, 26.455438, 121.835945], [111.596789, 26.455422, 122.172947], [111.596772, 26.455358, 121.750935], [111.596768, 26.455347, 121.572564], [111.596764, 26.455335, 121.467725], [111.596739, 26.455265, 121.408744], [111.596736, 26.455254, 121.749286], [111.596734, 26.455241, 121.910913], [111.596723, 26.45517, 122.190861], [111.596722, 26.45516, 121.918711], [111.596728, 26.455157, 121.958286], [111.596815, 26.455102, 122.119151]]}}, {"type": "Feature", "properties": {"type": "photo", "name": "2026-09-11照片1", "date": "2026-09-11", "timestamp": "", "photo_urls": ["track_photos_old/old_0232.jpg"], "photo_count": 1}, "geometry": {"type": "Point", "coordinates": [111.598836, 26.455395, 120.583855]}}, {"type": "Feature", "properties": {"type": "photo", "name": "2026-09-11照片2", "date": "2026-09-11", "timestamp": "", "photo_urls": ["track_photos_old/old_0233.jpg"], "photo_count": 1}, "geometry": {"type": "Point", "coordinates": [111.598827, 26.455404, 120.69393]}}, {"type": "Feature", "properties": {"type": "photo", "name": "2026-09-11照片3", "date": "2026-09-11", "timestamp": "", "photo_urls": ["track_photos_old/old_0234.jpg"], "photo_count": 1}, "geometry": {"type": "Point", "coordinates": [111.598817, 26.455412, 120.766331]}}, {"type": "Feature", "properties": {"type": "photo", "name": "2026-09-11照片4", "date": "2026-09-11", "timestamp": "", "photo_urls": ["track_photos_old/old_0235.jpg"], "photo_count": 1}, "geometry": {"type": "Point", "coordinates": [111.599009, 26.455222, 120.681185]}}, {"type": "Feature", "properties": {"type": "photo", "name": "2026-09-11照片5", "date": "2026-09-11", "timestamp": "", "photo_urls": ["track_photos_old/old_0236.jpg"], "photo_count": 1}, "geometry": {"type": "Point", "coordinates": [111.598979, 26.455131, 121.085409]}}, {"type": "Feature", "properties": {"type": "photo", "name": "2026-09-11照片6", "date": "2026-09-11", "timestamp": "", "photo_urls": ["track_photos_old/old_0237.jpg"], "photo_count": 1}, "geometry": {"type": "Point", "coordinates": [111.598933, 26.455018, 122.650991]}}, {"type": "Feature", "properties": {"type": "photo", "name": "2026-09-11照片7", "date": "2026-09-11", "timestamp": "", "photo_urls": ["track_photos_old/old_0238.jpg"], "photo_count": 1}, "geometry": {"type": "Point", "coordinates": [111.599317, 26.454009, 122.751737]}}, {"type": "Feature", "properties": {"type": "photo", "name": "2026-09-11照片8", "date": "2026-09-11", "timestamp": "", "photo_urls": ["track_photos_old/old_0239.jpg"], "photo_count": 1}, "geometry": {"type": "Point", "coordinates": [111.598829, 26.453306, 118.465549]}}, {"type": "Feature", "properties": {"type": "photo", "name": "2026-09-11照片9", "date": "2026-09-11", "timestamp": "", "photo_urls": ["track_photos_old/old_0240.jpg"], "photo_count": 1}, "geometry": {"type": "Point", "coordinates": [111.597433, 26.453609, 121.103907]}}, {"type": "Feature", "properties": {"type": "photo", "name": "2026-09-11照片10", "date": "2026-09-11", "timestamp": "", "photo_urls": ["track_photos_old/old_0241.jpg"], "photo_count": 1}, "geometry": {"type": "Point", "coordinates": [111.597437, 26.453588, 120.901658]}}, {"type": "Feature", "properties": {"type": "photo", "name": "2026-09-11照片11", "date": "2026-09-11", "timestamp": "", "photo_urls": ["track_photos_old/old_0242.jpg"], "photo_count": 1}, "geometry": {"type": "Point", "coordinates": [111.596577, 26.453174, 119.914884]}}, {"type": "Feature", "properties": {"type": "photo", "name": "2026-09-11照片12", "date": "2026-09-11", "timestamp": "", "photo_urls": ["track_photos_old/old_0243.jpg"], "photo_count": 1}, "geometry": {"type": "Point", "coordinates": [111.596576, 26.453201, 119.648361]}}, {"type": "Feature", "properties": {"type": "photo", "name": "2026-09-11照片13", "date": "2026-09-11", "timestamp": "", "photo_urls": ["track_photos_old/old_0244.jpg"], "photo_count": 1}, "geometry": {"type": "Point", "coordinates": [111.596483, 26.453726, 119.651483]}}, {"type": "Feature", "properties": {"type": "photo", "name": "2026-09-11照片14", "date": "2026-09-11", "timestamp": "", "photo_urls": ["track_photos_old/old_0245.jpg"], "photo_count": 1}, "geometry": {"type": "Point", "coordinates": [111.596496, 26.453796, 119.785843]}}, {"type": "Feature", "properties": {"type": "photo", "name": "2026-09-11照片15", "date": "2026-09-11", "timestamp": "", "photo_urls": ["track_photos_old/old_0246.jpg"], "photo_count": 1}, "geometry": {"type": "Point", "coordinates": [111.596515, 26.453854, 119.793948]}}, {"type": "Feature", "properties": {"type": "photo", "name": "2026-09-11照片16", "date": "2026-09-11", "timestamp": "", "photo_urls": ["track_photos_old/old_0247.jpg"], "photo_count": 1}, "geometry": {"type": "Point", "coordinates": [111.596619, 26.453869, 120.21959]}}, {"type": "Feature", "properties": {"type": "photo", "name": "2026-09-11照片17", "date": "2026-09-11", "timestamp": "", "photo_urls": ["track_photos_old/old_0248.jpg"], "photo_count": 1}, "geometry": {"type": "Point", "coordinates": [111.596767, 26.453859, 121.663409]}}, {"type": "Feature", "properties": {"type": "photo", "name": "2026-09-11照片18", "date": "2026-09-11", "timestamp": "", "photo_urls": ["track_photos_old/old_0249.jpg"], "photo_count": 1}, "geometry": {"type": "Point", "coordinates": [111.597332, 26.453817, 122.707911]}}, {"type": "Feature", "properties": {"type": "photo", "name": "2026-09-11照片19", "date": "2026-09-11", "timestamp": "", "photo_urls": ["track_photos_old/old_0250.jpg"], "photo_count": 1}, "geometry": {"type": "Point", "coordinates": [111.597436, 26.453812, 122.063289]}}, {"type": "Feature", "properties": {"type": "photo", "name": "2026-09-11照片20", "date": "2026-09-11", "timestamp": "", "photo_urls": ["track_photos_old/old_0251.jpg"], "photo_count": 1}, "geometry": {"type": "Point", "coordinates": [111.597543, 26.453951, 121.734738]}}, {"type": "Feature", "properties": {"type": "photo", "name": "2026-09-11照片21", "date": "2026-09-11", "timestamp": "", "photo_urls": ["track_photos_old/old_0252.jpg"], "photo_count": 1}, "geometry": {"type": "Point", "coordinates": [111.597567, 26.45422, 122.143368]}}, {"type": "Feature", "properties": {"type": "photo", "name": "2026-09-11照片22", "date": "2026-09-11", "timestamp": "", "photo_urls": ["track_photos_old/old_0253.jpg"], "photo_count": 1}, "geometry": {"type": "Point", "coordinates": [111.597575, 26.454362, 121.934138]}}, {"type": "Feature", "properties": {"type": "photo", "name": "2026-09-11照片23", "date": "2026-09-11", "timestamp": "", "photo_urls": ["track_photos_old/old_0254.jpg"], "photo_count": 1}, "geometry": {"type": "Point", "coordinates": [111.597582, 26.454426, 122.742906]}}, {"type": "Feature", "properties": {"type": "photo", "name": "2026-09-11照片24", "date": "2026-09-11", "timestamp": "", "photo_urls": ["track_photos_old/old_0255.jpg"], "photo_count": 1}, "geometry": {"type": "Point", "coordinates": [111.597586, 26.454492, 122.933176]}}, {"type": "Feature", "properties": {"type": "photo", "name": "2026-09-11照片25", "date": "2026-09-11", "timestamp": "", "photo_urls": ["track_photos_old/old_0256.jpg"], "photo_count": 1}, "geometry": {"type": "Point", "coordinates": [111.597554, 26.454572, 122.458229]}}, {"type": "Feature", "properties": {"type": "photo", "name": "2026-09-11照片26", "date": "2026-09-11", "timestamp": "", "photo_urls": ["track_photos_old/old_0257.jpg"], "photo_count": 1}, "geometry": {"type": "Point", "coordinates": [111.597559, 26.454598, 122.713834]}}, {"type": "Feature", "properties": {"type": "photo", "name": "2026-09-11照片27", "date": "2026-09-11", "timestamp": "", "photo_urls": ["track_photos_old/old_0258.jpg"], "photo_count": 1}, "geometry": {"type": "Point", "coordinates": [111.597572, 26.45463, 122.526295]}}, {"type": "Feature", "properties": {"type": "photo", "name": "2026-09-11照片28", "date": "2026-09-11", "timestamp": "", "photo_urls": ["track_photos_old/old_0259.jpg"], "photo_count": 1}, "geometry": {"type": "Point", "coordinates": [111.597573, 26.454764, 122.057922]}}, {"type": "Feature", "properties": {"type": "photo", "name": "2026-09-11照片29", "date": "2026-09-11", "timestamp": "", "photo_urls": ["track_photos_old/old_0260.jpg"], "photo_count": 1}, "geometry": {"type": "Point", "coordinates": [111.597529, 26.454821, 122.821091]}}, {"type": "Feature", "properties": {"type": "photo", "name": "2026-09-11照片30", "date": "2026-09-11", "timestamp": "", "photo_urls": ["track_photos_old/old_0261.jpg"], "photo_count": 1}, "geometry": {"type": "Point", "coordinates": [111.597583, 26.454957, 122.200412]}}, {"type": "Feature", "properties": {"type": "photo", "name": "2026-09-11照片31", "date": "2026-09-11", "timestamp": "", "photo_urls": ["track_photos_old/old_0262.jpg"], "photo_count": 1}, "geometry": {"type": "Point", "coordinates": [111.597577, 26.45514, 122.634673]}}, {"type": "Feature", "properties": {"type": "photo", "name": "2026-09-11照片32", "date": "2026-09-11", "timestamp": "", "photo_urls": ["track_photos_old/old_0263.jpg"], "photo_count": 1}, "geometry": {"type": "Point", "coordinates": [111.597589, 26.455131, 121.880036]}}, {"type": "Feature", "properties": {"type": "photo", "name": "2026-09-11照片33", "date": "2026-09-11", "timestamp": "", "photo_urls": ["track_photos_old/old_0264.jpg"], "photo_count": 1}, "geometry": {"type": "Point", "coordinates": [111.597311, 26.454963, 123.005662]}}, {"type": "Feature", "properties": {"type": "photo", "name": "2026-09-11照片34", "date": "2026-09-11", "timestamp": "", "photo_urls": ["track_photos_old/old_0265.jpg"], "photo_count": 1}, "geometry": {"type": "Point", "coordinates": [111.596986, 26.454947, 123.115451]}}, {"type": "Feature", "properties": {"type": "photo", "name": "2026-09-11照片35", "date": "2026-09-11", "timestamp": "", "photo_urls": ["track_photos_old/old_0266.jpg"], "photo_count": 1}, "geometry": {"type": "Point", "coordinates": [111.59694, 26.455073, 121.215135]}}, {"type": "Feature", "properties": {"type": "photo", "name": "2026-09-11照片36", "date": "2026-09-11", "timestamp": "", "photo_urls": ["track_photos_old/old_0267.jpg"], "photo_count": 1}, "geometry": {"type": "Point", "coordinates": [111.596734, 26.455073, 122.047352]}}, {"type": "Feature", "properties": {"type": "photo", "name": "2026-09-11照片37", "date": "2026-09-11", "timestamp": "", "photo_urls": ["track_photos_old/old_0268.jpg"], "photo_count": 1}, "geometry": {"type": "Point", "coordinates": [111.59674, 26.455313, 122.513722]}}, {"type": "Feature", "properties": {"type": "photo", "name": "2026-09-11照片38", "date": "2026-09-11", "timestamp": "", "photo_urls": ["track_photos_old/old_0269.jpg"], "photo_count": 1}, "geometry": {"type": "Point", "coordinates": [111.596739, 26.455483, 123.00506]}}, {"type": "Feature", "properties": {"type": "photo", "name": "2026-09-11照片39", "date": "2026-09-11", "timestamp": "", "photo_urls": ["track_photos_old/old_0270.jpg"], "photo_count": 1}, "geometry": {"type": "Point", "coordinates": [111.59705, 26.455752, 121.913387]}}, {"type": "Feature", "properties": {"type": "photo", "name": "2026-09-11照片40", "date": "2026-09-11", "timestamp": "", "photo_urls": ["track_photos_old/old_0271.jpg"], "photo_count": 1}, "geometry": {"type": "Point", "coordinates": [111.597064, 26.455796, 122.142225]}}, {"type": "Feature", "properties": {"type": "photo", "name": "2026-09-11照片41", "date": "2026-09-11", "timestamp": "", "photo_urls": ["track_photos_old/old_0272.jpg"], "photo_count": 1}, "geometry": {"type": "Point", "coordinates": [111.597055, 26.45581, 122.559607]}}, {"type": "Feature", "properties": {"type": "photo", "name": "2026-09-11照片42", "date": "2026-09-11", "timestamp": "", "photo_urls": ["track_photos_old/old_0273.jpg"], "photo_count": 1}, "geometry": {"type": "Point", "coordinates": [111.597153, 26.455973, 122.391532]}}, {"type": "Feature", "properties": {"type": "photo", "name": "2026-09-11照片43", "date": "2026-09-11", "timestamp": "", "photo_urls": ["track_photos_old/old_0274.jpg"], "photo_count": 1}, "geometry": {"type": "Point", "coordinates": [111.597795, 26.456492, 121.851979]}}, {"type": "Feature", "properties": {"type": "photo", "name": "2026-09-11照片44", "date": "2026-09-11", "timestamp": "", "photo_urls": ["track_photos_old/old_0275.jpg"], "photo_count": 1}, "geometry": {"type": "Point", "coordinates": [111.59807, 26.456756, 122.345534]}}, {"type": "Feature", "properties": {"type": "photo", "name": "2026-09-11照片45", "date": "2026-09-11", "timestamp": "", "photo_urls": ["track_photos_old/old_0276.jpg"], "photo_count": 1}, "geometry": {"type": "Point", "coordinates": [111.598178, 26.456859, 121.75248]}}, {"type": "Feature", "properties": {"type": "photo", "name": "2026-09-11照片46", "date": "2026-09-11", "timestamp": "", "photo_urls": ["track_photos_old/old_0277.jpg"], "photo_count": 1}, "geometry": {"type": "Point", "coordinates": [111.598875, 26.457065, 118.639159]}}, {"type": "Feature", "properties": {"type": "photo", "name": "2026-09-11照片47", "date": "2026-09-11", "timestamp": "", "photo_urls": ["track_photos_old/old_0278.jpg"], "photo_count": 1}, "geometry": {"type": "Point", "coordinates": [111.59951, 26.456842, 117.877884]}}, {"type": "Feature", "properties": {"type": "photo", "name": "2026-09-11照片48", "date": "2026-09-11", "timestamp": "", "photo_urls": ["track_photos_old/old_0279.jpg"], "photo_count": 1}, "geometry": {"type": "Point", "coordinates": [111.599931, 26.456675, 116.883399]}}, {"type": "Feature", "properties": {"type": "photo", "name": "2026-09-11照片49", "date": "2026-09-11", "timestamp": "", "photo_urls": ["track_photos_old/old_0280.jpg"], "photo_count": 1}, "geometry": {"type": "Point", "coordinates": [111.600075, 26.456468, 116.087394]}}, {"type": "Feature", "properties": {"type": "photo", "name": "2026-09-11照片50", "date": "2026-09-11", "timestamp": "", "photo_urls": ["track_photos_old/old_0281.jpg"], "photo_count": 1}, "geometry": {"type": "Point", "coordinates": [111.600209, 26.456414, 116.833469]}}, {"type": "Feature", "properties": {"type": "photo", "name": "2026-09-11照片51", "date": "2026-09-11", "timestamp": "", "photo_urls": ["track_photos_old/old_0282.jpg"], "photo_count": 1}, "geometry": {"type": "Point", "coordinates": [111.600211, 26.456425, 116.617936]}}, {"type": "Feature", "properties": {"type": "photo", "name": "2026-09-11照片52", "date": "2026-09-11", "timestamp": "", "photo_urls": ["track_photos_old/old_0283.jpg"], "photo_count": 1}, "geometry": {"type": "Point", "coordinates": [111.600305, 26.456224, 115.891655]}}, {"type": "Feature", "properties": {"type": "photo", "name": "2026-09-11照片53", "date": "2026-09-11", "timestamp": "", "photo_urls": ["track_photos_old/old_0284.jpg"], "photo_count": 1}, "geometry": {"type": "Point", "coordinates": [111.600364, 26.455899, 116.291731]}}, {"type": "Feature", "properties": {"type": "photo", "name": "2026-09-11照片54", "date": "2026-09-11", "timestamp": "", "photo_urls": ["track_photos_old/old_0285.jpg"], "photo_count": 1}, "geometry": {"type": "Point", "coordinates": [111.600648, 26.455182, 118.113904]}}, {"type": "Feature", "properties": {"type": "photo", "name": "2026-09-11照片55", "date": "2026-09-11", "timestamp": "", "photo_urls": ["track_photos_old/old_0286.jpg"], "photo_count": 1}, "geometry": {"type": "Point", "coordinates": [111.600831, 26.454662, 117.23327]}}, {"type": "Feature", "properties": {"type": "photo", "name": "2026-09-11照片56", "date": "2026-09-11", "timestamp": "", "photo_urls": ["track_photos_old/old_0287.jpg"], "photo_count": 1}, "geometry": {"type": "Point", "coordinates": [111.601055, 26.454132, 116.364362]}}, {"type": "Feature", "properties": {"type": "photo", "name": "2026-09-11照片57", "date": "2026-09-11", "timestamp": "", "photo_urls": ["track_photos_old/old_0288.jpg"], "photo_count": 1}, "geometry": {"type": "Point", "coordinates": [111.601532, 26.454303, 114.537952]}}, {"type": "Feature", "properties": {"type": "photo", "name": "2026-09-11照片58", "date": "2026-09-11", "timestamp": "", "photo_urls": ["track_photos_old/old_0289.jpg"], "photo_count": 1}, "geometry": {"type": "Point", "coordinates": [111.601511, 26.454278, 115.018658]}}, {"type": "Feature", "properties": {"type": "photo", "name": "2026-09-11照片59", "date": "2026-09-11", "timestamp": "", "photo_urls": ["track_photos_old/old_0290.jpg"], "photo_count": 1}, "geometry": {"type": "Point", "coordinates": [111.601362, 26.454368, 114.459443]}}, {"type": "Feature", "properties": {"type": "photo", "name": "2026-09-11照片60", "date": "2026-09-11", "timestamp": "", "photo_urls": ["track_photos_old/old_0291.jpg"], "photo_count": 1}, "geometry": {"type": "Point", "coordinates": [111.598671, 26.457376, 117.374225]}}, {"type": "Feature", "properties": {"type": "photo", "name": "2026-09-11照片61", "date": "2026-09-11", "timestamp": "", "photo_urls": ["track_photos_old/old_0292.jpg"], "photo_count": 1}, "geometry": {"type": "Point", "coordinates": [111.598566, 26.457475, 117.125705]}}, {"type": "Feature", "properties": {"type": "photo", "name": "2026-09-11照片62", "date": "2026-09-11", "timestamp": "", "photo_urls": ["track_photos_old/old_0293.jpg"], "photo_count": 1}, "geometry": {"type": "Point", "coordinates": [111.59856, 26.457482, 117.07005]}}, {"type": "Feature", "properties": {"type": "photo", "name": "2026-09-11照片63", "date": "2026-09-11", "timestamp": "", "photo_urls": ["track_photos_old/old_0294.jpg"], "photo_count": 1}, "geometry": {"type": "Point", "coordinates": [111.598041, 26.457291, 117.7549]}}, {"type": "Feature", "properties": {"type": "photo", "name": "2026-09-11照片64", "date": "2026-09-11", "timestamp": "", "photo_urls": ["track_photos_old/old_0295.jpg"], "photo_count": 1}, "geometry": {"type": "Point", "coordinates": [111.598484, 26.457592, 118.058169]}}, {"type": "Feature", "properties": {"type": "photo", "name": "2026-09-11照片65", "date": "2026-09-11", "timestamp": "", "photo_urls": ["track_photos_old/old_0296.jpg"], "photo_count": 1}, "geometry": {"type": "Point", "coordinates": [111.598462, 26.457611, 118.231078]}}, {"type": "Feature", "properties": {"type": "photo", "name": "2026-09-11照片66", "date": "2026-09-11", "timestamp": "", "photo_urls": ["track_photos_old/old_0297.jpg"], "photo_count": 1}, "geometry": {"type": "Point", "coordinates": [111.598468, 26.457611, 117.857132]}}, {"type": "Feature", "properties": {"type": "photo", "name": "2026-09-11照片67", "date": "2026-09-11", "timestamp": "", "photo_urls": ["track_photos_old/old_0298.jpg"], "photo_count": 1}, "geometry": {"type": "Point", "coordinates": [111.597499, 26.457344, 122.191377]}}, {"type": "Feature", "properties": {"type": "photo", "name": "2026-09-11照片68", "date": "2026-09-11", "timestamp": "", "photo_urls": ["track_photos_old/old_0299.jpg"], "photo_count": 1}, "geometry": {"type": "Point", "coordinates": [111.59628, 26.456822, 121.103817]}}, {"type": "Feature", "properties": {"type": "photo", "name": "2026-09-11照片69", "date": "2026-09-11", "timestamp": "", "photo_urls": ["track_photos_old/old_0300.jpg"], "photo_count": 1}, "geometry": {"type": "Point", "coordinates": [111.596033, 26.456619, 119.855509]}}, {"type": "Feature", "properties": {"type": "photo", "name": "2026-09-11照片70", "date": "2026-09-11", "timestamp": "", "photo_urls": ["track_photos_old/old_0301.jpg"], "photo_count": 1}, "geometry": {"type": "Point", "coordinates": [111.595802, 26.45659, 120.637807]}}, {"type": "Feature", "properties": {"type": "photo", "name": "2026-09-11照片71", "date": "2026-09-11", "timestamp": "", "photo_urls": ["track_photos_old/old_0302.jpg"], "photo_count": 1}, "geometry": {"type": "Point", "coordinates": [111.595795, 26.457179, 121.129696]}}, {"type": "Feature", "properties": {"type": "photo", "name": "2026-09-11照片72", "date": "2026-09-11", "timestamp": "", "photo_urls": ["track_photos_old/old_0303.jpg"], "photo_count": 1}, "geometry": {"type": "Point", "coordinates": [111.595963, 26.457733, 121.90062]}}, {"type": "Feature", "properties": {"type": "photo", "name": "2026-09-11照片73", "date": "2026-09-11", "timestamp": "", "photo_urls": ["track_photos_old/old_0304.jpg"], "photo_count": 1}, "geometry": {"type": "Point", "coordinates": [111.597038, 26.45786, 124.193965]}}, {"type": "Feature", "properties": {"type": "photo", "name": "2026-09-11照片74", "date": "2026-09-11", "timestamp": "", "photo_urls": ["track_photos_old/old_0305.jpg"], "photo_count": 1}, "geometry": {"type": "Point", "coordinates": [111.597167, 26.457584, 123.070361]}}, {"type": "Feature", "properties": {"type": "photo", "name": "2026-09-11照片75", "date": "2026-09-11", "timestamp": "", "photo_urls": ["track_photos_old/old_0306.jpg"], "photo_count": 1}, "geometry": {"type": "Point", "coordinates": [111.597462, 26.457601, 122.890532]}}, {"type": "Feature", "properties": {"type": "photo", "name": "2026-09-11照片76", "date": "2026-09-11", "timestamp": "", "photo_urls": ["track_photos_old/old_0307.jpg"], "photo_count": 1}, "geometry": {"type": "Point", "coordinates": [111.597116, 26.457802, 122.542647]}}, {"type": "Feature", "properties": {"type": "photo", "name": "2026-09-11照片77", "date": "2026-09-11", "timestamp": "", "photo_urls": ["track_photos_old/old_0308.jpg"], "photo_count": 1}, "geometry": {"type": "Point", "coordinates": [111.595874, 26.456467, 122.451457]}}, {"type": "Feature", "properties": {"type": "photo", "name": "2026-09-11照片78", "date": "2026-09-11", "timestamp": "", "photo_urls": ["track_photos_old/old_0309.jpg"], "photo_count": 1}, "geometry": {"type": "Point", "coordinates": [111.596031, 26.456286, 121.334429]}}, {"type": "Feature", "properties": {"type": "photo", "name": "2026-09-11照片79", "date": "2026-09-11", "timestamp": "", "photo_urls": ["track_photos_old/old_0310.jpg"], "photo_count": 1}, "geometry": {"type": "Point", "coordinates": [111.596247, 26.456085, 121.780125]}}, {"type": "Feature", "properties": {"type": "photo", "name": "2026-09-11照片80", "date": "2026-09-11", "timestamp": "", "photo_urls": ["track_photos_old/old_0311.jpg"], "photo_count": 1}, "geometry": {"type": "Point", "coordinates": [111.596306, 26.456016, 121.778723]}}, {"type": "Feature", "properties": {"type": "photo", "name": "2026-09-11照片81", "date": "2026-09-11", "timestamp": "", "photo_urls": ["track_photos_old/old_0312.jpg"], "photo_count": 1}, "geometry": {"type": "Point", "coordinates": [111.596439, 26.456096, 121.169262]}}, {"type": "Feature", "properties": {"type": "photo", "name": "2026-09-11照片82", "date": "2026-09-11", "timestamp": "", "photo_urls": ["track_photos_old/old_0313.jpg"], "photo_count": 1}, "geometry": {"type": "Point", "coordinates": [111.596484, 26.456104, 122.540679]}}, {"type": "Feature", "properties": {"type": "photo", "name": "2026-09-11照片83", "date": "2026-09-11", "timestamp": "", "photo_urls": ["track_photos_old/old_0314.jpg"], "photo_count": 1}, "geometry": {"type": "Point", "coordinates": [111.596494, 26.456162, 121.562297]}}, {"type": "Feature", "properties": {"type": "photo", "name": "2026-09-11照片84", "date": "2026-09-11", "timestamp": "", "photo_urls": ["track_photos_old/old_0315.jpg"], "photo_count": 1}, "geometry": {"type": "Point", "coordinates": [111.596522, 26.456311, 122.728366]}}, {"type": "Feature", "properties": {"type": "photo", "name": "2026-09-11照片85", "date": "2026-09-11", "timestamp": "", "photo_urls": ["track_photos_old/old_0316.jpg"], "photo_count": 1}, "geometry": {"type": "Point", "coordinates": [111.596419, 26.4563, 121.830001]}}, {"type": "Feature", "properties": {"type": "photo", "name": "2026-09-11照片86", "date": "2026-09-11", "timestamp": "", "photo_urls": ["track_photos_old/old_0317.jpg"], "photo_count": 1}, "geometry": {"type": "Point", "coordinates": [111.59676, 26.455869, 122.20168]}}, {"type": "Feature", "properties": {"type": "photo", "name": "2026-09-11照片87", "date": "2026-09-11", "timestamp": "", "photo_urls": ["track_photos_old/old_0318.jpg"], "photo_count": 1}, "geometry": {"type": "Point", "coordinates": [111.596895, 26.455834, 122.641724]}}, {"type": "Feature", "properties": {"type": "photo", "name": "2026-09-11照片88", "date": "2026-09-11", "timestamp": "", "photo_urls": ["track_photos_old/old_0319.jpg"], "photo_count": 1}, "geometry": {"type": "Point", "coordinates": [111.597072, 26.455981, 123.259039]}}, {"type": "Feature", "properties": {"type": "photo", "name": "2026-09-11照片89", "date": "2026-09-11", "timestamp": "", "photo_urls": ["track_photos_old/old_0320.jpg"], "photo_count": 1}, "geometry": {"type": "Point", "coordinates": [111.597213, 26.456194, 122.549798]}}, {"type": "Feature", "properties": {"type": "photo", "name": "2026-09-11照片90", "date": "2026-09-11", "timestamp": "", "photo_urls": ["track_photos_old/old_0321.jpg"], "photo_count": 1}, "geometry": {"type": "Point", "coordinates": [111.597544, 26.456506, 121.209138]}}, {"type": "Feature", "properties": {"type": "photo", "name": "2026-09-11照片91", "date": "2026-09-11", "timestamp": "", "photo_urls": ["track_photos_old/old_0322.jpg"], "photo_count": 1}, "geometry": {"type": "Point", "coordinates": [111.597595, 26.456585, 121.31652]}}, {"type": "Feature", "properties": {"type": "photo", "name": "2026-09-11照片92", "date": "2026-09-11", "timestamp": "", "photo_urls": ["track_photos_old/old_0323.jpg"], "photo_count": 1}, "geometry": {"type": "Point", "coordinates": [111.59731, 26.456247, 122.195153]}}, {"type": "Feature", "properties": {"type": "photo", "name": "2026-09-11照片93", "date": "2026-09-11", "timestamp": "", "photo_urls": ["track_photos_old/old_0324.jpg"], "photo_count": 1}, "geometry": {"type": "Point", "coordinates": [111.59712, 26.456403, 123.804138]}}, {"type": "Feature", "properties": {"type": "photo", "name": "2026-09-11照片94", "date": "2026-09-11", "timestamp": "", "photo_urls": ["track_photos_old/old_0325.jpg"], "photo_count": 1}, "geometry": {"type": "Point", "coordinates": [111.597244, 26.456481, 122.398336]}}, {"type": "Feature", "properties": {"type": "track", "name": "2026-09-11 调研轨迹", "date": "2026-09-11", "time": "11:30:25", "distance_m": 8033.1, "point_count": 1224}, "geometry": {"type": "LineString", "coordinates": [[111.59899, 26.455463, 119.0], [111.598933, 26.455462, 119.0], [111.598875, 26.455454, 119.0], [111.59887, 26.455457, 120.0], [111.598888, 26.455434, 120.0], [111.598892, 26.455434, 120.0], [111.599007, 26.455439, 120.0], [111.599073, 26.455451, 119.0], [111.599153, 26.455469, 119.0], [111.599206, 26.455482, 119.0], [111.599205, 26.455481, 119.0], [111.599242, 26.455513, 119.0], [111.599273, 26.455546, 119.0], [111.599273, 26.455546, 118.0], [111.599171, 26.455594, 119.0], [111.599139, 26.455611, 119.0], [111.599098, 26.455631, 119.0], [111.598962, 26.455701, 119.0], [111.598943, 26.45571, 119.0], [111.598941, 26.455711, 119.0], [111.598858, 26.455748, 119.0], [111.598597, 26.455863, 118.0], [111.598561, 26.455863, 119.0], [111.597936, 26.455872, 120.0], [111.597936, 26.455872, 120.0], [111.597936, 26.455872, 120.0], [111.597837, 26.455845, 121.0], [111.597807, 26.455839, 122.0], [111.59777, 26.455832, 121.0], [111.59773, 26.455826, 122.0], [111.597689, 26.455822, 122.0], [111.597646, 26.455824, 122.0], [111.59731, 26.455844, 122.0], [111.59731, 26.455844, 121.0], [111.59731, 26.455844, 121.0], [111.597187, 26.455827, 121.0], [111.596934, 26.455794, 121.0], [111.5969, 26.455789, 121.0], [111.596653, 26.455747, 121.0], [111.596653, 26.455747, 121.0], [111.596653, 26.455747, 122.0], [111.596554, 26.45568, 121.0], [111.596532, 26.455668, 121.0], [111.596508, 26.455656, 122.0], [111.596461, 26.455641, 122.0], [111.596442, 26.455643, 122.0], [111.596394, 26.455656, 123.0], [111.596369, 26.455677, 122.0], [111.596246, 26.455787, 122.0], [111.59614, 26.455883, 122.0], [111.596133, 26.45589, 121.0], [111.596132, 26.455891, 122.0], [111.596073, 26.456006, 120.0], [111.596039, 26.456069, 121.0], [111.595993, 26.456152, 120.0], [111.595937, 26.456248, 120.0], [111.595877, 26.456348, 120.0], [111.595816, 26.456447, 119.0], [111.595758, 26.456541, 119.0], [111.595704, 26.456631, 119.0], [111.595653, 26.456718, 119.0], [111.595604, 26.456801, 119.0], [111.595556, 26.45688, 120.0], [111.595508, 26.456955, 119.0], [111.595462, 26.457028, 119.0], [111.595417, 26.457097, 119.0], [111.595374, 26.457163, 120.0], [111.59533, 26.457229, 119.0], [111.595285, 26.457293, 119.0], [111.59524, 26.457354, 119.0], [111.595197, 26.457412, 119.0], [111.595157, 26.457464, 119.0], [111.595122, 26.45751, 119.0], [111.59509, 26.45755, 119.0], [111.595062, 26.457585, 119.0], [111.595269, 26.457641, 120.0], [111.595286, 26.457645, 120.0], [111.595446, 26.457688, 121.0], [111.595453, 26.45769, 122.0], [111.595454, 26.45769, 121.0], [111.595604, 26.457707, 122.0], [111.595683, 26.457715, 123.0], [111.595785, 26.457725, 124.0], [111.595897, 26.457737, 123.0], [111.596013, 26.457749, 122.0], [111.596128, 26.457762, 124.0], [111.596237, 26.457774, 123.0], [111.596345, 26.457786, 123.0], [111.596448, 26.457798, 123.0], [111.596547, 26.457809, 122.0], [111.596642, 26.45782, 123.0], [111.59673, 26.45783, 124.0], [111.596814, 26.457841, 124.0], [111.596895, 26.45785, 123.0], [111.596977, 26.457859, 123.0], [111.597059, 26.457866, 122.0], [111.597142, 26.457872, 122.0], [111.597221, 26.457878, 122.0], [111.597297, 26.457884, 122.0], [111.597374, 26.45789, 122.0], [111.597451, 26.457894, 122.0], [111.59753, 26.457897, 122.0], [111.597612, 26.457897, 122.0], [111.597694, 26.457896, 122.0], [111.597777, 26.457895, 122.0], [111.597861, 26.457895, 121.0], [111.597943, 26.457896, 121.0], [111.598026, 26.457899, 120.0], [111.598107, 26.457903, 120.0], [111.598187, 26.457911, 120.0], [111.59827, 26.457921, 119.0], [111.598353, 26.457933, 119.0], [111.598437, 26.457948, 119.0], [111.598517, 26.457959, 119.0], [111.598598, 26.457968, 119.0], [111.59868, 26.457976, 118.0], [111.598769, 26.457986, 118.0], [111.598857, 26.457996, 118.0], [111.598944, 26.458006, 117.0], [111.599033, 26.458017, 117.0], [111.59912, 26.458027, 117.0], [111.599204, 26.458038, 117.0], [111.599286, 26.458048, 117.0], [111.599362, 26.458057, 117.0], [111.599438, 26.458065, 117.0], [111.599515, 26.458071, 117.0], [111.599591, 26.458077, 116.0], [111.599666, 26.458082, 116.0], [111.599738, 26.458086, 117.0], [111.599809, 26.458088, 117.0], [111.59988, 26.458092, 116.0], [111.599952, 26.458097, 116.0], [111.600023, 26.458103, 116.0], [111.600092, 26.45811, 116.0], [111.600162, 26.458117, 116.0], [111.60023, 26.458125, 116.0], [111.600299, 26.458133, 117.0], [111.600365, 26.458141, 117.0], [111.60043, 26.458148, 117.0], [111.600496, 26.458156, 117.0], [111.600566, 26.458165, 117.0], [111.600634, 26.458175, 117.0], [111.600702, 26.458187, 117.0], [111.600768, 26.458198, 117.0], [111.600834, 26.458209, 117.0], [111.600898, 26.458219, 117.0], [111.60096, 26.45823, 117.0], [111.60102, 26.458242, 118.0], [111.601079, 26.458255, 118.0], [111.601136, 26.458268, 118.0], [111.601191, 26.458281, 118.0], [111.601244, 26.458294, 118.0], [111.601297, 26.458307, 118.0], [111.601349, 26.458323, 118.0], [111.601402, 26.458341, 118.0], [111.601456, 26.458361, 118.0], [111.60151, 26.458381, 118.0], [111.601566, 26.458402, 118.0], [111.601624, 26.458423, 118.0], [111.601684, 26.458446, 118.0], [111.601744, 26.458468, 118.0], [111.601806, 26.45849, 118.0], [111.601869, 26.458512, 118.0], [111.601932, 26.458535, 118.0], [111.601995, 26.458557, 118.0], [111.602057, 26.45858, 118.0], [111.602118, 26.458604, 118.0], [111.602176, 26.458626, 117.0], [111.602231, 26.458646, 117.0], [111.602283, 26.458666, 117.0], [111.60232, 26.45868, 117.0], [111.602324, 26.458683, 117.0], [111.602372, 26.458713, 116.0], [111.602426, 26.458746, 116.0], [111.602461, 26.458765, 116.0], [111.602498, 26.458785, 116.0], [111.602533, 26.458812, 116.0], [111.602626, 26.458886, 116.0], [111.602639, 26.458896, 117.0], [111.602641, 26.458897, 117.0], [111.602762, 26.459004, 118.0], [111.602807, 26.459044, 118.0], [111.602862, 26.459091, 118.0], [111.602918, 26.459142, 118.0], [111.60297, 26.459192, 118.0], [111.603013, 26.45924, 118.0], [111.603067, 26.459303, 119.0], [111.603074, 26.459312, 119.0], [111.603076, 26.459313, 119.0], [111.603141, 26.459375, 120.0], [111.60329, 26.459518, 120.0], [111.60331, 26.459538, 120.0], [111.603377, 26.459603, 120.0], [111.603381, 26.459607, 120.0], [111.603382, 26.459608, 121.0], [111.603489, 26.459723, 122.0], [111.603535, 26.45977, 122.0], [111.603591, 26.45983, 122.0], [111.603649, 26.459892, 122.0], [111.603712, 26.459958, 123.0], [111.603776, 26.460025, 123.0], [111.603838, 26.46009, 123.0], [111.603898, 26.460152, 123.0], [111.603953, 26.460209, 124.0], [111.604007, 26.460263, 124.0], [111.604059, 26.460314, 124.0], [111.60411, 26.460362, 124.0], [111.604158, 26.460405, 124.0], [111.604204, 26.460446, 124.0], [111.604244, 26.460485, 124.0], [111.604279, 26.460523, 124.0], [111.604309, 26.46056, 124.0], [111.604336, 26.460594, 124.0], [111.60436, 26.460624, 124.0], [111.60438, 26.460648, 124.0], [111.6044, 26.460667, 124.0], [111.604434, 26.460696, 123.0], [111.604451, 26.46071, 123.0], [111.604484, 26.460736, 123.0], [111.604517, 26.460759, 123.0], [111.604522, 26.460757, 123.0], [111.604712, 26.46062, 122.0], [111.604792, 26.460555, 122.0], [111.604927, 26.460447, 121.0], [111.604927, 26.460447, 121.0], [111.604927, 26.460447, 121.0], [111.605028, 26.460322, 119.0], [111.605069, 26.46027, 118.0], [111.605117, 26.460205, 118.0], [111.605167, 26.460138, 118.0], [111.605457, 26.459753, 117.0], [111.605457, 26.459753, 117.0], [111.605457, 26.459753, 117.0], [111.605572, 26.459604, 117.0], [111.605611, 26.459552, 117.0], [111.605658, 26.459489, 117.0], [111.605707, 26.459423, 117.0], [111.605755, 26.459358, 117.0], [111.605802, 26.459294, 117.0], [111.605848, 26.459231, 117.0], [111.605893, 26.459171, 118.0], [111.605935, 26.459114, 118.0], [111.605976, 26.459061, 118.0], [111.606014, 26.459012, 118.0], [111.606055, 26.458967, 118.0], [111.606092, 26.458926, 118.0], [111.606098, 26.458921, 118.0], [111.606129, 26.458895, 119.0], [111.606171, 26.458854, 119.0], [111.606178, 26.458844, 119.0], [111.606192, 26.458823, 119.0], [111.606224, 26.458777, 118.0], [111.606233, 26.458765, 118.0], [111.606245, 26.458749, 118.0], [111.606296, 26.458686, 118.0], [111.606317, 26.45866, 117.0], [111.606341, 26.458631, 117.0], [111.606368, 26.4586, 117.0], [111.606395, 26.458569, 117.0], [111.606424, 26.458539, 117.0], [111.606453, 26.458509, 117.0], [111.606482, 26.458481, 117.0], [111.606511, 26.458454, 117.0], [111.60654, 26.458426, 117.0], [111.60657, 26.458396, 117.0], [111.606597, 26.458368, 117.0], [111.606624, 26.458338, 116.0], [111.606653, 26.458306, 116.0], [111.606683, 26.458274, 116.0], [111.606713, 26.458242, 116.0], [111.606742, 26.458212, 116.0], [111.60677, 26.45818, 116.0], [111.606797, 26.458147, 116.0], [111.606824, 26.458114, 116.0], [111.60685, 26.458078, 116.0], [111.606899, 26.45801, 115.0], [111.606906, 26.458001, 115.0], [111.606961, 26.45793, 114.0], [111.606998, 26.457883, 114.0], [111.60705, 26.457818, 114.0], [111.60711, 26.457743, 114.0], [111.607174, 26.457666, 114.0], [111.607237, 26.457591, 114.0], [111.607298, 26.45752, 113.0], [111.607355, 26.457455, 113.0], [111.607408, 26.457391, 113.0], [111.607457, 26.457327, 113.0], [111.607502, 26.457268, 112.0], [111.607543, 26.457213, 112.0], [111.607581, 26.457161, 112.0], [111.607617, 26.457112, 111.0], [111.607651, 26.457066, 111.0], [111.607682, 26.457025, 111.0], [111.60771, 26.456989, 111.0], [111.607733, 26.456956, 111.0], [111.607753, 26.456923, 111.0], [111.607772, 26.45689, 111.0], [111.607788, 26.456858, 111.0], [111.607803, 26.456826, 111.0], [111.607814, 26.456794, 111.0], [111.607819, 26.45676, 111.0], [111.607816, 26.456724, 111.0], [111.607807, 26.456685, 111.0], [111.607787, 26.456647, 111.0], [111.607755, 26.456608, 111.0], [111.607709, 26.456566, 112.0], [111.607653, 26.456523, 112.0], [111.607589, 26.45648, 112.0], [111.607522, 26.45644, 112.0], [111.607453, 26.456404, 112.0], [111.607386, 26.456372, 112.0], [111.607319, 26.456344, 112.0], [111.607257, 26.456321, 112.0], [111.6072, 26.456302, 112.0], [111.607148, 26.456304, 112.0], [111.607076, 26.45631, 112.0], [111.607067, 26.456307, 112.0], [111.60704, 26.456299, 112.0], [111.60696, 26.456275, 112.0], [111.606929, 26.456266, 112.0], [111.606894, 26.456257, 112.0], [111.606859, 26.456248, 112.0], [111.606831, 26.456241, 112.0], [111.606787, 26.456229, 112.0], [111.606749, 26.45622, 112.0], [111.606732, 26.456214, 112.0], [111.606696, 26.456192, 112.0], [111.606655, 26.456165, 112.0], [111.606639, 26.456155, 112.0], [111.606596, 26.456132, 112.0], [111.60657, 26.456121, 112.0], [111.606541, 26.456109, 112.0], [111.606485, 26.456088, 112.0], [111.606457, 26.456078, 112.0], [111.606431, 26.456065, 112.0], [111.606388, 26.456044, 112.0], [111.606367, 26.456037, 112.0], [111.606322, 26.456029, 112.0], [111.606271, 26.45602, 112.0], [111.606248, 26.456017, 112.0], [111.606225, 26.456014, 112.0], [111.606154, 26.456004, 111.0], [111.60613, 26.456001, 111.0], [111.60613, 26.456001, 111.0], [111.606091, 26.456257, 111.0], [111.60609, 26.456267, 111.0], [111.60609, 26.456268, 111.0], [111.606038, 26.456371, 111.0], [111.606019, 26.456407, 112.0], [111.605998, 26.456447, 112.0], [111.605977, 26.456486, 112.0], [111.605956, 26.456526, 112.0], [111.605934, 26.456565, 112.0], [111.605914, 26.456607, 113.0], [111.605871, 26.456695, 113.0], [111.605868, 26.456702, 113.0], [111.605868, 26.456702, 113.0], [111.605857, 26.456803, 114.0], [111.605834, 26.45703, 114.0], [111.605829, 26.457051, 114.0], [111.605799, 26.457173, 114.0], [111.605798, 26.457177, 114.0], [111.605798, 26.457178, 114.0], [111.605772, 26.457275, 115.0], [111.605761, 26.457313, 115.0], [111.605714, 26.457488, 115.0], [111.605691, 26.45757, 115.0], [111.60569, 26.457575, 115.0], [111.60569, 26.457576, 115.0], [111.605677, 26.457673, 115.0], [111.605651, 26.457869, 115.0], [111.605648, 26.457892, 115.0], [111.605646, 26.457894, 115.0], [111.605589, 26.457951, 115.0], [111.605578, 26.457964, 115.0], [111.605576, 26.457964, 115.0], [111.605701, 26.457996, 117.0], [111.60574, 26.458007, 117.0], [111.605899, 26.458053, 117.0], [111.605918, 26.458058, 117.0], [111.605921, 26.458058, 117.0], [111.606005, 26.458067, 116.0], [111.606028, 26.45807, 116.0], [111.606054, 26.458073, 116.0], [111.606111, 26.45808, 116.0], [111.606125, 26.458086, 116.0], [111.606128, 26.458086, 116.0], [111.606058, 26.458073, 115.0], [111.606001, 26.458063, 115.0], [111.605998, 26.458062, 115.0], [111.605934, 26.458041, 114.0], [111.605898, 26.458029, 114.0], [111.605674, 26.457965, 114.0], [111.605467, 26.457906, 114.0], [111.605458, 26.457903, 115.0], [111.605457, 26.457903, 115.0], [111.605367, 26.457898, 115.0], [111.604768, 26.457867, 115.0], [111.604718, 26.457854, 115.0], [111.604413, 26.457777, 115.0], [111.604413, 26.457777, 115.0], [111.604413, 26.457777, 115.0], [111.604294, 26.457743, 115.0], [111.604085, 26.457683, 115.0], [111.604066, 26.457674, 115.0], [111.603833, 26.457568, 115.0], [111.603833, 26.457568, 115.0], [111.603833, 26.457568, 115.0], [111.60371, 26.457534, 114.0], [111.603674, 26.457526, 114.0], [111.60363, 26.457517, 114.0], [111.603584, 26.457508, 114.0], [111.603538, 26.457498, 114.0], [111.603498, 26.457489, 114.0], [111.603461, 26.45748, 114.0], [111.603429, 26.457472, 114.0], [111.6034, 26.457463, 114.0], [111.60335, 26.457447, 114.0], [111.603325, 26.457437, 114.0], [111.603299, 26.457427, 114.0], [111.603244, 26.457404, 114.0], [111.603215, 26.457396, 114.0], [111.603186, 26.457391, 114.0], [111.603124, 26.457381, 114.0], [111.603096, 26.457377, 114.0], [111.60307, 26.457372, 114.0], [111.603007, 26.457356, 114.0], [111.602976, 26.457346, 114.0], [111.602949, 26.457334, 114.0], [111.602912, 26.457311, 114.0], [111.602889, 26.45729, 114.0], [111.602875, 26.457272, 114.0], [111.602876, 26.457271, 114.0], [111.602797, 26.45735, 114.0], [111.602783, 26.457366, 114.0], [111.602765, 26.457389, 114.0], [111.602734, 26.457432, 114.0], [111.602722, 26.457451, 114.0], [111.602713, 26.457468, 114.0], [111.602692, 26.457513, 114.0], [111.602683, 26.457539, 114.0], [111.602679, 26.457553, 114.0], [111.602666, 26.457615, 114.0], [111.602663, 26.457631, 114.0], [111.602662, 26.457648, 114.0], [111.602662, 26.457703, 114.0], [111.602662, 26.457743, 114.0], [111.603037, 26.457863, 114.0], [111.603037, 26.457863, 114.0], [111.603037, 26.457863, 114.0], [111.603153, 26.457922, 114.0], [111.603396, 26.458043, 114.0], [111.603416, 26.458049, 114.0], [111.603487, 26.45807, 114.0], [111.603492, 26.458071, 114.0], [111.603512, 26.458076, 115.0], [111.60364, 26.458104, 115.0], [111.604374, 26.458267, 115.0], [111.604374, 26.458267, 116.0], [111.604375, 26.458267, 116.0], [111.604472, 26.458297, 116.0], [111.604716, 26.458371, 116.0], [111.604748, 26.458375, 116.0], [111.604933, 26.458401, 116.0], [111.604933, 26.458401, 116.0], [111.604933, 26.458401, 116.0], [111.605059, 26.458424, 116.0], [111.605096, 26.458431, 116.0], [111.605136, 26.458442, 116.0], [111.605173, 26.458453, 116.0], [111.605204, 26.458464, 116.0], [111.60523, 26.458471, 116.0], [111.605271, 26.458481, 116.0], [111.605175, 26.458556, 117.0], [111.60516, 26.458565, 117.0], [111.605153, 26.458579, 117.0], [111.605211, 26.45847, 116.0], [111.605217, 26.458462, 116.0], [111.605224, 26.458461, 116.0], [111.60516, 26.458458, 116.0], [111.605132, 26.458452, 116.0], [111.605111, 26.458448, 116.0], [111.605042, 26.458436, 116.0], [111.605002, 26.45843, 116.0], [111.604766, 26.458384, 116.0], [111.604594, 26.45835, 116.0], [111.604586, 26.458348, 116.0], [111.604585, 26.458348, 116.0], [111.604454, 26.458302, 116.0], [111.604142, 26.458193, 116.0], [111.604099, 26.458178, 116.0], [111.603899, 26.458106, 115.0], [111.60389, 26.458102, 115.0], [111.603889, 26.458102, 115.0], [111.603721, 26.458065, 114.0], [111.603367, 26.457989, 114.0], [111.603326, 26.457967, 114.0], [111.603116, 26.457857, 114.0], [111.603106, 26.457852, 114.0], [111.603105, 26.457851, 114.0], [111.603022, 26.457799, 114.0], [111.602747, 26.457626, 114.0], [111.602718, 26.457632, 114.0], [111.602647, 26.457651, 114.0], [111.602644, 26.45765, 114.0], [111.602764, 26.457681, 114.0], [111.602764, 26.457681, 114.0], [111.602764, 26.457681, 114.0], [111.602678, 26.457613, 114.0], [111.602667, 26.457602, 114.0], [111.602654, 26.457597, 114.0], [111.60264, 26.457586, 114.0], [111.602633, 26.45758, 113.0], [111.602577, 26.457534, 114.0], [111.60256, 26.457524, 114.0], [111.602533, 26.457514, 115.0], [111.602459, 26.457494, 115.0], [111.602312, 26.457455, 116.0], [111.602292, 26.45745, 116.0], [111.602289, 26.457449, 116.0], [111.602213, 26.457428, 116.0], [111.602176, 26.457427, 116.0], [111.601979, 26.457424, 116.0], [111.601952, 26.457424, 116.0], [111.601952, 26.457425, 116.0], [111.601912, 26.457541, 116.0], [111.601851, 26.457715, 116.0], [111.601843, 26.457738, 116.0], [111.601842, 26.457739, 116.0], [111.601755, 26.457737, 116.0], [111.601727, 26.457732, 116.0], [111.601691, 26.457724, 116.0], [111.601653, 26.457712, 116.0], [111.601615, 26.457698, 116.0], [111.601576, 26.457683, 116.0], [111.601539, 26.457668, 116.0], [111.601497, 26.457651, 116.0], [111.601459, 26.457628, 116.0], [111.601323, 26.457547, 116.0], [111.601314, 26.457541, 116.0], [111.601312, 26.457542, 117.0], [111.601215, 26.457549, 117.0], [111.60119, 26.457551, 117.0], [111.601162, 26.457549, 117.0], [111.601115, 26.457537, 117.0], [111.601094, 26.457517, 117.0], [111.601092, 26.457495, 117.0], [111.601093, 26.45743, 117.0], [111.601098, 26.457413, 117.0], [111.601104, 26.457394, 117.0], [111.601123, 26.45734, 117.0], [111.601125, 26.457326, 117.0], [111.601129, 26.457307, 117.0], [111.601144, 26.457243, 117.0], [111.601152, 26.457216, 117.0], [111.601163, 26.45718, 117.0], [111.601174, 26.457141, 117.0], [111.601188, 26.457099, 117.0], [111.601226, 26.456988, 117.0], [111.601231, 26.456973, 117.0], [111.601232, 26.456973, 117.0], [111.601317, 26.456948, 117.0], [111.601346, 26.456938, 116.0], [111.601376, 26.456925, 116.0], [111.6014, 26.456908, 117.0], [111.601432, 26.456875, 117.0], [111.601434, 26.456859, 117.0], [111.601434, 26.456816, 117.0], [111.601434, 26.456752, 117.0], [111.601432, 26.456713, 117.0], [111.601427, 26.456671, 117.0], [111.60142, 26.456629, 116.0], [111.601407, 26.456589, 116.0], [111.601383, 26.456553, 116.0], [111.601314, 26.456457, 116.0], [111.601305, 26.456444, 116.0], [111.601304, 26.456442, 116.0], [111.601256, 26.456345, 116.0], [111.601241, 26.456313, 116.0], [111.601224, 26.456275, 116.0], [111.601207, 26.456237, 116.0], [111.601191, 26.456198, 116.0], [111.601177, 26.456165, 116.0], [111.601165, 26.456132, 116.0], [111.601154, 26.456104, 116.0], [111.601144, 26.45608, 116.0], [111.601124, 26.456036, 116.0], [111.601116, 26.456015, 116.0], [111.60111, 26.455994, 116.0], [111.601149, 26.45613, 116.0], [111.601151, 26.456139, 116.0], [111.601156, 26.456148, 116.0], [111.601177, 26.456187, 116.0], [111.601176, 26.456184, 116.0], [111.601196, 26.456221, 116.0], [111.601229, 26.456282, 116.0], [111.601231, 26.456286, 116.0], [111.601247, 26.456318, 116.0], [111.601283, 26.456386, 116.0], [111.601418, 26.456612, 116.0], [111.601527, 26.456794, 116.0], [111.601527, 26.456794, 116.0], [111.601527, 26.456795, 116.0], [111.60168, 26.456918, 116.0], [111.601737, 26.456968, 116.0], [111.601952, 26.457156, 116.0], [111.602084, 26.45738, 115.0], [111.602084, 26.45738, 115.0], [111.602084, 26.45738, 115.0], [111.602264, 26.457487, 113.0], [111.602325, 26.457512, 113.0], [111.602533, 26.457577, 113.0], [111.602615, 26.457601, 113.0], [111.602618, 26.457599, 113.0], [111.602631, 26.457586, 114.0], [111.602682, 26.457529, 114.0], [111.602702, 26.457502, 114.0], [111.602723, 26.457467, 114.0], [111.602745, 26.457428, 114.0], [111.602768, 26.457389, 114.0], [111.602789, 26.457353, 114.0], [111.602809, 26.457321, 114.0], [111.602831, 26.457289, 114.0], [111.602852, 26.45726, 114.0], [111.602869, 26.457237, 114.0], [111.602893, 26.45721, 114.0], [111.602913, 26.457192, 114.0], [111.60294, 26.457175, 114.0], [111.602976, 26.457156, 114.0], [111.602997, 26.457135, 114.0], [111.603007, 26.457107, 114.0], [111.603019, 26.457062, 114.0], [111.603022, 26.45704, 114.0], [111.603021, 26.457018, 114.0], [111.603, 26.456974, 114.0], [111.602999, 26.456975, 114.0], [111.602999, 26.456979, 114.0], [111.602986, 26.457026, 114.0], [111.602985, 26.457026, 114.0], [111.602986, 26.457023, 114.0], [111.603023, 26.456935, 114.0], [111.603023, 26.456935, 114.0], [111.603023, 26.456935, 114.0], [111.60306, 26.456844, 114.0], [111.603071, 26.456816, 114.0], [111.603083, 26.456785, 114.0], [111.603092, 26.456758, 114.0], [111.603104, 26.456717, 114.0], [111.603106, 26.4567, 114.0], [111.603121, 26.45667, 114.0], [111.603145, 26.456621, 114.0], [111.603155, 26.456602, 114.0], [111.603167, 26.456575, 114.0], [111.603197, 26.456509, 114.0], [111.603214, 26.456471, 114.0], [111.603232, 26.456433, 114.0], [111.60325, 26.456394, 114.0], [111.603267, 26.456356, 114.0], [111.603284, 26.456321, 114.0], [111.603299, 26.456287, 114.0], [111.603315, 26.456254, 114.0], [111.603329, 26.456224, 114.0], [111.603342, 26.456197, 114.0], [111.603354, 26.456172, 114.0], [111.60337, 26.456139, 114.0], [111.603384, 26.45611, 114.0], [111.603395, 26.456087, 115.0], [111.603401, 26.456075, 115.0], [111.603411, 26.456065, 115.0], [111.603421, 26.456042, 115.0], [111.603442, 26.455991, 115.0], [111.603451, 26.455974, 115.0], [111.603463, 26.455948, 115.0], [111.603483, 26.455904, 115.0], [111.603496, 26.455874, 115.0], [111.60351, 26.455842, 115.0], [111.603525, 26.45581, 115.0], [111.60354, 26.455779, 115.0], [111.603555, 26.455751, 115.0], [111.603567, 26.455726, 115.0], [111.603589, 26.45568, 115.0], [111.6036, 26.455657, 115.0], [111.603611, 26.455635, 115.0], [111.603633, 26.455589, 115.0], [111.603644, 26.455565, 115.0], [111.603656, 26.455542, 115.0], [111.603676, 26.4555, 115.0], [111.603684, 26.455485, 115.0], [111.603693, 26.455458, 115.0], [111.603714, 26.455395, 114.0], [111.603722, 26.455368, 114.0], [111.603733, 26.455333, 114.0], [111.603746, 26.455297, 114.0], [111.603759, 26.455262, 114.0], [111.603771, 26.455233, 114.0], [111.603784, 26.455205, 114.0], [111.603797, 26.45518, 114.0], [111.60382, 26.455139, 113.0], [111.603827, 26.45512, 113.0], [111.603827, 26.455092, 113.0], [111.60383, 26.455046, 113.0], [111.603834, 26.45503, 113.0], [111.603828, 26.455006, 113.0], [111.603813, 26.454944, 113.0], [111.603576, 26.454949, 113.0], [111.60356, 26.454945, 113.0], [111.603392, 26.454905, 114.0], [111.603392, 26.454905, 114.0], [111.603392, 26.454905, 114.0], [111.603287, 26.45486, 115.0], [111.60325, 26.454845, 115.0], [111.60321, 26.454827, 115.0], [111.603173, 26.45481, 115.0], [111.603141, 26.454795, 115.0], [111.603115, 26.454781, 115.0], [111.603071, 26.454759, 116.0], [111.603054, 26.454749, 116.0], [111.603054, 26.454741, 116.0], [111.603049, 26.454806, 116.0], [111.603049, 26.454806, 116.0], [111.602948, 26.454734, 116.0], [111.602937, 26.454725, 116.0], [111.60292, 26.454718, 116.0], [111.602826, 26.454686, 117.0], [111.602792, 26.454676, 117.0], [111.602754, 26.454665, 117.0], [111.602715, 26.454654, 117.0], [111.602678, 26.454642, 117.0], [111.602643, 26.454629, 117.0], [111.602609, 26.454615, 117.0], [111.602576, 26.454602, 117.0], [111.602543, 26.454588, 117.0], [111.602511, 26.454575, 117.0], [111.602479, 26.454561, 117.0], [111.602445, 26.454547, 117.0], [111.602409, 26.454533, 117.0], [111.602372, 26.454518, 117.0], [111.602331, 26.454503, 117.0], [111.602288, 26.454488, 117.0], [111.602244, 26.454472, 117.0], [111.602198, 26.454456, 117.0], [111.602154, 26.45444, 117.0], [111.602111, 26.454424, 116.0], [111.602071, 26.454409, 116.0], [111.602031, 26.454394, 116.0], [111.601993, 26.45438, 116.0], [111.601956, 26.454366, 116.0], [111.601922, 26.454354, 116.0], [111.60189, 26.454343, 116.0], [111.601862, 26.454332, 116.0], [111.601826, 26.454318, 115.0], [111.601794, 26.454313, 115.0], [111.601749, 26.454303, 115.0], [111.60171, 26.454294, 115.0], [111.601685, 26.454287, 115.0], [111.601656, 26.454278, 115.0], [111.601594, 26.454257, 114.0], [111.601565, 26.454246, 114.0], [111.601534, 26.454234, 114.0], [111.6015, 26.45422, 115.0], [111.60146, 26.454201, 115.0], [111.601335, 26.454141, 115.0], [111.601319, 26.454133, 115.0], [111.601317, 26.454132, 115.0], [111.601154, 26.45406, 114.0], [111.600959, 26.453974, 114.0], [111.600933, 26.453963, 114.0], [111.600933, 26.453963, 114.0], [111.600935, 26.453964, 113.0], [111.601036, 26.45399, 114.0], [111.601066, 26.453999, 114.0], [111.60107, 26.454, 114.0], [111.601145, 26.454028, 114.0], [111.601408, 26.454128, 114.0], [111.601444, 26.454142, 114.0], [111.6017, 26.454239, 114.0], [111.6017, 26.454239, 114.0], [111.6017, 26.454239, 114.0], [111.601847, 26.454276, 115.0], [111.601929, 26.454299, 115.0], [111.602039, 26.454331, 116.0], [111.602163, 26.454369, 116.0], [111.602292, 26.45441, 116.0], [111.602421, 26.454452, 116.0], [111.602544, 26.454494, 116.0], [111.602662, 26.454535, 116.0], [111.602778, 26.454577, 117.0], [111.602893, 26.45462, 117.0], [111.603007, 26.454663, 117.0], [111.603119, 26.454707, 117.0], [111.603231, 26.454747, 116.0], [111.603346, 26.454786, 116.0], [111.60346, 26.454823, 115.0], [111.603571, 26.454859, 115.0], [111.603678, 26.454893, 114.0], [111.60378, 26.454925, 114.0], [111.603877, 26.454956, 113.0], [111.603966, 26.454985, 113.0], [111.60405, 26.455013, 112.0], [111.604131, 26.45504, 112.0], [111.604207, 26.455068, 112.0], [111.604279, 26.455095, 111.0], [111.604349, 26.455123, 111.0], [111.60442, 26.455152, 111.0], [111.60449, 26.455181, 111.0], [111.604562, 26.455211, 110.0], [111.604635, 26.455241, 110.0], [111.604707, 26.455271, 110.0], [111.604778, 26.455299, 109.0], [111.604846, 26.455327, 109.0], [111.604912, 26.455354, 109.0], [111.604977, 26.455383, 109.0], [111.60504, 26.455413, 109.0], [111.605103, 26.455444, 109.0], [111.60517, 26.455475, 109.0], [111.605236, 26.455505, 109.0], [111.605307, 26.455535, 110.0], [111.605383, 26.455567, 110.0], [111.605467, 26.4556, 111.0], [111.605558, 26.455635, 110.0], [111.605659, 26.455674, 110.0], [111.605767, 26.455716, 110.0], [111.605882, 26.455761, 110.0], [111.605998, 26.455807, 110.0], [111.606119, 26.455854, 110.0], [111.606244, 26.455903, 110.0], [111.60637, 26.455952, 110.0], [111.606495, 26.456, 111.0], [111.606615, 26.456046, 111.0], [111.606732, 26.456091, 111.0], [111.606846, 26.456134, 111.0], [111.606959, 26.456178, 111.0], [111.607068, 26.456221, 111.0], [111.607175, 26.456261, 111.0], [111.60728, 26.456299, 112.0], [111.60738, 26.456334, 112.0], [111.607475, 26.456368, 112.0], [111.607564, 26.456399, 112.0], [111.607645, 26.456429, 112.0], [111.607719, 26.456456, 112.0], [111.607786, 26.456482, 112.0], [111.607846, 26.456506, 112.0], [111.607901, 26.456528, 112.0], [111.607949, 26.456548, 112.0], [111.607988, 26.456564, 112.0], [111.608046, 26.45659, 112.0], [111.608085, 26.456607, 112.0], [111.608098, 26.456613, 112.0], [111.608141, 26.456628, 112.0], [111.607976, 26.456567, 111.0], [111.607953, 26.456558, 111.0], [111.607927, 26.456548, 111.0], [111.607884, 26.456531, 111.0], [111.607856, 26.456519, 111.0], [111.607834, 26.45651, 111.0], [111.607828, 26.4565, 112.0], [111.607906, 26.456643, 112.0], [111.60788, 26.456848, 112.0], [111.607877, 26.456868, 112.0], [111.607876, 26.456869, 112.0], [111.607787, 26.456991, 113.0], [111.607746, 26.457046, 113.0], [111.607692, 26.457118, 113.0], [111.607633, 26.457197, 113.0], [111.60757, 26.457277, 113.0], [111.607506, 26.457356, 113.0], [111.607442, 26.457433, 114.0], [111.607379, 26.457507, 114.0], [111.607316, 26.45758, 114.0], [111.607255, 26.45765, 115.0], [111.607196, 26.457718, 115.0], [111.607139, 26.457783, 115.0], [111.607083, 26.457846, 115.0], [111.607031, 26.457906, 116.0], [111.606982, 26.457963, 116.0], [111.606937, 26.458018, 116.0], [111.606894, 26.45807, 116.0], [111.606854, 26.45812, 116.0], [111.606816, 26.458168, 116.0], [111.606779, 26.458215, 117.0], [111.606744, 26.458262, 117.0], [111.606709, 26.458308, 117.0], [111.606674, 26.458355, 117.0], [111.606639, 26.458403, 117.0], [111.606603, 26.458453, 118.0], [111.606565, 26.458504, 118.0], [111.606527, 26.458556, 118.0], [111.606487, 26.458609, 119.0], [111.606445, 26.458662, 119.0], [111.606401, 26.458715, 119.0], [111.606355, 26.458767, 119.0], [111.60631, 26.45882, 119.0], [111.606264, 26.458873, 119.0], [111.606219, 26.458928, 120.0], [111.606173, 26.458983, 120.0], [111.606128, 26.459041, 120.0], [111.606083, 26.459099, 120.0], [111.606037, 26.459156, 120.0], [111.605992, 26.459211, 120.0], [111.605947, 26.459263, 120.0], [111.605902, 26.459315, 120.0], [111.605858, 26.459367, 120.0], [111.605814, 26.45942, 120.0], [111.605772, 26.459473, 120.0], [111.60573, 26.459526, 120.0], [111.605689, 26.45958, 120.0], [111.605648, 26.459633, 120.0], [111.605607, 26.459684, 119.0], [111.605566, 26.459733, 119.0], [111.605525, 26.459781, 119.0], [111.605485, 26.459829, 118.0], [111.605445, 26.459877, 118.0], [111.605407, 26.459926, 118.0], [111.605368, 26.459975, 118.0], [111.605329, 26.460025, 118.0], [111.605289, 26.460074, 118.0], [111.605249, 26.460125, 117.0], [111.605208, 26.460175, 117.0], [111.605167, 26.460226, 117.0], [111.605128, 26.460276, 117.0], [111.605089, 26.460327, 118.0], [111.605051, 26.460378, 118.0], [111.605014, 26.460428, 118.0], [111.604979, 26.460477, 118.0], [111.604944, 26.460525, 118.0], [111.604909, 26.460572, 118.0], [111.604876, 26.460617, 118.0], [111.604844, 26.460659, 119.0], [111.604814, 26.460698, 119.0], [111.604786, 26.460732, 119.0], [111.60476, 26.460764, 119.0], [111.604736, 26.460793, 119.0], [111.604712, 26.46082, 120.0], [111.604688, 26.460848, 120.0], [111.604665, 26.460876, 120.0], [111.604617, 26.460932, 121.0], [111.604592, 26.46096, 121.0], [111.604568, 26.460987, 121.0], [111.604544, 26.461013, 121.0], [111.604523, 26.461038, 121.0], [111.604503, 26.461061, 122.0], [111.604483, 26.461082, 122.0], [111.604449, 26.461121, 122.0], [111.604433, 26.46114, 122.0], [111.604418, 26.461158, 122.0], [111.604388, 26.461194, 123.0], [111.604373, 26.461213, 123.0], [111.604358, 26.461233, 123.0], [111.604327, 26.461275, 123.0], [111.604311, 26.461296, 123.0], [111.604297, 26.461317, 123.0], [111.604271, 26.461359, 123.0], [111.60426, 26.461379, 124.0], [111.60425, 26.461394, 124.0], [111.604172, 26.461512, 124.0], [111.604146, 26.461546, 124.0], [111.604112, 26.461589, 124.0], [111.604074, 26.461636, 124.0], [111.604034, 26.461686, 124.0], [111.603991, 26.461739, 124.0], [111.603946, 26.461796, 124.0], [111.603898, 26.461853, 124.0], [111.603846, 26.461913, 125.0], [111.603791, 26.461974, 125.0], [111.603734, 26.462038, 125.0], [111.603678, 26.462103, 125.0], [111.603622, 26.462166, 125.0], [111.603568, 26.462228, 125.0], [111.603515, 26.462289, 125.0], [111.603464, 26.462348, 125.0], [111.603415, 26.462405, 125.0], [111.603369, 26.462459, 125.0], [111.603326, 26.46251, 125.0], [111.603285, 26.462558, 125.0], [111.603246, 26.462605, 125.0], [111.603208, 26.46265, 125.0], [111.603172, 26.462694, 125.0], [111.603139, 26.462735, 125.0], [111.603107, 26.462776, 125.0], [111.603076, 26.462818, 125.0], [111.603046, 26.462857, 125.0], [111.603019, 26.462895, 125.0], [111.602992, 26.462932, 125.0], [111.602968, 26.462967, 125.0], [111.602951, 26.463003, 125.0], [111.602941, 26.463039, 125.0], [111.60294, 26.463076, 125.0], [111.602947, 26.463113, 125.0], [111.602963, 26.46315, 125.0], [111.602994, 26.463163, 125.0], [111.603151, 26.46322, 125.0], [111.603173, 26.463228, 125.0], [111.603176, 26.463228, 125.0], [111.603265, 26.463237, 124.0], [111.603315, 26.463243, 124.0], [111.603383, 26.463251, 124.0], [111.603462, 26.463262, 124.0], [111.603544, 26.463276, 123.0], [111.603626, 26.46329, 123.0], [111.603703, 26.463304, 123.0], [111.603777, 26.463319, 123.0], [111.603847, 26.463333, 123.0], [111.603913, 26.463348, 123.0], [111.603978, 26.463363, 123.0], [111.604041, 26.463379, 123.0], [111.604103, 26.463394, 122.0], [111.604162, 26.463414, 122.0], [111.604223, 26.463437, 122.0], [111.604285, 26.463462, 122.0], [111.604349, 26.463487, 122.0], [111.604414, 26.463511, 122.0], [111.60448, 26.463536, 121.0], [111.604548, 26.46356, 121.0], [111.604616, 26.463583, 121.0], [111.604683, 26.463605, 121.0], [111.604747, 26.463626, 121.0], [111.604807, 26.463645, 120.0], [111.604865, 26.463653, 120.0], [111.604916, 26.463658, 120.0], [111.604923, 26.463658, 120.0], [111.604966, 26.463664, 120.0], [111.605052, 26.463682, 120.0], [111.605265, 26.46373, 120.0], [111.605294, 26.463728, 120.0], [111.605447, 26.46372, 119.0], [111.605447, 26.46372, 119.0], [111.605447, 26.46372, 119.0], [111.605594, 26.46371, 119.0], [111.605805, 26.463696, 119.0], [111.605834, 26.463696, 118.0], [111.605969, 26.463697, 118.0], [111.605975, 26.463697, 118.0], [111.605976, 26.463697, 118.0], [111.606089, 26.463688, 117.0], [111.606132, 26.463685, 117.0], [111.606295, 26.463674, 117.0], [111.606317, 26.463672, 116.0], [111.60632, 26.463672, 116.0], [111.606408, 26.463669, 116.0], [111.606439, 26.463668, 116.0], [111.606477, 26.463666, 116.0], [111.606516, 26.463663, 116.0], [111.606553, 26.463661, 116.0], [111.606587, 26.463658, 116.0], [111.606617, 26.463653, 116.0], [111.606664, 26.46364, 116.0], [111.606674, 26.463628, 116.0], [111.606688, 26.463587, 116.0], [111.606695, 26.463546, 116.0], [111.606695, 26.46352, 116.0], [111.606693, 26.463488, 116.0], [111.606689, 26.463453, 116.0], [111.606685, 26.463417, 116.0], [111.60668, 26.46338, 116.0], [111.606675, 26.463341, 116.0], [111.60667, 26.463299, 116.0], [111.606666, 26.463257, 116.0], [111.606662, 26.463214, 116.0], [111.606658, 26.463171, 115.0], [111.606653, 26.463128, 115.0], [111.606642, 26.463037, 115.0], [111.606641, 26.463024, 115.0], [111.60664, 26.463023, 115.0], [111.606616, 26.462908, 114.0], [111.606572, 26.46269, 114.0], [111.606577, 26.462661, 114.0], [111.606616, 26.462444, 114.0], [111.606616, 26.462444, 114.0], [111.606616, 26.462444, 114.0], [111.606614, 26.462326, 114.0], [111.606611, 26.462119, 114.0], [111.606614, 26.462091, 114.0], [111.606621, 26.462041, 114.0], [111.60662, 26.462023, 114.0], [111.606618, 26.461983, 114.0], [111.606614, 26.46195, 114.0], [111.606595, 26.461778, 114.0], [111.606583, 26.461671, 114.0], [111.606583, 26.461664, 114.0], [111.606582, 26.461657, 114.0], [111.606571, 26.461552, 114.0], [111.606551, 26.461375, 114.0], [111.606548, 26.461351, 114.0], [111.606546, 26.461349, 114.0], [111.606478, 26.461292, 114.0], [111.606449, 26.461271, 114.0], [111.606411, 26.461246, 114.0], [111.606369, 26.461225, 114.0], [111.606329, 26.461211, 114.0], [111.60629, 26.461201, 114.0], [111.60625, 26.461194, 114.0], [111.606212, 26.461199, 114.0], [111.606108, 26.461222, 114.0], [111.606057, 26.461231, 114.0], [111.606054, 26.461225, 114.0], [111.605896, 26.460933, 114.0], [111.605887, 26.46093, 114.0], [111.605804, 26.460897, 114.0], [111.605801, 26.460896, 114.0], [111.605791, 26.460895, 114.0], [111.60567, 26.460886, 114.0], [111.605633, 26.460881, 114.0], [111.605593, 26.460873, 115.0], [111.605553, 26.460861, 115.0], [111.605516, 26.460845, 115.0], [111.605483, 26.460824, 115.0], [111.605451, 26.460799, 115.0], [111.60542, 26.460769, 115.0], [111.60539, 26.460735, 115.0], [111.605379, 26.460696, 116.0], [111.605342, 26.460562, 116.0], [111.605339, 26.46055, 116.0], [111.605338, 26.460549, 116.0], [111.605305, 26.460456, 117.0], [111.605297, 26.460431, 117.0], [111.60529, 26.460406, 117.0], [111.605277, 26.46036, 118.0], [111.605275, 26.460343, 118.0], [111.605275, 26.460343, 118.0], [111.605299, 26.460367, 118.0], [111.605333, 26.460416, 117.0], [111.605346, 26.460444, 117.0], [111.605357, 26.460484, 117.0], [111.605398, 26.460635, 117.0], [111.605402, 26.460649, 117.0], [111.605402, 26.46065, 117.0], [111.605439, 26.460729, 116.0], [111.605457, 26.460763, 116.0], [111.605482, 26.4608, 116.0], [111.605509, 26.460835, 115.0], [111.605538, 26.460865, 115.0], [111.605568, 26.460891, 115.0], [111.605599, 26.460913, 115.0], [111.605628, 26.460931, 115.0], [111.605657, 26.460949, 115.0], [111.605683, 26.460965, 115.0], [111.605708, 26.460983, 114.0], [111.605733, 26.461003, 114.0], [111.605754, 26.461027, 114.0], [111.605771, 26.461054, 114.0], [111.605785, 26.461084, 114.0], [111.605797, 26.461115, 114.0], [111.605806, 26.461147, 114.0], [111.605813, 26.461181, 114.0], [111.605818, 26.461217, 114.0], [111.605822, 26.461253, 114.0], [111.605826, 26.461292, 114.0], [111.605832, 26.461331, 114.0], [111.605838, 26.461372, 114.0], [111.605845, 26.461413, 114.0], [111.605851, 26.461455, 114.0], [111.605859, 26.461497, 114.0], [111.605867, 26.46154, 114.0], [111.605878, 26.461582, 114.0], [111.605889, 26.461624, 114.0], [111.6059, 26.461665, 114.0], [111.605911, 26.461705, 114.0], [111.605921, 26.461746, 114.0], [111.60593, 26.461785, 114.0], [111.605937, 26.461822, 114.0], [111.605943, 26.461855, 114.0], [111.605946, 26.461886, 114.0], [111.605948, 26.461915, 114.0], [111.605949, 26.461942, 114.0], [111.605958, 26.461981, 114.0], [111.605974, 26.462012, 114.0], [111.605989, 26.462024, 114.0], [111.606033, 26.462049, 114.0], [111.606061, 26.462058, 114.0], [111.606095, 26.462064, 114.0], [111.606129, 26.462068, 114.0], [111.606162, 26.462071, 114.0], [111.606194, 26.462076, 114.0], [111.606248, 26.462089, 114.0], [111.60627, 26.4621, 114.0], [111.606286, 26.462116, 114.0], [111.606318, 26.46216, 114.0], [111.606334, 26.462187, 114.0], [111.606348, 26.462219, 114.0], [111.606361, 26.462254, 114.0], [111.606374, 26.462292, 114.0], [111.606386, 26.462332, 114.0], [111.606398, 26.462373, 114.0], [111.606409, 26.462414, 114.0], [111.60642, 26.462456, 114.0], [111.606431, 26.462498, 114.0], [111.606442, 26.46254, 114.0], [111.606452, 26.462582, 114.0], [111.606461, 26.462624, 114.0], [111.606469, 26.462665, 114.0], [111.606477, 26.462706, 114.0], [111.606486, 26.462746, 114.0], [111.606495, 26.462785, 114.0], [111.606505, 26.462825, 114.0], [111.606514, 26.462864, 114.0], [111.606522, 26.462905, 114.0], [111.606531, 26.462947, 115.0], [111.606541, 26.462989, 115.0], [111.60655, 26.46303, 115.0], [111.606558, 26.463072, 115.0], [111.606565, 26.463114, 115.0], [111.60657, 26.463156, 115.0], [111.606575, 26.463198, 115.0], [111.606578, 26.46324, 115.0], [111.60658, 26.463282, 115.0], [111.60658, 26.463325, 115.0], [111.606579, 26.46337, 115.0], [111.606576, 26.463414, 115.0], [111.606574, 26.463459, 115.0], [111.606571, 26.463503, 115.0], [111.606567, 26.463547, 115.0], [111.606561, 26.46359, 115.0], [111.606552, 26.463631, 115.0], [111.606558, 26.46367, 115.0], [111.606573, 26.463766, 116.0], [111.606574, 26.463777, 116.0], [111.606575, 26.463777, 116.0], [111.606428, 26.463757, 117.0], [111.606172, 26.463721, 117.0], [111.606152, 26.463721, 117.0], [111.606085, 26.463721, 117.0], [111.606069, 26.463721, 118.0], [111.606041, 26.463722, 118.0], [111.605962, 26.463724, 118.0]]}}]}