{"type": "FeatureCollection", "features": [{"type": "Feature", "properties": {"type": "photo", "name": "\n        ", "date": "2026-09-08", "track": "2026-09-08 1146永州冷水滩区", "photo_urls": ["track_photos_new/2026-09-08_1146永州冷水滩区_0.jpg"], "photo_count": 1}, "geometry": {"type": "Point", "coordinates": [111.5888274, 26.4566938]}}, {"type": "Feature", "properties": {"type": "photo", "name": "\n        ", "date": "2026-09-08", "track": "2026-09-08 1146永州冷水滩区", "photo_urls": ["track_photos_new/2026-09-08_1146永州冷水滩区_1.jpg"], "photo_count": 1}, "geometry": {"type": "Point", "coordinates": [111.5888674, 26.4567584]}}, {"type": "Feature", "properties": {"type": "photo", "name": "\n        ", "date": "2026-09-08", "track": "2026-09-08 1146永州冷水滩区", "photo_urls": ["track_photos_new/2026-09-08_1146永州冷水滩区_2.jpg"], "photo_count": 1}, "geometry": {"type": "Point", "coordinates": [111.5895565, 26.4571178]}}, {"type": "Feature", "properties": {"type": "photo", "name": "\n        ", "date": "2026-09-08", "track": "2026-09-08 1146永州冷水滩区", "photo_urls": ["track_photos_new/2026-09-08_1146永州冷水滩区_3.jpg"], "photo_count": 1}, "geometry": {"type": "Point", "coordinates": [111.5904057, 26.4567522]}}, {"type": "Feature", "properties": {"type": "photo", "name": "\n        ", "date": "2026-09-08", "track": "2026-09-08 1146永州冷水滩区", "photo_urls": ["track_photos_new/2026-09-08_1146永州冷水滩区_4.jpg"], "photo_count": 1}, "geometry": {"type": "Point", "coordinates": [111.590762, 26.4562441]}}, {"type": "Feature", "properties": {"type": "photo", "name": "\n        ", "date": "2026-09-08", "track": "2026-09-08 1146永州冷水滩区", "photo_urls": ["track_photos_new/2026-09-08_1146永州冷水滩区_5.jpg"], "photo_count": 1}, "geometry": {"type": "Point", "coordinates": [111.5910084, 26.4558162]}}, {"type": "Feature", "properties": {"type": "photo", "name": "\n        ", "date": "2026-09-08", "track": "2026-09-08 1146永州冷水滩区", "photo_urls": ["track_photos_new/2026-09-08_1146永州冷水滩区_6.jpg"], "photo_count": 1}, "geometry": {"type": "Point", "coordinates": [111.5909056, 26.4557823]}}, {"type": "Feature", "properties": {"type": "photo", "name": "\n        ", "date": "2026-09-08", "track": "2026-09-08 1146永州冷水滩区", "photo_urls": ["track_photos_new/2026-09-08_1146永州冷水滩区_7.jpg"], "photo_count": 1}, "geometry": {"type": "Point", "coordinates": [111.5909056, 26.4557823]}}, {"type": "Feature", "properties": {"type": "photo", "name": "\n        ", "date": "2026-09-08", "track": "2026-09-08 1146永州冷水滩区", "photo_urls": ["track_photos_new/2026-09-08_1146永州冷水滩区_8.jpg"], "photo_count": 1}, "geometry": {"type": "Point", "coordinates": [111.591005, 26.4559166]}}, {"type": "Feature", "properties": {"type": "photo", "name": "\n        ", "date": "2026-09-08", "track": "2026-09-08 1146永州冷水滩区", "photo_urls": ["track_photos_new/2026-09-08_1146永州冷水滩区_9.jpg"], "photo_count": 1}, "geometry": {"type": "Point", "coordinates": [111.591005, 26.4559166]}}, {"type": "Feature", "properties": {"type": "photo", "name": "\n        ", "date": "2026-09-08", "track": "2026-09-08 1146永州冷水滩区", "photo_urls": ["track_photos_new/2026-09-08_1146永州冷水滩区_10.jpg"], "photo_count": 1}, "geometry": {"type": "Point", "coordinates": [111.5911208, 26.4559208]}}, {"type": "Feature", "properties": {"type": "photo", "name": "\n        ", "date": "2026-09-08", "track": "2026-09-08 1146永州冷水滩区", "photo_urls": ["track_photos_new/2026-09-08_1146永州冷水滩区_11.jpg"], "photo_count": 1}, "geometry": {"type": "Point", "coordinates": [111.5912206, 26.4559537]}}, {"type": "Feature", "properties": {"type": "photo", "name": "\n        ", "date": "2026-09-08", "track": "2026-09-08 1146永州冷水滩区", "photo_urls": ["track_photos_new/2026-09-08_1146永州冷水滩区_12.jpg"], "photo_count": 1}, "geometry": {"type": "Point", "coordinates": [111.5913359, 26.4559721]}}, {"type": "Feature", "properties": {"type": "photo", "name": "\n        ", "date": "2026-09-08", "track": "2026-09-08 1146永州冷水滩区", "photo_urls": ["track_photos_new/2026-09-08_1146永州冷水滩区_13.jpg"], "photo_count": 1}, "geometry": {"type": "Point", "coordinates": [111.5913359, 26.4559721]}}, {"type": "Feature", "properties": {"type": "photo", "name": "\n        ", "date": "2026-09-08", "track": "2026-09-08 1146永州冷水滩区", "photo_urls": ["track_photos_new/2026-09-08_1146永州冷水滩区_14.jpg"], "photo_count": 1}, "geometry": {"type": "Point", "coordinates": [111.5913359, 26.4559721]}}, {"type": "Feature", "properties": {"type": "photo", "name": "\n        ", "date": "2026-09-08", "track": "2026-09-08 1146永州冷水滩区", "photo_urls": ["track_photos_new/2026-09-08_1146永州冷水滩区_15.jpg"], "photo_count": 1}, "geometry": {"type": "Point", "coordinates": [111.5913527, 26.4553685]}}, {"type": "Feature", "properties": {"type": "photo", "name": "\n        ", "date": "2026-09-08", "track": "2026-09-08 1146永州冷水滩区", "photo_urls": ["track_photos_new/2026-09-08_1146永州冷水滩区_16.jpg"], "photo_count": 1}, "geometry": {"type": "Point", "coordinates": [111.5913527, 26.4553685]}}, {"type": "Feature", "properties": {"type": "photo", "name": "\n        ", "date": "2026-09-08", "track": "2026-09-08 1146永州冷水滩区", "photo_urls": ["track_photos_new/2026-09-08_1146永州冷水滩区_17.jpg"], "photo_count": 1}, "geometry": {"type": "Point", "coordinates": [111.5913527, 26.4553685]}}, {"type": "Feature", "properties": {"type": "photo", "name": "\n        ", "date": "2026-09-08", "track": "2026-09-08 1146永州冷水滩区", "photo_urls": ["track_photos_new/2026-09-08_1146永州冷水滩区_18.jpg"], "photo_count": 1}, "geometry": {"type": "Point", "coordinates": [111.591412, 26.4552791]}}, {"type": "Feature", "properties": {"type": "photo", "name": "\n        ", "date": "2026-09-08", "track": "2026-09-08 1146永州冷水滩区", "photo_urls": ["track_photos_new/2026-09-08_1146永州冷水滩区_19.jpg"], "photo_count": 1}, "geometry": {"type": "Point", "coordinates": [111.591412, 26.4552791]}}, {"type": "Feature", "properties": {"type": "photo", "name": "\n        ", "date": "2026-09-08", "track": "2026-09-08 1146永州冷水滩区", "photo_urls": ["track_photos_new/2026-09-08_1146永州冷水滩区_20.jpg"], "photo_count": 1}, "geometry": {"type": "Point", "coordinates": [111.5914659, 26.454611]}}, {"type": "Feature", "properties": {"type": "photo", "name": "\n        ", "date": "2026-09-08", "track": "2026-09-08 1146永州冷水滩区", "photo_urls": ["track_photos_new/2026-09-08_1146永州冷水滩区_21.jpg"], "photo_count": 1}, "geometry": {"type": "Point", "coordinates": [111.5914659, 26.454611]}}, {"type": "Feature", "properties": {"type": "photo", "name": "\n        ", "date": "2026-09-08", "track": "2026-09-08 1146永州冷水滩区", "photo_urls": ["track_photos_new/2026-09-08_1146永州冷水滩区_22.jpg"], "photo_count": 1}, "geometry": {"type": "Point", "coordinates": [111.5913941, 26.4544275]}}, {"type": "Feature", "properties": {"type": "photo", "name": "\n        ", "date": "2026-09-08", "track": "2026-09-08 1146永州冷水滩区", "photo_urls": ["track_photos_new/2026-09-08_1146永州冷水滩区_23.jpg"], "photo_count": 1}, "geometry": {"type": "Point", "coordinates": [111.5913163, 26.4542413]}}, {"type": "Feature", "properties": {"type": "photo", "name": "\n        ", "date": "2026-09-08", "track": "2026-09-08 1146永州冷水滩区", "photo_urls": ["track_photos_new/2026-09-08_1146永州冷水滩区_24.jpg"], "photo_count": 1}, "geometry": {"type": "Point", "coordinates": [111.591023, 26.4541823]}}, {"type": "Feature", "properties": {"type": "photo", "name": "\n        ", "date": "2026-09-08", "track": "2026-09-08 1146永州冷水滩区", "photo_urls": ["track_photos_new/2026-09-08_1146永州冷水滩区_25.jpg"], "photo_count": 1}, "geometry": {"type": "Point", "coordinates": [111.59082, 26.454287]}}, {"type": "Feature", "properties": {"type": "photo", "name": "\n        ", "date": "2026-09-08", "track": "2026-09-08 1146永州冷水滩区", "photo_urls": ["track_photos_new/2026-09-08_1146永州冷水滩区_26.jpg"], "photo_count": 1}, "geometry": {"type": "Point", "coordinates": [111.5905725, 26.4544792]}}, {"type": "Feature", "properties": {"type": "photo", "name": "\n        ", "date": "2026-09-08", "track": "2026-09-08 1146永州冷水滩区", "photo_urls": ["track_photos_new/2026-09-08_1146永州冷水滩区_27.jpg"], "photo_count": 1}, "geometry": {"type": "Point", "coordinates": [111.5905725, 26.4544792]}}, {"type": "Feature", "properties": {"type": "photo", "name": "\n        ", "date": "2026-09-08", "track": "2026-09-08 1146永州冷水滩区", "photo_urls": ["track_photos_new/2026-09-08_1146永州冷水滩区_28.jpg"], "photo_count": 1}, "geometry": {"type": "Point", "coordinates": [111.59114, 26.4541402]}}, {"type": "Feature", "properties": {"type": "photo", "name": "\n        ", "date": "2026-09-08", "track": "2026-09-08 1146永州冷水滩区", "photo_urls": ["track_photos_new/2026-09-08_1146永州冷水滩区_29.jpg"], "photo_count": 1}, "geometry": {"type": "Point", "coordinates": [111.5911908, 26.4540528]}}, {"type": "Feature", "properties": {"type": "photo", "name": "\n        ", "date": "2026-09-08", "track": "2026-09-08 1146永州冷水滩区", "photo_urls": ["track_photos_new/2026-09-08_1146永州冷水滩区_30.jpg"], "photo_count": 1}, "geometry": {"type": "Point", "coordinates": [111.5910458, 26.4537908]}}, {"type": "Feature", "properties": {"type": "photo", "name": "\n        ", "date": "2026-09-08", "track": "2026-09-08 1146永州冷水滩区", "photo_urls": ["track_photos_new/2026-09-08_1146永州冷水滩区_31.jpg"], "photo_count": 1}, "geometry": {"type": "Point", "coordinates": [111.590454, 26.4530824]}}, {"type": "Feature", "properties": {"type": "photo", "name": "\n        ", "date": "2026-09-08", "track": "2026-09-08 1146永州冷水滩区", "photo_urls": ["track_photos_new/2026-09-08_1146永州冷水滩区_32.jpg"], "photo_count": 1}, "geometry": {"type": "Point", "coordinates": [111.5901763, 26.4529161]}}, {"type": "Feature", "properties": {"type": "photo", "name": "\n        ", "date": "2026-09-08", "track": "2026-09-08 1146永州冷水滩区", "photo_urls": ["track_photos_new/2026-09-08_1146永州冷水滩区_33.jpg"], "photo_count": 1}, "geometry": {"type": "Point", "coordinates": [111.5899645, 26.4529348]}}, {"type": "Feature", "properties": {"type": "photo", "name": "\n        ", "date": "2026-09-08", "track": "2026-09-08 1146永州冷水滩区", "photo_urls": ["track_photos_new/2026-09-08_1146永州冷水滩区_34.jpg"], "photo_count": 1}, "geometry": {"type": "Point", "coordinates": [111.5893573, 26.4537529]}}, {"type": "Feature", "properties": {"type": "photo", "name": "\n        ", "date": "2026-09-08", "track": "2026-09-08 1146永州冷水滩区", "photo_urls": ["track_photos_new/2026-09-08_1146永州冷水滩区_35.jpg"], "photo_count": 1}, "geometry": {"type": "Point", "coordinates": [111.5924645, 26.4553518]}}, {"type": "Feature", "properties": {"type": "photo", "name": "\n        ", "date": "2026-09-08", "track": "2026-09-08 1146永州冷水滩区", "photo_urls": ["track_photos_new/2026-09-08_1146永州冷水滩区_36.jpg"], "photo_count": 1}, "geometry": {"type": "Point", "coordinates": [111.593149, 26.4553101]}}, {"type": "Feature", "properties": {"type": "photo", "name": "\n        ", "date": "2026-09-08", "track": "2026-09-08 1146永州冷水滩区", "photo_urls": ["track_photos_new/2026-09-08_1146永州冷水滩区_37.jpg"], "photo_count": 1}, "geometry": {"type": "Point", "coordinates": [111.5931914, 26.4552313]}}, {"type": "Feature", "properties": {"type": "photo", "name": "\n        ", "date": "2026-09-08", "track": "2026-09-08 1146永州冷水滩区", "photo_urls": ["track_photos_new/2026-09-08_1146永州冷水滩区_38.jpg"], "photo_count": 1}, "geometry": {"type": "Point", "coordinates": [111.5928274, 26.4545538]}}, {"type": "Feature", "properties": {"type": "photo", "name": "\n        ", "date": "2026-09-08", "track": "2026-09-08 1146永州冷水滩区", "photo_urls": ["track_photos_new/2026-09-08_1146永州冷水滩区_39.jpg"], "photo_count": 1}, "geometry": {"type": "Point", "coordinates": [111.5927403, 26.4545761]}}, {"type": "Feature", "properties": {"type": "photo", "name": "\n        ", "date": "2026-09-08", "track": "2026-09-08 1146永州冷水滩区", "photo_urls": ["track_photos_new/2026-09-08_1146永州冷水滩区_40.jpg"], "photo_count": 1}, "geometry": {"type": "Point", "coordinates": [111.5927026, 26.4546616]}}, {"type": "Feature", "properties": {"type": "photo", "name": "\n        ", "date": "2026-09-08", "track": "2026-09-08 1146永州冷水滩区", "photo_urls": ["track_photos_new/2026-09-08_1146永州冷水滩区_41.jpg"], "photo_count": 1}, "geometry": {"type": "Point", "coordinates": [111.5926341, 26.4547384]}}, {"type": "Feature", "properties": {"type": "photo", "name": "\n        ", "date": "2026-09-08", "track": "2026-09-08 1146永州冷水滩区", "photo_urls": ["track_photos_new/2026-09-08_1146永州冷水滩区_42.jpg"], "photo_count": 1}, "geometry": {"type": "Point", "coordinates": [111.5924341, 26.4545576]}}, {"type": "Feature", "properties": {"type": "photo", "name": "\n        ", "date": "2026-09-08", "track": "2026-09-08 1146永州冷水滩区", "photo_urls": ["track_photos_new/2026-09-08_1146永州冷水滩区_43.jpg"], "photo_count": 1}, "geometry": {"type": "Point", "coordinates": [111.5924341, 26.4545576]}}, {"type": "Feature", "properties": {"type": "photo", "name": "\n        ", "date": "2026-09-08", "track": "2026-09-08 1146永州冷水滩区", "photo_urls": ["track_photos_new/2026-09-08_1146永州冷水滩区_44.jpg"], "photo_count": 1}, "geometry": {"type": "Point", "coordinates": [111.592325, 26.4544967]}}, {"type": "Feature", "properties": {"type": "photo", "name": "\n        ", "date": "2026-09-08", "track": "2026-09-08 1146永州冷水滩区", "photo_urls": ["track_photos_new/2026-09-08_1146永州冷水滩区_45.jpg"], "photo_count": 1}, "geometry": {"type": "Point", "coordinates": [111.592325, 26.4544967]}}, {"type": "Feature", "properties": {"type": "photo", "name": "\n        ", "date": "2026-09-08", "track": "2026-09-08 1146永州冷水滩区", "photo_urls": ["track_photos_new/2026-09-08_1146永州冷水滩区_46.jpg"], "photo_count": 1}, "geometry": {"type": "Point", "coordinates": [111.592325, 26.4544967]}}, {"type": "Feature", "properties": {"type": "photo", "name": "\n        ", "date": "2026-09-08", "track": "2026-09-08 1146永州冷水滩区", "photo_urls": ["track_photos_new/2026-09-08_1146永州冷水滩区_47.jpg"], "photo_count": 1}, "geometry": {"type": "Point", "coordinates": [111.592325, 26.4544967]}}, {"type": "Feature", "properties": {"type": "photo", "name": "\n        ", "date": "2026-09-08", "track": "2026-09-08 1146永州冷水滩区", "photo_urls": ["track_photos_new/2026-09-08_1146永州冷水滩区_48.jpg"], "photo_count": 1}, "geometry": {"type": "Point", "coordinates": [111.5920595, 26.4543326]}}, {"type": "Feature", "properties": {"type": "photo", "name": "\n        ", "date": "2026-09-08", "track": "2026-09-08 1146永州冷水滩区", "photo_urls": ["track_photos_new/2026-09-08_1146永州冷水滩区_49.jpg"], "photo_count": 1}, "geometry": {"type": "Point", "coordinates": [111.5920595, 26.4543326]}}, {"type": "Feature", "properties": {"type": "photo", "name": "\n        ", "date": "2026-09-08", "track": "2026-09-08 1146永州冷水滩区", "photo_urls": ["track_photos_new/2026-09-08_1146永州冷水滩区_50.jpg"], "photo_count": 1}, "geometry": {"type": "Point", "coordinates": [111.5919195, 26.4542652]}}, {"type": "Feature", "properties": {"type": "photo", "name": "\n        ", "date": "2026-09-08", "track": "2026-09-08 1146永州冷水滩区", "photo_urls": ["track_photos_new/2026-09-08_1146永州冷水滩区_51.jpg"], "photo_count": 1}, "geometry": {"type": "Point", "coordinates": [111.59218, 26.4545824]}}, {"type": "Feature", "properties": {"type": "photo", "name": "\n        ", "date": "2026-09-08", "track": "2026-09-08 1146永州冷水滩区", "photo_urls": ["track_photos_new/2026-09-08_1146永州冷水滩区_52.jpg"], "photo_count": 1}, "geometry": {"type": "Point", "coordinates": [111.59218, 26.4545824]}}, {"type": "Feature", "properties": {"type": "photo", "name": "\n        ", "date": "2026-09-08", "track": "2026-09-08 1146永州冷水滩区", "photo_urls": ["track_photos_new/2026-09-08_1146永州冷水滩区_53.jpg"], "photo_count": 1}, "geometry": {"type": "Point", "coordinates": [111.5923863, 26.4545497]}}, {"type": "Feature", "properties": {"type": "photo", "name": "\n        ", "date": "2026-09-08", "track": "2026-09-08 1146永州冷水滩区", "photo_urls": ["track_photos_new/2026-09-08_1146永州冷水滩区_54.jpg"], "photo_count": 1}, "geometry": {"type": "Point", "coordinates": [111.5923863, 26.4545497]}}, {"type": "Feature", "properties": {"type": "photo", "name": "\n        ", "date": "2026-09-08", "track": "2026-09-08 1146永州冷水滩区", "photo_urls": ["track_photos_new/2026-09-08_1146永州冷水滩区_55.jpg"], "photo_count": 1}, "geometry": {"type": "Point", "coordinates": [111.5923863, 26.4545497]}}, {"type": "Feature", "properties": {"type": "photo", "name": "\n        ", "date": "2026-09-08", "track": "2026-09-08 1146永州冷水滩区", "photo_urls": ["track_photos_new/2026-09-08_1146永州冷水滩区_56.jpg"], "photo_count": 1}, "geometry": {"type": "Point", "coordinates": [111.5924877, 26.4545085]}}, {"type": "Feature", "properties": {"type": "photo", "name": "\n        ", "date": "2026-09-08", "track": "2026-09-08 1146永州冷水滩区", "photo_urls": ["track_photos_new/2026-09-08_1146永州冷水滩区_57.jpg"], "photo_count": 1}, "geometry": {"type": "Point", "coordinates": [111.5925681, 26.4544402]}}, {"type": "Feature", "properties": {"type": "photo", "name": "\n        ", "date": "2026-09-08", "track": "2026-09-08 1146永州冷水滩区", "photo_urls": ["track_photos_new/2026-09-08_1146永州冷水滩区_58.jpg"], "photo_count": 1}, "geometry": {"type": "Point", "coordinates": [111.5927597, 26.45444]}}, {"type": "Feature", "properties": {"type": "photo", "name": "\n        ", "date": "2026-09-08", "track": "2026-09-08 1146永州冷水滩区", "photo_urls": ["track_photos_new/2026-09-08_1146永州冷水滩区_59.jpg"], "photo_count": 1}, "geometry": {"type": "Point", "coordinates": [111.5926412, 26.4543391]}}, {"type": "Feature", "properties": {"type": "photo", "name": "\n        ", "date": "2026-09-08", "track": "2026-09-08 1146永州冷水滩区", "photo_urls": ["track_photos_new/2026-09-08_1146永州冷水滩区_60.jpg"], "photo_count": 1}, "geometry": {"type": "Point", "coordinates": [111.5928307, 26.4545034]}}, {"type": "Feature", "properties": {"type": "photo", "name": "\n        ", "date": "2026-09-08", "track": "2026-09-08 1146永州冷水滩区", "photo_urls": ["track_photos_new/2026-09-08_1146永州冷水滩区_61.jpg"], "photo_count": 1}, "geometry": {"type": "Point", "coordinates": [111.5928307, 26.4545034]}}, {"type": "Feature", "properties": {"type": "photo", "name": "\n        ", "date": "2026-09-08", "track": "2026-09-08 1146永州冷水滩区", "photo_urls": ["track_photos_new/2026-09-08_1146永州冷水滩区_62.jpg"], "photo_count": 1}, "geometry": {"type": "Point", "coordinates": [111.5928307, 26.4545034]}}, {"type": "Feature", "properties": {"type": "photo", "name": "\n        ", "date": "2026-09-08", "track": "2026-09-08 1146永州冷水滩区", "photo_urls": ["track_photos_new/2026-09-08_1146永州冷水滩区_63.jpg"], "photo_count": 1}, "geometry": {"type": "Point", "coordinates": [111.5927818, 26.4545844]}}, {"type": "Feature", "properties": {"type": "photo", "name": "\n        ", "date": "2026-09-08", "track": "2026-09-08 1146永州冷水滩区", "photo_urls": ["track_photos_new/2026-09-08_1146永州冷水滩区_64.jpg"], "photo_count": 1}, "geometry": {"type": "Point", "coordinates": [111.592769, 26.4550304]}}, {"type": "Feature", "properties": {"type": "photo", "name": "\n        ", "date": "2026-09-08", "track": "2026-09-08 1146永州冷水滩区", "photo_urls": ["track_photos_new/2026-09-08_1146永州冷水滩区_65.jpg"], "photo_count": 1}, "geometry": {"type": "Point", "coordinates": [111.5928661, 26.4550936]}}, {"type": "Feature", "properties": {"type": "photo", "name": "\n        ", "date": "2026-09-08", "track": "2026-09-08 1146永州冷水滩区", "photo_urls": ["track_photos_new/2026-09-08_1146永州冷水滩区_66.jpg"], "photo_count": 1}, "geometry": {"type": "Point", "coordinates": [111.5931596, 26.4552619]}}, {"type": "Feature", "properties": {"type": "photo", "name": "\n        ", "date": "2026-09-08", "track": "2026-09-08 1146永州冷水滩区", "photo_urls": ["track_photos_new/2026-09-08_1146永州冷水滩区_67.jpg"], "photo_count": 1}, "geometry": {"type": "Point", "coordinates": [111.5931596, 26.4552619]}}, {"type": "Feature", "properties": {"type": "photo", "name": "\n        ", "date": "2026-09-08", "track": "2026-09-08 1146永州冷水滩区", "photo_urls": ["track_photos_new/2026-09-08_1146永州冷水滩区_68.jpg"], "photo_count": 1}, "geometry": {"type": "Point", "coordinates": [111.5931596, 26.4552619]}}, {"type": "Feature", "properties": {"type": "photo", "name": "\n        ", "date": "2026-09-08", "track": "2026-09-08 1146永州冷水滩区", "photo_urls": ["track_photos_new/2026-09-08_1146永州冷水滩区_69.jpg"], "photo_count": 1}, "geometry": {"type": "Point", "coordinates": [111.5931755, 26.4553474]}}, {"type": "Feature", "properties": {"type": "photo", "name": "\n        ", "date": "2026-09-08", "track": "2026-09-08 1146永州冷水滩区", "photo_urls": ["track_photos_new/2026-09-08_1146永州冷水滩区_70.jpg"], "photo_count": 1}, "geometry": {"type": "Point", "coordinates": [111.5928269, 26.4553111]}}, {"type": "Feature", "properties": {"type": "photo", "name": "\n        ", "date": "2026-09-08", "track": "2026-09-08 1146永州冷水滩区", "photo_urls": ["track_photos_new/2026-09-08_1146永州冷水滩区_71.jpg"], "photo_count": 1}, "geometry": {"type": "Point", "coordinates": [111.5927024, 26.4553138]}}, {"type": "Feature", "properties": {"type": "photo", "name": "\n        ", "date": "2026-09-08", "track": "2026-09-08 1146永州冷水滩区", "photo_urls": ["track_photos_new/2026-09-08_1146永州冷水滩区_72.jpg"], "photo_count": 1}, "geometry": {"type": "Point", "coordinates": [111.5920527, 26.4557651]}}, {"type": "Feature", "properties": {"type": "photo", "name": "\n        ", "date": "2026-09-08", "track": "2026-09-08 1146永州冷水滩区", "photo_urls": ["track_photos_new/2026-09-08_1146永州冷水滩区_73.jpg"], "photo_count": 1}, "geometry": {"type": "Point", "coordinates": [111.591922, 26.4558983]}}, {"type": "Feature", "properties": {"type": "photo", "name": "\n        ", "date": "2026-09-08", "track": "2026-09-08 1146永州冷水滩区", "photo_urls": ["track_photos_new/2026-09-08_1146永州冷水滩区_74.jpg"], "photo_count": 1}, "geometry": {"type": "Point", "coordinates": [111.591922, 26.4558983]}}, {"type": "Feature", "properties": {"type": "photo", "name": "\n        ", "date": "2026-09-08", "track": "2026-09-08 1146永州冷水滩区", "photo_urls": ["track_photos_new/2026-09-08_1146永州冷水滩区_75.jpg"], "photo_count": 1}, "geometry": {"type": "Point", "coordinates": [111.591922, 26.4558983]}}, {"type": "Feature", "properties": {"type": "photo", "name": "\n        ", "date": "2026-09-08", "track": "2026-09-08 1146永州冷水滩区", "photo_urls": ["track_photos_new/2026-09-08_1146永州冷水滩区_76.jpg"], "photo_count": 1}, "geometry": {"type": "Point", "coordinates": [111.5918196, 26.4560853]}}, {"type": "Feature", "properties": {"type": "photo", "name": "\n        ", "date": "2026-09-08", "track": "2026-09-08 1146永州冷水滩区", "photo_urls": ["track_photos_new/2026-09-08_1146永州冷水滩区_77.jpg"], "photo_count": 1}, "geometry": {"type": "Point", "coordinates": [111.5917728, 26.4561725]}}, {"type": "Feature", "properties": {"type": "photo", "name": "\n        ", "date": "2026-09-08", "track": "2026-09-08 1146永州冷水滩区", "photo_urls": ["track_photos_new/2026-09-08_1146永州冷水滩区_78.jpg"], "photo_count": 1}, "geometry": {"type": "Point", "coordinates": [111.5917728, 26.4561725]}}, {"type": "Feature", "properties": {"type": "photo", "name": "\n        ", "date": "2026-09-08", "track": "2026-09-08 1146永州冷水滩区", "photo_urls": ["track_photos_new/2026-09-08_1146永州冷水滩区_79.jpg"], "photo_count": 1}, "geometry": {"type": "Point", "coordinates": [111.5917067, 26.4562624]}}, {"type": "Feature", "properties": {"type": "photo", "name": "未命名\n        ", "date": "2026-09-08", "track": "2026-09-08 1146永州冷水滩区", "photo_urls": ["track_photos_new/2026-09-08_1146永州冷水滩区_80.jpg"], "photo_count": 1}, "geometry": {"type": "Point", "coordinates": [111.5916932, 26.4563715]}}, {"type": "Feature", "properties": {"type": "photo", "name": "\n        ", "date": "2026-09-08", "track": "2026-09-08 1146永州冷水滩区", "photo_urls": ["track_photos_new/2026-09-08_1146永州冷水滩区_81.jpg"], "photo_count": 1}, "geometry": {"type": "Point", "coordinates": [111.5909784, 26.4562148]}}, {"type": "Feature", "properties": {"type": "photo", "name": "\n        ", "date": "2026-09-08", "track": "2026-09-08 1146永州冷水滩区", "photo_urls": ["track_photos_new/2026-09-08_1146永州冷水滩区_82.jpg"], "photo_count": 1}, "geometry": {"type": "Point", "coordinates": [111.5909203, 26.4562743]}}, {"type": "Feature", "properties": {"type": "photo", "name": "\n        ", "date": "2026-09-08", "track": "2026-09-08 1146永州冷水滩区", "photo_urls": ["track_photos_new/2026-09-08_1146永州冷水滩区_83.jpg"], "photo_count": 1}, "geometry": {"type": "Point", "coordinates": [111.5911655, 26.4565926]}}, {"type": "Feature", "properties": {"type": "photo", "name": "\n        ", "date": "2026-09-08", "track": "2026-09-08 1146永州冷水滩区", "photo_urls": ["track_photos_new/2026-09-08_1146永州冷水滩区_84.jpg"], "photo_count": 1}, "geometry": {"type": "Point", "coordinates": [111.5923067, 26.4573123]}}, {"type": "Feature", "properties": {"type": "photo", "name": "玻璃厂\n        ", "date": "2026-09-08", "track": "2026-09-08 1146永州冷水滩区", "photo_urls": ["track_photos_new/2026-09-08_1146永州冷水滩区_85.jpg"], "photo_count": 1}, "geometry": {"type": "Point", "coordinates": [111.5931049, 26.4573925]}}, {"type": "Feature", "properties": {"type": "photo", "name": "\n        ", "date": "2026-09-08", "track": "2026-09-08 1146永州冷水滩区", "photo_urls": ["track_photos_new/2026-09-08_1146永州冷水滩区_86.jpg"], "photo_count": 1}, "geometry": {"type": "Point", "coordinates": [111.5931897, 26.4570033]}}, {"type": "Feature", "properties": {"type": "photo", "name": "玻璃厂宿舍\n        ", "date": "2026-09-08", "track": "2026-09-08 1146永州冷水滩区", "photo_urls": ["track_photos_new/2026-09-08_1146永州冷水滩区_87.jpg"], "photo_count": 1}, "geometry": {"type": "Point", "coordinates": [111.5931897, 26.4570033]}}, {"type": "Feature", "properties": {"type": "photo", "name": "\n        ", "date": "2026-09-08", "track": "2026-09-08 1146永州冷水滩区", "photo_urls": ["track_photos_new/2026-09-08_1146永州冷水滩区_88.jpg"], "photo_count": 1}, "geometry": {"type": "Point", "coordinates": [111.593248, 26.4569165]}}, {"type": "Feature", "properties": {"type": "photo", "name": "李子园小区\n        ", "date": "2026-09-08", "track": "2026-09-08 1146永州冷水滩区", "photo_urls": ["track_photos_new/2026-09-08_1146永州冷水滩区_89.jpg"], "photo_count": 1}, "geometry": {"type": "Point", "coordinates": [111.5940063, 26.4570578]}}, {"type": "Feature", "properties": {"type": "photo", "name": "\n        ", "date": "2026-09-08", "track": "2026-09-08 1146永州冷水滩区", "photo_urls": ["track_photos_new/2026-09-08_1146永州冷水滩区_90.jpg"], "photo_count": 1}, "geometry": {"type": "Point", "coordinates": [111.5940909, 26.4566531]}}, {"type": "Feature", "properties": {"type": "photo", "name": "\n        ", "date": "2026-09-08", "track": "2026-09-08 1146永州冷水滩区", "photo_urls": ["track_photos_new/2026-09-08_1146永州冷水滩区_91.jpg"], "photo_count": 1}, "geometry": {"type": "Point", "coordinates": [111.5943618, 26.4564547]}}, {"type": "Feature", "properties": {"type": "photo", "name": "\n        ", "date": "2026-09-08", "track": "2026-09-08 1146永州冷水滩区", "photo_urls": ["track_photos_new/2026-09-08_1146永州冷水滩区_92.jpg"], "photo_count": 1}, "geometry": {"type": "Point", "coordinates": [111.5943618, 26.4564547]}}, {"type": "Feature", "properties": {"type": "photo", "name": "\n        ", "date": "2026-09-08", "track": "2026-09-08 1146永州冷水滩区", "photo_urls": ["track_photos_new/2026-09-08_1146永州冷水滩区_93.jpg"], "photo_count": 1}, "geometry": {"type": "Point", "coordinates": [111.5943271, 26.4563788]}}, {"type": "Feature", "properties": {"type": "photo", "name": "\n        ", "date": "2026-09-08", "track": "2026-09-08 1146永州冷水滩区", "photo_urls": ["track_photos_new/2026-09-08_1146永州冷水滩区_94.jpg"], "photo_count": 1}, "geometry": {"type": "Point", "coordinates": [111.5942492, 26.4560936]}}, {"type": "Feature", "properties": {"type": "photo", "name": "\n        ", "date": "2026-09-08", "track": "2026-09-08 1146永州冷水滩区", "photo_urls": ["track_photos_new/2026-09-08_1146永州冷水滩区_95.jpg"], "photo_count": 1}, "geometry": {"type": "Point", "coordinates": [111.5942492, 26.4560936]}}, {"type": "Feature", "properties": {"type": "photo", "name": "\n        ", "date": "2026-09-08", "track": "2026-09-08 1146永州冷水滩区", "photo_urls": ["track_photos_new/2026-09-08_1146永州冷水滩区_96.jpg"], "photo_count": 1}, "geometry": {"type": "Point", "coordinates": [111.5940552, 26.4560137]}}, {"type": "Feature", "properties": {"type": "photo", "name": "\n        ", "date": "2026-09-08", "track": "2026-09-08 1146永州冷水滩区", "photo_urls": ["track_photos_new/2026-09-08_1146永州冷水滩区_97.jpg"], "photo_count": 1}, "geometry": {"type": "Point", "coordinates": [111.5939633, 26.4559612]}}, {"type": "Feature", "properties": {"type": "photo", "name": "6栋\n        ", "date": "2026-09-08", "track": "2026-09-08 1146永州冷水滩区", "photo_urls": ["track_photos_new/2026-09-08_1146永州冷水滩区_98.jpg"], "photo_count": 1}, "geometry": {"type": "Point", "coordinates": [111.5935929, 26.4557866]}}, {"type": "Feature", "properties": {"type": "photo", "name": "\n        ", "date": "2026-09-08", "track": "2026-09-08 1146永州冷水滩区", "photo_urls": ["track_photos_new/2026-09-08_1146永州冷水滩区_99.jpg"], "photo_count": 1}, "geometry": {"type": "Point", "coordinates": [111.5944638, 26.456323]}}, {"type": "Feature", "properties": {"type": "photo", "name": "\n        ", "date": "2026-09-08", "track": "2026-09-08 1146永州冷水滩区", "photo_urls": ["track_photos_new/2026-09-08_1146永州冷水滩区_100.jpg"], "photo_count": 1}, "geometry": {"type": "Point", "coordinates": [111.5944638, 26.456323]}}, {"type": "Feature", "properties": {"type": "photo", "name": "\n        ", "date": "2026-09-08", "track": "2026-09-08 1146永州冷水滩区", "photo_urls": ["track_photos_new/2026-09-08_1146永州冷水滩区_101.jpg"], "photo_count": 1}, "geometry": {"type": "Point", "coordinates": [111.5923459, 26.4560902]}}, {"type": "Feature", "properties": {"type": "photo", "name": "\n        ", "date": "2026-09-08", "track": "2026-09-08 1146永州冷水滩区", "photo_urls": ["track_photos_new/2026-09-08_1146永州冷水滩区_102.jpg"], "photo_count": 1}, "geometry": {"type": "Point", "coordinates": [111.5921378, 26.4558323]}}, {"type": "Feature", "properties": {"type": "photo", "name": "\n        ", "date": "2026-09-08", "track": "2026-09-08 1146永州冷水滩区", "photo_urls": ["track_photos_new/2026-09-08_1146永州冷水滩区_103.jpg"], "photo_count": 1}, "geometry": {"type": "Point", "coordinates": [111.5913735, 26.4552907]}}, {"type": "Feature", "properties": {"type": "photo", "name": "\n        ", "date": "2026-09-08", "track": "2026-09-08 1146永州冷水滩区", "photo_urls": ["track_photos_new/2026-09-08_1146永州冷水滩区_104.jpg"], "photo_count": 1}, "geometry": {"type": "Point", "coordinates": [111.5913734, 26.4552622]}}, {"type": "Feature", "properties": {"type": "photo", "name": "18栋\n        ", "date": "2026-09-08", "track": "2026-09-08 1146永州冷水滩区", "photo_urls": ["track_photos_new/2026-09-08_1146永州冷水滩区_105.jpg"], "photo_count": 1}, "geometry": {"type": "Point", "coordinates": [111.5911905, 26.4541737]}}, {"type": "Feature", "properties": {"type": "photo", "name": "\n        ", "date": "2026-09-08", "track": "2026-09-08 1146永州冷水滩区", "photo_urls": ["track_photos_new/2026-09-08_1146永州冷水滩区_106.jpg"], "photo_count": 1}, "geometry": {"type": "Point", "coordinates": [111.5910663, 26.4541222]}}, {"type": "Feature", "properties": {"type": "photo", "name": "\n        ", "date": "2026-09-08", "track": "2026-09-08 1146永州冷水滩区", "photo_urls": ["track_photos_new/2026-09-08_1146永州冷水滩区_107.jpg"], "photo_count": 1}, "geometry": {"type": "Point", "coordinates": [111.5910663, 26.4541222]}}, {"type": "Feature", "properties": {"type": "photo", "name": "\n        ", "date": "2026-09-08", "track": "2026-09-08 1146永州冷水滩区", "photo_urls": ["track_photos_new/2026-09-08_1146永州冷水滩区_108.jpg"], "photo_count": 1}, "geometry": {"type": "Point", "coordinates": [111.5911389, 26.4539597]}}, {"type": "Feature", "properties": {"type": "track", "name": "2026-09-08 1146永州冷水滩区 轨迹", "date": "2026-09-08", "distance_km": 4.49, "photo_count": 109}, "geometry": {"type": "LineString", "coordinates": [[111.5888274, 26.4566938], [111.5888674, 26.4567584], [111.5888825, 26.4568464], [111.588885, 26.4569505], [111.5888565, 26.4570539], [111.5889151, 26.4571103], [111.5890137, 26.457104], [111.5891324, 26.4570868], [111.589251, 26.4571061], [111.5893569, 26.4571314], [111.5894563, 26.457115], [111.5895565, 26.4571178], [111.5896753, 26.4571095], [111.589792, 26.457097], [111.58991, 26.4570837], [111.5900245, 26.4570962], [111.5901324, 26.4571355], [111.5902278, 26.4571046], [111.5902483, 26.4570228], [111.5902691, 26.4569267], [111.5903416, 26.4568391], [111.5904057, 26.4567522], [111.5904756, 26.4566725], [111.5904965, 26.4565726], [111.5905464, 26.4564785], [111.5906145, 26.4563845], [111.5906867, 26.456308], [111.590762, 26.4562441], [111.5908237, 26.4561734], [111.5908882, 26.456096], [111.5909614, 26.4560317], [111.5910201, 26.4559594], [111.5910656, 26.4558799], [111.5910084, 26.4558162], [111.5909056, 26.4557823], [111.5909666, 26.4558329], [111.591005, 26.4559166], [111.5911208, 26.4559208], [111.5912206, 26.4559537], [111.5913359, 26.4559721], [111.5914028, 26.4560494], [111.5913557, 26.4560169], [111.5912907, 26.4559416], [111.5912461, 26.4558462], [111.5911858, 26.4557448], [111.5912129, 26.4556433], [111.5912763, 26.4555528], [111.5913227, 26.4554643], [111.5913527, 26.4553685], [111.591412, 26.4552791], [111.5914534, 26.4551905], [111.5914763, 26.4550923], [111.591467, 26.4549899], [111.591461, 26.4548911], [111.591466, 26.4547951], [111.5914765, 26.4547027], [111.5914659, 26.454611], [111.5914261, 26.4545192], [111.5913941, 26.4544275], [111.5913677, 26.4543315], [111.5913163, 26.4542413], [111.5912435, 26.4541685], [111.5911339, 26.4541518], [111.591023, 26.4541823], [111.5909193, 26.4542288], [111.59082, 26.454287], [111.590725, 26.4543456], [111.5906435, 26.4544094], [111.5905725, 26.4544792], [111.5906612, 26.454397], [111.5906159, 26.4544771], [111.5906548, 26.4544047], [111.5907236, 26.4543331], [111.5908361, 26.4542831], [111.5909608, 26.4542536], [111.5910678, 26.4542184], [111.59114, 26.4541402], [111.5911908, 26.4540528], [111.5911888, 26.4539534], [111.5911235, 26.4538709], [111.5910458, 26.4537908], [111.5909646, 26.4537211], [111.5908861, 26.4536497], [111.590832, 26.453566], [111.5907814, 26.4534799], [111.5907387, 26.4533908], [111.5906709, 26.4533096], [111.5905978, 26.4532321], [111.5905307, 26.4531561], [111.590454, 26.4530824], [111.5903801, 26.453013], [111.5902897, 26.4529463], [111.5901763, 26.4529161], [111.5900689, 26.452938], [111.5899645, 26.4529348], [111.5898564, 26.4529737], [111.5897636, 26.4530442], [111.5897232, 26.4531496], [111.5896601, 26.4532484], [111.5896003, 26.4533379], [111.5895112, 26.4533786], [111.5894617, 26.4534589], [111.5893987, 26.4535502], [111.5893772, 26.4536495], [111.5893573, 26.4537529], [111.5893566, 26.4538478], [111.5893942, 26.453939], [111.5894018, 26.4540382], [111.5893787, 26.4541292], [111.5893453, 26.4542232], [111.58934, 26.4543326], [111.5893373, 26.4544332], [111.5893659, 26.4545266], [111.5893837, 26.4546247], [111.5893653, 26.4547174], [111.5893293, 26.4548086], [111.5892949, 26.4549059], [111.5893026, 26.4549973], [111.5892414, 26.4550568], [111.5891389, 26.4550492], [111.589011, 26.4550318], [111.5888918, 26.4550265], [111.5888093, 26.4550786], [111.5888093, 26.4550786], [111.5918923, 26.455189], [111.5918923, 26.455189], [111.5919836, 26.4552424], [111.5920797, 26.4553071], [111.5921619, 26.455367], [111.5922602, 26.4553845], [111.5923617, 26.4553786], [111.5924645, 26.4553518], [111.5925644, 26.4553139], [111.592675, 26.4553001], [111.5927909, 26.4553114], [111.5929051, 26.4553128], [111.5930277, 26.4553111], [111.593149, 26.4553101], [111.5931914, 26.4552313], [111.5932524, 26.4551515], [111.5932767, 26.4550423], [111.593281, 26.4550242], [111.5933738, 26.4549797], [111.5934135, 26.4548933], [111.5934717, 26.4548017], [111.5934243, 26.4548438], [111.5933573, 26.4549208], [111.5932593, 26.4548992], [111.5931724, 26.4548417], [111.593086, 26.4547696], [111.5930011, 26.4546883], [111.5929137, 26.4546125], [111.5928274, 26.4545538], [111.5927403, 26.4545761], [111.5927026, 26.4546616], [111.5926341, 26.4547384], [111.592583, 26.454701], [111.592516, 26.4546331], [111.5924341, 26.4545576], [111.592325, 26.4544967], [111.5922259, 26.454439], [111.5921987, 26.4544226], [111.5921376, 26.4543845], [111.5920595, 26.4543326], [111.5919608, 26.4542821], [111.5919195, 26.4542652], [111.5919555, 26.4543232], [111.5919888, 26.4544352], [111.5920783, 26.4545136], [111.59218, 26.4545824], [111.5922796, 26.4545695], [111.5923863, 26.4545497], [111.5924877, 26.4545085], [111.5925681, 26.4544402], [111.5926635, 26.4544091], [111.5927597, 26.45444], [111.59272, 26.4544017], [111.5926412, 26.4543391], [111.5926611, 26.4544042], [111.5927353, 26.4544677], [111.5928307, 26.4545034], [111.5927818, 26.4545844], [111.5927172, 26.4546616], [111.5926411, 26.4547307], [111.592584, 26.4548059], [111.5925898, 26.4549009], [111.5926667, 26.4549755], [111.592769, 26.4550304], [111.5928661, 26.4550936], [111.5929638, 26.4551555], [111.5930525, 26.455219], [111.5931596, 26.4552619], [111.5931755, 26.4553474], [111.5930933, 26.4553429], [111.5929689, 26.4553262], [111.5928269, 26.4553111], [111.5927024, 26.4553138], [111.5925811, 26.4553204], [111.5924711, 26.4553127], [111.5923595, 26.455305], [111.5922558, 26.4553186], [111.5921538, 26.4553282], [111.5920511, 26.4552876], [111.5919557, 26.4552343], [111.5918649, 26.4551786], [111.5917759, 26.4551177], [111.59167, 26.4551085], [111.5915714, 26.4551397], [111.5914782, 26.4551844], [111.591558, 26.4552791], [111.591589, 26.4553697], [111.5916331, 26.4554588], [111.5916692, 26.455555], [111.5917231, 26.4556411], [111.5918201, 26.4557011], [111.5919351, 26.4557418], [111.5920527, 26.4557651], [111.5919808, 26.4558182], [111.591922, 26.4558983], [111.5918285, 26.4559014], [111.5918805, 26.4559245], [111.5918569, 26.4559975], [111.5918196, 26.4560853], [111.5917728, 26.4561725], [111.5917067, 26.4562624], [111.5916932, 26.4563715], [111.5916937, 26.4563251], [111.5916462, 26.4562411], [111.5915616, 26.4561803], [111.5914798, 26.4561108], [111.5913948, 26.4560407], [111.5913054, 26.4559573], [111.5912077, 26.4559183], [111.5910965, 26.4559483], [111.5910066, 26.4560191], [111.590965, 26.456112], [111.5909784, 26.4562148], [111.5909203, 26.4562743], [111.5909744, 26.4563432], [111.5910438, 26.4564178], [111.591108, 26.4565025], [111.5911655, 26.4565926], [111.5912392, 26.4566567], [111.5913289, 26.4567311], [111.5914267, 26.4567998], [111.5915321, 26.45684], [111.5916296, 26.4568976], [111.5916966, 26.4569838], [111.5917705, 26.4570693], [111.591767, 26.4571636], [111.5917712, 26.4572556], [111.5918503, 26.4572771], [111.5919618, 26.4572983], [111.592084, 26.4573196], [111.5921956, 26.4573181], [111.5923067, 26.4573123], [111.5924106, 26.4573183], [111.5925344, 26.4573343], [111.5926597, 26.4573525], [111.5927819, 26.4573774], [111.5928925, 26.4574012], [111.5930072, 26.4574282], [111.5931049, 26.4573925], [111.5931405, 26.4572963], [111.5931608, 26.4571924], [111.5931517, 26.4570911], [111.5931897, 26.4570033], [111.593248, 26.4569165], [111.5933611, 26.4568705], [111.5934345, 26.4568092], [111.5935379, 26.4568328], [111.5936484, 26.4568523], [111.5937544, 26.4568827], [111.593858, 26.4569147], [111.5939439, 26.4569737], [111.5940063, 26.4570578], [111.5939867, 26.4570159], [111.5939433, 26.4569235], [111.5939501, 26.4568245], [111.5940142, 26.4567374], [111.5940909, 26.4566531], [111.5941873, 26.4565947], [111.594288, 26.4565306], [111.5943618, 26.4564547], [111.5943271, 26.4563788], [111.5943, 26.4562804], [111.5942956, 26.4561847], [111.5942492, 26.4560936], [111.5941587, 26.4560454], [111.5940552, 26.4560137], [111.5939633, 26.4559612], [111.5938734, 26.4559091], [111.5937778, 26.4558692], [111.5936874, 26.4558241], [111.5935929, 26.4557866], [111.5936509, 26.4558112], [111.5937536, 26.4558513], [111.5938709, 26.4558926], [111.59397, 26.4559555], [111.5940665, 26.4560127], [111.5941759, 26.4560678], [111.594261, 26.4561392], [111.5942856, 26.4562332], [111.5942836, 26.4563399], [111.5943222, 26.4564234], [111.5943956, 26.4564008], [111.5944638, 26.456323], [111.5944371, 26.4563515], [111.5943827, 26.4564279], [111.5943029, 26.4565206], [111.594248, 26.4566152], [111.5941511, 26.4566794], [111.5940452, 26.4567334], [111.5939672, 26.456799], [111.5938845, 26.4568695], [111.5938081, 26.456948], [111.5937029, 26.4569661], [111.5935985, 26.4569366], [111.593504, 26.4568648], [111.5934088, 26.4568151], [111.5933196, 26.456844], [111.593243, 26.4569152], [111.5932086, 26.4570097], [111.5931273, 26.4570407], [111.5930736, 26.4569783], [111.593004, 26.4569007], [111.5929501, 26.4568124], [111.592871, 26.4567452], [111.5927979, 26.4566724], [111.5927225, 26.4565842], [111.5926646, 26.456499], [111.5926082, 26.4564116], [111.592551, 26.4563268], [111.5924787, 26.456245], [111.5924128, 26.4561697], [111.5923459, 26.4560902], [111.5922832, 26.4560137], [111.5922126, 26.4559197], [111.5921378, 26.4558323], [111.5920356, 26.4557745], [111.5919302, 26.4557433], [111.5918241, 26.4557021], [111.5917158, 26.4556496], [111.59163, 26.4555908], [111.591597, 26.4555056], [111.5915744, 26.4554103], [111.5915584, 26.4553097], [111.5914682, 26.4553244], [111.5914682, 26.4553244], [111.5913695, 26.4553619], [111.5913695, 26.4553619], [111.5913734, 26.4552622], [111.5914125, 26.4551559], [111.5914294, 26.4550647], [111.5914238, 26.4551703], [111.591413, 26.4552609], [111.5913561, 26.4553521], [111.5913163, 26.4554391], [111.5913178, 26.4553848], [111.591344, 26.455279], [111.5913799, 26.4551587], [111.5914087, 26.4550376], [111.5914303, 26.4549265], [111.5914127, 26.4548205], [111.5913934, 26.4547152], [111.5913897, 26.454617], [111.5913679, 26.4545098], [111.5913305, 26.4544145], [111.5913072, 26.4543195], [111.59127, 26.4542263], [111.5911905, 26.4541737], [111.5910742, 26.4541753], [111.5909618, 26.4542035], [111.590865, 26.4542679], [111.5907933, 26.4543446], [111.5906967, 26.4543436], [111.5907892, 26.454298], [111.5908755, 26.454223], [111.5909842, 26.4541954], [111.5910663, 26.4541222], [111.5911491, 26.4540513], [111.5911389, 26.4539597], [111.5910865, 26.4538689], [111.5910411, 26.4537799], [111.5909809, 26.4536988], [111.5908996, 26.4536343], [111.5908298, 26.453556], [111.590767, 26.4534693], [111.5907083, 26.4533906], [111.5906405, 26.4533197], [111.5905775, 26.453357], [111.5904695, 26.4534141], [111.5904695, 26.4534141]]}}, {"type": "Feature", "properties": {"type": "photo", "name": "\n        ", "date": "2026-09-09", "track": "2026-09-09 0939永州冷水滩区", "photo_urls": ["track_photos_new/2026-09-09_0939永州冷水滩区_109.jpg"], "photo_count": 1}, "geometry": {"type": "Point", "coordinates": [111.5945395, 26.4536073]}}, {"type": "Feature", "properties": {"type": "photo", "name": "\n        ", "date": "2026-09-09", "track": "2026-09-09 0939永州冷水滩区", "photo_urls": ["track_photos_new/2026-09-09_0939永州冷水滩区_110.jpg"], "photo_count": 1}, "geometry": {"type": "Point", "coordinates": [111.5944296, 26.4535101]}}, {"type": "Feature", "properties": {"type": "photo", "name": "\n        ", "date": "2026-09-09", "track": "2026-09-09 0939永州冷水滩区", "photo_urls": ["track_photos_new/2026-09-09_0939永州冷水滩区_111.jpg"], "photo_count": 1}, "geometry": {"type": "Point", "coordinates": [111.5944296, 26.4535101]}}, {"type": "Feature", "properties": {"type": "photo", "name": "\n        ", "date": "2026-09-09", "track": "2026-09-09 0939永州冷水滩区", "photo_urls": ["track_photos_new/2026-09-09_0939永州冷水滩区_112.jpg"], "photo_count": 1}, "geometry": {"type": "Point", "coordinates": [111.5940844, 26.4534454]}}, {"type": "Feature", "properties": {"type": "photo", "name": "\n        ", "date": "2026-09-09", "track": "2026-09-09 0939永州冷水滩区", "photo_urls": ["track_photos_new/2026-09-09_0939永州冷水滩区_113.jpg"], "photo_count": 1}, "geometry": {"type": "Point", "coordinates": [111.5936384, 26.4533687]}}, {"type": "Feature", "properties": {"type": "photo", "name": "防空洞入口\n        ", "date": "2026-09-09", "track": "2026-09-09 0939永州冷水滩区", "photo_urls": ["track_photos_new/2026-09-09_0939永州冷水滩区_114.jpg"], "photo_count": 1}, "geometry": {"type": "Point", "coordinates": [111.5936384, 26.4533687]}}, {"type": "Feature", "properties": {"type": "photo", "name": "\n        ", "date": "2026-09-09", "track": "2026-09-09 0939永州冷水滩区", "photo_urls": ["track_photos_new/2026-09-09_0939永州冷水滩区_115.jpg"], "photo_count": 1}, "geometry": {"type": "Point", "coordinates": [111.5934893, 26.4535436]}}, {"type": "Feature", "properties": {"type": "photo", "name": "\n        ", "date": "2026-09-09", "track": "2026-09-09 0939永州冷水滩区", "photo_urls": ["track_photos_new/2026-09-09_0939永州冷水滩区_116.jpg"], "photo_count": 1}, "geometry": {"type": "Point", "coordinates": [111.5934893, 26.4535436]}}, {"type": "Feature", "properties": {"type": "photo", "name": "\n        ", "date": "2026-09-09", "track": "2026-09-09 0939永州冷水滩区", "photo_urls": ["track_photos_new/2026-09-09_0939永州冷水滩区_117.jpg"], "photo_count": 1}, "geometry": {"type": "Point", "coordinates": [111.5933855, 26.4535723]}}, {"type": "Feature", "properties": {"type": "photo", "name": "\n        ", "date": "2026-09-09", "track": "2026-09-09 0939永州冷水滩区", "photo_urls": ["track_photos_new/2026-09-09_0939永州冷水滩区_118.jpg"], "photo_count": 1}, "geometry": {"type": "Point", "coordinates": [111.5933639, 26.4540274]}}, {"type": "Feature", "properties": {"type": "photo", "name": "\n        ", "date": "2026-09-09", "track": "2026-09-09 0939永州冷水滩区", "photo_urls": ["track_photos_new/2026-09-09_0939永州冷水滩区_119.jpg"], "photo_count": 1}, "geometry": {"type": "Point", "coordinates": [111.5934683, 26.4540608]}}, {"type": "Feature", "properties": {"type": "photo", "name": "\n        ", "date": "2026-09-09", "track": "2026-09-09 0939永州冷水滩区", "photo_urls": ["track_photos_new/2026-09-09_0939永州冷水滩区_120.jpg"], "photo_count": 1}, "geometry": {"type": "Point", "coordinates": [111.5938212, 26.4543133]}}, {"type": "Feature", "properties": {"type": "photo", "name": "防空洞\n        ", "date": "2026-09-09", "track": "2026-09-09 0939永州冷水滩区", "photo_urls": ["track_photos_new/2026-09-09_0939永州冷水滩区_121.jpg"], "photo_count": 1}, "geometry": {"type": "Point", "coordinates": [111.5938212, 26.4543133]}}, {"type": "Feature", "properties": {"type": "photo", "name": "危房1\n        ", "date": "2026-09-09", "track": "2026-09-09 0939永州冷水滩区", "photo_urls": ["track_photos_new/2026-09-09_0939永州冷水滩区_122.jpg"], "photo_count": 1}, "geometry": {"type": "Point", "coordinates": [111.5944229, 26.4549588]}}, {"type": "Feature", "properties": {"type": "photo", "name": "\n        ", "date": "2026-09-09", "track": "2026-09-09 0939永州冷水滩区", "photo_urls": ["track_photos_new/2026-09-09_0939永州冷水滩区_123.jpg"], "photo_count": 1}, "geometry": {"type": "Point", "coordinates": [111.5944901, 26.4550431]}}, {"type": "Feature", "properties": {"type": "photo", "name": "危房2\n        ", "date": "2026-09-09", "track": "2026-09-09 0939永州冷水滩区", "photo_urls": ["track_photos_new/2026-09-09_0939永州冷水滩区_124.jpg"], "photo_count": 1}, "geometry": {"type": "Point", "coordinates": [111.5944901, 26.4550431]}}, {"type": "Feature", "properties": {"type": "photo", "name": "\n        ", "date": "2026-09-09", "track": "2026-09-09 0939永州冷水滩区", "photo_urls": ["track_photos_new/2026-09-09_0939永州冷水滩区_125.jpg"], "photo_count": 1}, "geometry": {"type": "Point", "coordinates": [111.5946672, 26.4551824]}}, {"type": "Feature", "properties": {"type": "photo", "name": "\n        ", "date": "2026-09-09", "track": "2026-09-09 0939永州冷水滩区", "photo_urls": ["track_photos_new/2026-09-09_0939永州冷水滩区_126.jpg"], "photo_count": 1}, "geometry": {"type": "Point", "coordinates": [111.5946672, 26.4551824]}}, {"type": "Feature", "properties": {"type": "photo", "name": "危房3\n        ", "date": "2026-09-09", "track": "2026-09-09 0939永州冷水滩区", "photo_urls": ["track_photos_new/2026-09-09_0939永州冷水滩区_127.jpg"], "photo_count": 1}, "geometry": {"type": "Point", "coordinates": [111.5946672, 26.4551824]}}, {"type": "Feature", "properties": {"type": "photo", "name": "危房4\n        ", "date": "2026-09-09", "track": "2026-09-09 0939永州冷水滩区", "photo_urls": ["track_photos_new/2026-09-09_0939永州冷水滩区_128.jpg"], "photo_count": 1}, "geometry": {"type": "Point", "coordinates": [111.5950973, 26.4555917]}}, {"type": "Feature", "properties": {"type": "photo", "name": "\n        ", "date": "2026-09-09", "track": "2026-09-09 0939永州冷水滩区", "photo_urls": ["track_photos_new/2026-09-09_0939永州冷水滩区_129.jpg"], "photo_count": 1}, "geometry": {"type": "Point", "coordinates": [111.5950973, 26.4555917]}}, {"type": "Feature", "properties": {"type": "photo", "name": "\n        ", "date": "2026-09-09", "track": "2026-09-09 0939永州冷水滩区", "photo_urls": ["track_photos_new/2026-09-09_0939永州冷水滩区_130.jpg"], "photo_count": 1}, "geometry": {"type": "Point", "coordinates": [111.595344, 26.4557745]}}, {"type": "Feature", "properties": {"type": "photo", "name": "\n        ", "date": "2026-09-09", "track": "2026-09-09 0939永州冷水滩区", "photo_urls": ["track_photos_new/2026-09-09_0939永州冷水滩区_131.jpg"], "photo_count": 1}, "geometry": {"type": "Point", "coordinates": [111.595344, 26.4557745]}}, {"type": "Feature", "properties": {"type": "photo", "name": "\n        ", "date": "2026-09-09", "track": "2026-09-09 0939永州冷水滩区", "photo_urls": ["track_photos_new/2026-09-09_0939永州冷水滩区_132.jpg"], "photo_count": 1}, "geometry": {"type": "Point", "coordinates": [111.5956567, 26.456017]}}, {"type": "Feature", "properties": {"type": "photo", "name": "\n        ", "date": "2026-09-09", "track": "2026-09-09 0939永州冷水滩区", "photo_urls": ["track_photos_new/2026-09-09_0939永州冷水滩区_133.jpg"], "photo_count": 1}, "geometry": {"type": "Point", "coordinates": [111.5957389, 26.4560713]}}, {"type": "Feature", "properties": {"type": "photo", "name": "\n        ", "date": "2026-09-09", "track": "2026-09-09 0939永州冷水滩区", "photo_urls": ["track_photos_new/2026-09-09_0939永州冷水滩区_134.jpg"], "photo_count": 1}, "geometry": {"type": "Point", "coordinates": [111.5960925, 26.455714]}}, {"type": "Feature", "properties": {"type": "photo", "name": "\n        ", "date": "2026-09-09", "track": "2026-09-09 0939永州冷水滩区", "photo_urls": ["track_photos_new/2026-09-09_0939永州冷水滩区_135.jpg"], "photo_count": 1}, "geometry": {"type": "Point", "coordinates": [111.5960925, 26.455714]}}, {"type": "Feature", "properties": {"type": "photo", "name": "\n        ", "date": "2026-09-09", "track": "2026-09-09 0939永州冷水滩区", "photo_urls": ["track_photos_new/2026-09-09_0939永州冷水滩区_136.jpg"], "photo_count": 1}, "geometry": {"type": "Point", "coordinates": [111.5961274, 26.4555583]}}, {"type": "Feature", "properties": {"type": "photo", "name": "\n        ", "date": "2026-09-09", "track": "2026-09-09 0939永州冷水滩区", "photo_urls": ["track_photos_new/2026-09-09_0939永州冷水滩区_137.jpg"], "photo_count": 1}, "geometry": {"type": "Point", "coordinates": [111.5958225, 26.4554235]}}, {"type": "Feature", "properties": {"type": "photo", "name": "\n        ", "date": "2026-09-09", "track": "2026-09-09 0939永州冷水滩区", "photo_urls": ["track_photos_new/2026-09-09_0939永州冷水滩区_138.jpg"], "photo_count": 1}, "geometry": {"type": "Point", "coordinates": [111.5958225, 26.4554235]}}, {"type": "Feature", "properties": {"type": "photo", "name": "\n        ", "date": "2026-09-09", "track": "2026-09-09 0939永州冷水滩区", "photo_urls": ["track_photos_new/2026-09-09_0939永州冷水滩区_139.jpg"], "photo_count": 1}, "geometry": {"type": "Point", "coordinates": [111.5958225, 26.4554235]}}, {"type": "Feature", "properties": {"type": "photo", "name": "\n        ", "date": "2026-09-09", "track": "2026-09-09 0939永州冷水滩区", "photo_urls": ["track_photos_new/2026-09-09_0939永州冷水滩区_140.jpg"], "photo_count": 1}, "geometry": {"type": "Point", "coordinates": [111.5956311, 26.4553755]}}, {"type": "Feature", "properties": {"type": "photo", "name": "\n        ", "date": "2026-09-09", "track": "2026-09-09 0939永州冷水滩区", "photo_urls": ["track_photos_new/2026-09-09_0939永州冷水滩区_141.jpg"], "photo_count": 1}, "geometry": {"type": "Point", "coordinates": [111.5956311, 26.4553755]}}, {"type": "Feature", "properties": {"type": "photo", "name": "新建加压站\n        ", "date": "2026-09-09", "track": "2026-09-09 0939永州冷水滩区", "photo_urls": ["track_photos_new/2026-09-09_0939永州冷水滩区_142.jpg"], "photo_count": 1}, "geometry": {"type": "Point", "coordinates": [111.5962392, 26.4550471]}}, {"type": "Feature", "properties": {"type": "photo", "name": "公厕新建\n        ", "date": "2026-09-09", "track": "2026-09-09 0939永州冷水滩区", "photo_urls": ["track_photos_new/2026-09-09_0939永州冷水滩区_143.jpg"], "photo_count": 1}, "geometry": {"type": "Point", "coordinates": [111.5962392, 26.4550471]}}, {"type": "Feature", "properties": {"type": "photo", "name": "\n        ", "date": "2026-09-09", "track": "2026-09-09 0939永州冷水滩区", "photo_urls": ["track_photos_new/2026-09-09_0939永州冷水滩区_144.jpg"], "photo_count": 1}, "geometry": {"type": "Point", "coordinates": [111.5962372, 26.4549558]}}, {"type": "Feature", "properties": {"type": "photo", "name": "\n        ", "date": "2026-09-09", "track": "2026-09-09 0939永州冷水滩区", "photo_urls": ["track_photos_new/2026-09-09_0939永州冷水滩区_145.jpg"], "photo_count": 1}, "geometry": {"type": "Point", "coordinates": [111.596205, 26.4548699]}}, {"type": "Feature", "properties": {"type": "photo", "name": "\n        ", "date": "2026-09-09", "track": "2026-09-09 0939永州冷水滩区", "photo_urls": ["track_photos_new/2026-09-09_0939永州冷水滩区_146.jpg"], "photo_count": 1}, "geometry": {"type": "Point", "coordinates": [111.596205, 26.4548699]}}, {"type": "Feature", "properties": {"type": "photo", "name": "\n        ", "date": "2026-09-09", "track": "2026-09-09 0939永州冷水滩区", "photo_urls": ["track_photos_new/2026-09-09_0939永州冷水滩区_147.jpg"], "photo_count": 1}, "geometry": {"type": "Point", "coordinates": [111.5956192, 26.4542812]}}, {"type": "Feature", "properties": {"type": "photo", "name": "\n        ", "date": "2026-09-09", "track": "2026-09-09 0939永州冷水滩区", "photo_urls": ["track_photos_new/2026-09-09_0939永州冷水滩区_148.jpg"], "photo_count": 1}, "geometry": {"type": "Point", "coordinates": [111.5954485, 26.4541669]}}, {"type": "Feature", "properties": {"type": "photo", "name": "\n        ", "date": "2026-09-09", "track": "2026-09-09 0939永州冷水滩区", "photo_urls": ["track_photos_new/2026-09-09_0939永州冷水滩区_149.jpg"], "photo_count": 1}, "geometry": {"type": "Point", "coordinates": [111.5950815, 26.4544984]}}, {"type": "Feature", "properties": {"type": "photo", "name": "\n        ", "date": "2026-09-09", "track": "2026-09-09 0939永州冷水滩区", "photo_urls": ["track_photos_new/2026-09-09_0939永州冷水滩区_150.jpg"], "photo_count": 1}, "geometry": {"type": "Point", "coordinates": [111.5950815, 26.4544984]}}, {"type": "Feature", "properties": {"type": "photo", "name": "\n        ", "date": "2026-09-09", "track": "2026-09-09 0939永州冷水滩区", "photo_urls": ["track_photos_new/2026-09-09_0939永州冷水滩区_151.jpg"], "photo_count": 1}, "geometry": {"type": "Point", "coordinates": [111.5947368, 26.4536706]}}, {"type": "Feature", "properties": {"type": "photo", "name": "\n        ", "date": "2026-09-09", "track": "2026-09-09 0939永州冷水滩区", "photo_urls": ["track_photos_new/2026-09-09_0939永州冷水滩区_152.jpg"], "photo_count": 1}, "geometry": {"type": "Point", "coordinates": [111.5947368, 26.4536706]}}, {"type": "Feature", "properties": {"type": "photo", "name": "\n        ", "date": "2026-09-09", "track": "2026-09-09 0939永州冷水滩区", "photo_urls": ["track_photos_new/2026-09-09_0939永州冷水滩区_153.jpg"], "photo_count": 1}, "geometry": {"type": "Point", "coordinates": [111.5944904, 26.4538474]}}, {"type": "Feature", "properties": {"type": "photo", "name": "\n        ", "date": "2026-09-09", "track": "2026-09-09 0939永州冷水滩区", "photo_urls": ["track_photos_new/2026-09-09_0939永州冷水滩区_154.jpg"], "photo_count": 1}, "geometry": {"type": "Point", "coordinates": [111.5944904, 26.4538474]}}, {"type": "Feature", "properties": {"type": "photo", "name": "\n        ", "date": "2026-09-09", "track": "2026-09-09 0939永州冷水滩区", "photo_urls": ["track_photos_new/2026-09-09_0939永州冷水滩区_155.jpg"], "photo_count": 1}, "geometry": {"type": "Point", "coordinates": [111.5954652, 26.453996]}}, {"type": "Feature", "properties": {"type": "photo", "name": "\n        ", "date": "2026-09-09", "track": "2026-09-09 0939永州冷水滩区", "photo_urls": ["track_photos_new/2026-09-09_0939永州冷水滩区_156.jpg"], "photo_count": 1}, "geometry": {"type": "Point", "coordinates": [111.5954678, 26.4539]}}, {"type": "Feature", "properties": {"type": "photo", "name": "幼儿园右侧垃圾收集点\n        ", "date": "2026-09-09", "track": "2026-09-09 0939永州冷水滩区", "photo_urls": ["track_photos_new/2026-09-09_0939永州冷水滩区_157.jpg"], "photo_count": 1}, "geometry": {"type": "Point", "coordinates": [111.5955, 26.4537006]}}, {"type": "Feature", "properties": {"type": "photo", "name": "\n        ", "date": "2026-09-09", "track": "2026-09-09 0939永州冷水滩区", "photo_urls": ["track_photos_new/2026-09-09_0939永州冷水滩区_158.jpg"], "photo_count": 1}, "geometry": {"type": "Point", "coordinates": [111.595856, 26.4534343]}}, {"type": "Feature", "properties": {"type": "photo", "name": "\n        ", "date": "2026-09-09", "track": "2026-09-09 0939永州冷水滩区", "photo_urls": ["track_photos_new/2026-09-09_0939永州冷水滩区_159.jpg"], "photo_count": 1}, "geometry": {"type": "Point", "coordinates": [111.595856, 26.4534343]}}, {"type": "Feature", "properties": {"type": "photo", "name": "\n        ", "date": "2026-09-09", "track": "2026-09-09 0939永州冷水滩区", "photo_urls": ["track_photos_new/2026-09-09_0939永州冷水滩区_160.jpg"], "photo_count": 1}, "geometry": {"type": "Point", "coordinates": [111.5963176, 26.4532716]}}, {"type": "Feature", "properties": {"type": "photo", "name": "\n        ", "date": "2026-09-09", "track": "2026-09-09 0939永州冷水滩区", "photo_urls": ["track_photos_new/2026-09-09_0939永州冷水滩区_161.jpg"], "photo_count": 1}, "geometry": {"type": "Point", "coordinates": [111.5961173, 26.4531874]}}, {"type": "Feature", "properties": {"type": "photo", "name": "\n        ", "date": "2026-09-09", "track": "2026-09-09 0939永州冷水滩区", "photo_urls": ["track_photos_new/2026-09-09_0939永州冷水滩区_162.jpg"], "photo_count": 1}, "geometry": {"type": "Point", "coordinates": [111.5954326, 26.4531745]}}, {"type": "Feature", "properties": {"type": "photo", "name": "\n        ", "date": "2026-09-09", "track": "2026-09-09 0939永州冷水滩区", "photo_urls": ["track_photos_new/2026-09-09_0939永州冷水滩区_163.jpg"], "photo_count": 1}, "geometry": {"type": "Point", "coordinates": [111.5953235, 26.4531437]}}, {"type": "Feature", "properties": {"type": "photo", "name": "\n        ", "date": "2026-09-09", "track": "2026-09-09 0939永州冷水滩区", "photo_urls": ["track_photos_new/2026-09-09_0939永州冷水滩区_164.jpg"], "photo_count": 1}, "geometry": {"type": "Point", "coordinates": [111.594513, 26.4531546]}}, {"type": "Feature", "properties": {"type": "photo", "name": "\n        ", "date": "2026-09-09", "track": "2026-09-09 0939永州冷水滩区", "photo_urls": ["track_photos_new/2026-09-09_0939永州冷水滩区_165.jpg"], "photo_count": 1}, "geometry": {"type": "Point", "coordinates": [111.594447, 26.4530854]}}, {"type": "Feature", "properties": {"type": "photo", "name": "\n        ", "date": "2026-09-09", "track": "2026-09-09 0939永州冷水滩区", "photo_urls": ["track_photos_new/2026-09-09_0939永州冷水滩区_166.jpg"], "photo_count": 1}, "geometry": {"type": "Point", "coordinates": [111.594447, 26.4530854]}}, {"type": "Feature", "properties": {"type": "photo", "name": "\n        ", "date": "2026-09-09", "track": "2026-09-09 0939永州冷水滩区", "photo_urls": ["track_photos_new/2026-09-09_0939永州冷水滩区_167.jpg"], "photo_count": 1}, "geometry": {"type": "Point", "coordinates": [111.5942433, 26.452861]}}, {"type": "Feature", "properties": {"type": "photo", "name": "\n        ", "date": "2026-09-09", "track": "2026-09-09 0939永州冷水滩区", "photo_urls": ["track_photos_new/2026-09-09_0939永州冷水滩区_168.jpg"], "photo_count": 1}, "geometry": {"type": "Point", "coordinates": [111.5942433, 26.452861]}}, {"type": "Feature", "properties": {"type": "photo", "name": "\n        ", "date": "2026-09-09", "track": "2026-09-09 0939永州冷水滩区", "photo_urls": ["track_photos_new/2026-09-09_0939永州冷水滩区_169.jpg"], "photo_count": 1}, "geometry": {"type": "Point", "coordinates": [111.5942433, 26.452861]}}, {"type": "Feature", "properties": {"type": "photo", "name": "\n        ", "date": "2026-09-09", "track": "2026-09-09 0939永州冷水滩区", "photo_urls": ["track_photos_new/2026-09-09_0939永州冷水滩区_170.jpg"], "photo_count": 1}, "geometry": {"type": "Point", "coordinates": [111.5942547, 26.4527775]}}, {"type": "Feature", "properties": {"type": "photo", "name": "屋顶开裂\n        ", "date": "2026-09-09", "track": "2026-09-09 0939永州冷水滩区", "photo_urls": ["track_photos_new/2026-09-09_0939永州冷水滩区_171.jpg"], "photo_count": 1}, "geometry": {"type": "Point", "coordinates": [111.5942428, 26.4520301]}}, {"type": "Feature", "properties": {"type": "photo", "name": "\n        ", "date": "2026-09-09", "track": "2026-09-09 0939永州冷水滩区", "photo_urls": ["track_photos_new/2026-09-09_0939永州冷水滩区_172.jpg"], "photo_count": 1}, "geometry": {"type": "Point", "coordinates": [111.5929169, 26.4519778]}}, {"type": "Feature", "properties": {"type": "photo", "name": "\n        ", "date": "2026-09-09", "track": "2026-09-09 0939永州冷水滩区", "photo_urls": ["track_photos_new/2026-09-09_0939永州冷水滩区_173.jpg"], "photo_count": 1}, "geometry": {"type": "Point", "coordinates": [111.5928813, 26.4520621]}}, {"type": "Feature", "properties": {"type": "photo", "name": "\n        ", "date": "2026-09-09", "track": "2026-09-09 0939永州冷水滩区", "photo_urls": ["track_photos_new/2026-09-09_0939永州冷水滩区_174.jpg"], "photo_count": 1}, "geometry": {"type": "Point", "coordinates": [111.5928813, 26.4520621]}}, {"type": "Feature", "properties": {"type": "photo", "name": "\n        ", "date": "2026-09-09", "track": "2026-09-09 0939永州冷水滩区", "photo_urls": ["track_photos_new/2026-09-09_0939永州冷水滩区_175.jpg"], "photo_count": 1}, "geometry": {"type": "Point", "coordinates": [111.5930058, 26.4525197]}}, {"type": "Feature", "properties": {"type": "photo", "name": "\n        ", "date": "2026-09-09", "track": "2026-09-09 0939永州冷水滩区", "photo_urls": ["track_photos_new/2026-09-09_0939永州冷水滩区_176.jpg"], "photo_count": 1}, "geometry": {"type": "Point", "coordinates": [111.5930058, 26.4525197]}}, {"type": "Feature", "properties": {"type": "photo", "name": "\n        ", "date": "2026-09-09", "track": "2026-09-09 0939永州冷水滩区", "photo_urls": ["track_photos_new/2026-09-09_0939永州冷水滩区_177.jpg"], "photo_count": 1}, "geometry": {"type": "Point", "coordinates": [111.5930059, 26.4526149]}}, {"type": "Feature", "properties": {"type": "photo", "name": "垃圾转运站\n        ", "date": "2026-09-09", "track": "2026-09-09 0939永州冷水滩区", "photo_urls": ["track_photos_new/2026-09-09_0939永州冷水滩区_178.jpg"], "photo_count": 1}, "geometry": {"type": "Point", "coordinates": [111.5930059, 26.4526149]}}, {"type": "Feature", "properties": {"type": "photo", "name": "\n        ", "date": "2026-09-09", "track": "2026-09-09 0939永州冷水滩区", "photo_urls": ["track_photos_new/2026-09-09_0939永州冷水滩区_179.jpg"], "photo_count": 1}, "geometry": {"type": "Point", "coordinates": [111.5935215, 26.4522281]}}, {"type": "Feature", "properties": {"type": "photo", "name": "\n        ", "date": "2026-09-09", "track": "2026-09-09 0939永州冷水滩区", "photo_urls": ["track_photos_new/2026-09-09_0939永州冷水滩区_180.jpg"], "photo_count": 1}, "geometry": {"type": "Point", "coordinates": [111.5933394, 26.4528807]}}, {"type": "Feature", "properties": {"type": "photo", "name": "\n        ", "date": "2026-09-09", "track": "2026-09-09 0939永州冷水滩区", "photo_urls": ["track_photos_new/2026-09-09_0939永州冷水滩区_181.jpg"], "photo_count": 1}, "geometry": {"type": "Point", "coordinates": [111.5933394, 26.4528807]}}, {"type": "Feature", "properties": {"type": "photo", "name": "\n        ", "date": "2026-09-09", "track": "2026-09-09 0939永州冷水滩区", "photo_urls": ["track_photos_new/2026-09-09_0939永州冷水滩区_182.jpg"], "photo_count": 1}, "geometry": {"type": "Point", "coordinates": [111.5929339, 26.4527506]}}, {"type": "Feature", "properties": {"type": "photo", "name": "\n        ", "date": "2026-09-09", "track": "2026-09-09 0939永州冷水滩区", "photo_urls": ["track_photos_new/2026-09-09_0939永州冷水滩区_183.jpg"], "photo_count": 1}, "geometry": {"type": "Point", "coordinates": [111.5927669, 26.4528914]}}, {"type": "Feature", "properties": {"type": "photo", "name": "\n        ", "date": "2026-09-09", "track": "2026-09-09 0939永州冷水滩区", "photo_urls": ["track_photos_new/2026-09-09_0939永州冷水滩区_184.jpg"], "photo_count": 1}, "geometry": {"type": "Point", "coordinates": [111.592569, 26.4531276]}}, {"type": "Feature", "properties": {"type": "photo", "name": "城发集团资产\n        ", "date": "2026-09-09", "track": "2026-09-09 0939永州冷水滩区", "photo_urls": ["track_photos_new/2026-09-09_0939永州冷水滩区_185.jpg"], "photo_count": 1}, "geometry": {"type": "Point", "coordinates": [111.592501, 26.4530894]}}, {"type": "Feature", "properties": {"type": "photo", "name": "\n        ", "date": "2026-09-09", "track": "2026-09-09 0939永州冷水滩区", "photo_urls": ["track_photos_new/2026-09-09_0939永州冷水滩区_186.jpg"], "photo_count": 1}, "geometry": {"type": "Point", "coordinates": [111.5921407, 26.4526897]}}, {"type": "Feature", "properties": {"type": "photo", "name": "\n        ", "date": "2026-09-09", "track": "2026-09-09 0939永州冷水滩区", "photo_urls": ["track_photos_new/2026-09-09_0939永州冷水滩区_187.jpg"], "photo_count": 1}, "geometry": {"type": "Point", "coordinates": [111.591612, 26.4523602]}}, {"type": "Feature", "properties": {"type": "photo", "name": "\n        ", "date": "2026-09-09", "track": "2026-09-09 0939永州冷水滩区", "photo_urls": ["track_photos_new/2026-09-09_0939永州冷水滩区_188.jpg"], "photo_count": 1}, "geometry": {"type": "Point", "coordinates": [111.591612, 26.4523602]}}, {"type": "Feature", "properties": {"type": "photo", "name": "\n        ", "date": "2026-09-09", "track": "2026-09-09 0939永州冷水滩区", "photo_urls": ["track_photos_new/2026-09-09_0939永州冷水滩区_189.jpg"], "photo_count": 1}, "geometry": {"type": "Point", "coordinates": [111.5914113, 26.452294]}}, {"type": "Feature", "properties": {"type": "photo", "name": "\n        ", "date": "2026-09-09", "track": "2026-09-09 0939永州冷水滩区", "photo_urls": ["track_photos_new/2026-09-09_0939永州冷水滩区_190.jpg"], "photo_count": 1}, "geometry": {"type": "Point", "coordinates": [111.5912386, 26.4522923]}}, {"type": "Feature", "properties": {"type": "photo", "name": "\n        ", "date": "2026-09-09", "track": "2026-09-09 0939永州冷水滩区", "photo_urls": ["track_photos_new/2026-09-09_0939永州冷水滩区_191.jpg"], "photo_count": 1}, "geometry": {"type": "Point", "coordinates": [111.5916936, 26.4522055]}}, {"type": "Feature", "properties": {"type": "photo", "name": "\n        ", "date": "2026-09-09", "track": "2026-09-09 0939永州冷水滩区", "photo_urls": ["track_photos_new/2026-09-09_0939永州冷水滩区_192.jpg"], "photo_count": 1}, "geometry": {"type": "Point", "coordinates": [111.5911993, 26.451561]}}, {"type": "Feature", "properties": {"type": "photo", "name": "\n        ", "date": "2026-09-09", "track": "2026-09-09 0939永州冷水滩区", "photo_urls": ["track_photos_new/2026-09-09_0939永州冷水滩区_193.jpg"], "photo_count": 1}, "geometry": {"type": "Point", "coordinates": [111.5911993, 26.451561]}}, {"type": "Feature", "properties": {"type": "photo", "name": "\n        ", "date": "2026-09-09", "track": "2026-09-09 0939永州冷水滩区", "photo_urls": ["track_photos_new/2026-09-09_0939永州冷水滩区_194.jpg"], "photo_count": 1}, "geometry": {"type": "Point", "coordinates": [111.5911993, 26.451561]}}, {"type": "Feature", "properties": {"type": "photo", "name": "\n        ", "date": "2026-09-09", "track": "2026-09-09 0939永州冷水滩区", "photo_urls": ["track_photos_new/2026-09-09_0939永州冷水滩区_195.jpg"], "photo_count": 1}, "geometry": {"type": "Point", "coordinates": [111.5911993, 26.451561]}}, {"type": "Feature", "properties": {"type": "photo", "name": "\n        ", "date": "2026-09-09", "track": "2026-09-09 0939永州冷水滩区", "photo_urls": ["track_photos_new/2026-09-09_0939永州冷水滩区_196.jpg"], "photo_count": 1}, "geometry": {"type": "Point", "coordinates": [111.5912262, 26.4512868]}}, {"type": "Feature", "properties": {"type": "track", "name": "2026-09-09 0939永州冷水滩区 轨迹", "date": "2026-09-09", "distance_km": 3.16, "photo_count": 88}, "geometry": {"type": "LineString", "coordinates": [[111.5945395, 26.4536073], [111.5944666, 26.4536553], [111.5945022, 26.453613], [111.5944219, 26.4537395], [111.5944486, 26.4538378], [111.5943032, 26.4538501], [111.5942595, 26.4537081], [111.5943682, 26.4536162], [111.5944999, 26.4536074], [111.5945073, 26.4535512], [111.5944296, 26.4535101], [111.5943107, 26.4535141], [111.5941956, 26.4534916], [111.5940844, 26.4534454], [111.5939889, 26.4533949], [111.5938809, 26.4533789], [111.5937681, 26.4533698], [111.5936384, 26.4533687], [111.5936716, 26.4534653], [111.5935983, 26.4535321], [111.5934893, 26.4535436], [111.5933855, 26.4535723], [111.5932687, 26.4535732], [111.5931774, 26.4536162], [111.5931192, 26.4536893], [111.5931504, 26.4537973], [111.5931893, 26.4538986], [111.5932765, 26.4539637], [111.5933639, 26.4540274], [111.5934683, 26.4540608], [111.593586, 26.454107], [111.5936755, 26.4541614], [111.593761, 26.4542282], [111.5938212, 26.4543133], [111.5937501, 26.4543996], [111.5937414, 26.4544958], [111.5938288, 26.4545529], [111.593918, 26.454613], [111.5940116, 26.4546504], [111.5941103, 26.454692], [111.594207, 26.4547353], [111.59429, 26.4547974], [111.5943561, 26.4548748], [111.5944229, 26.4549588], [111.5944901, 26.4550431], [111.5945789, 26.4551084], [111.5946672, 26.4551824], [111.5947453, 26.4552456], [111.5948193, 26.4553096], [111.5949039, 26.4553753], [111.594983, 26.4554463], [111.5950682, 26.4555077], [111.5950973, 26.4555917], [111.5951545, 26.4556658], [111.5952517, 26.455718], [111.595344, 26.4557745], [111.5954289, 26.45583], [111.595503, 26.4558924], [111.5955808, 26.4559543], [111.5956567, 26.456017], [111.5957389, 26.4560713], [111.5958318, 26.4560539], [111.5959074, 26.4559896], [111.5959779, 26.4559026], [111.5960292, 26.4558105], [111.5960925, 26.455714], [111.5961176, 26.4556002], [111.596013, 26.455521], [111.5959121, 26.4554791], [111.5958225, 26.4554235], [111.5957195, 26.4554148], [111.5956311, 26.4553755], [111.5956362, 26.4552931], [111.5956477, 26.4553782], [111.5957357, 26.4554269], [111.5958384, 26.4554489], [111.5959309, 26.4554885], [111.5960277, 26.4555383], [111.5961193, 26.4555188], [111.5961802, 26.4554476], [111.5962119, 26.4553458], [111.59624, 26.4552413], [111.5962282, 26.45514], [111.5962392, 26.4550471], [111.5962372, 26.4549558], [111.596205, 26.4548699], [111.5961378, 26.4547876], [111.5960619, 26.4547082], [111.5959905, 26.4546218], [111.5959203, 26.4545452], [111.5958489, 26.4544775], [111.5957779, 26.4544073], [111.5957052, 26.4543348], [111.5956192, 26.4542812], [111.5955325, 26.4542277], [111.5954485, 26.4541669], [111.595349, 26.4541697], [111.5952582, 26.4542408], [111.595201, 26.4543327], [111.5951292, 26.4544037], [111.5950815, 26.4544984], [111.5951372, 26.4544639], [111.5952123, 26.4543755], [111.5952935, 26.4542746], [111.5953741, 26.4541854], [111.5953612, 26.4540814], [111.5952945, 26.4539994], [111.595203, 26.453935], [111.5951162, 26.4538735], [111.5950184, 26.453832], [111.5949231, 26.4537845], [111.5948223, 26.4537293], [111.5947368, 26.4536706], [111.5946556, 26.4537057], [111.5945819, 26.4537801], [111.5944904, 26.4538474], [111.5945407, 26.4538128], [111.5946105, 26.4537341], [111.5947555, 26.4537127], [111.5948504, 26.4537652], [111.5949435, 26.4538167], [111.5950428, 26.4538686], [111.5951373, 26.4539232], [111.5952187, 26.4539836], [111.5953019, 26.4540439], [111.5954014, 26.4540601], [111.5954652, 26.453996], [111.5954678, 26.4539], [111.59551, 26.4538026], [111.5955, 26.4537006], [111.5955606, 26.4536311], [111.5956593, 26.4535637], [111.5957653, 26.4534999], [111.595856, 26.4534343], [111.5959529, 26.453402], [111.5960589, 26.4533993], [111.5961721, 26.4534102], [111.5962809, 26.4534194], [111.5962934, 26.4533568], [111.5963176, 26.4532716], [111.596238, 26.4532192], [111.5961173, 26.4531874], [111.5959877, 26.4531897], [111.5958721, 26.4531973], [111.5957495, 26.4532057], [111.5956395, 26.4532441], [111.5955303, 26.4532194], [111.5954326, 26.4531745], [111.5953235, 26.4531437], [111.5952568, 26.4532079], [111.5953177, 26.4532038], [111.5952699, 26.4532056], [111.5951833, 26.4531792], [111.5950642, 26.4531662], [111.5949508, 26.4531707], [111.5948299, 26.4531783], [111.5947166, 26.4531652], [111.5946116, 26.4531727], [111.594513, 26.4531546], [111.594447, 26.4530854], [111.5943884, 26.453001], [111.594308, 26.4529421], [111.5942433, 26.452861], [111.5942185, 26.452773], [111.5941707, 26.4526836], [111.5941429, 26.4525948], [111.5941921, 26.4525108], [111.5941333, 26.4524184], [111.5942145, 26.4523217], [111.5941847, 26.4522363], [111.5941756, 26.4521374], [111.5941605, 26.4520224], [111.5940959, 26.4519272], [111.5941659, 26.4519098], [111.5942686, 26.4519624], [111.5943947, 26.4519896], [111.5943449, 26.4519878], [111.5942428, 26.4520301], [111.5942804, 26.4520302], [111.594391, 26.4520536], [111.5945029, 26.4520837], [111.5946239, 26.4521104], [111.5945272, 26.4520678], [111.5944192, 26.4520356], [111.5943165, 26.452023], [111.5942046, 26.4519724], [111.594096, 26.4519391], [111.5939749, 26.451922], [111.5938622, 26.4519083], [111.5937565, 26.4518939], [111.5936571, 26.451873], [111.5935601, 26.4518941], [111.5934562, 26.4519221], [111.5933503, 26.451934], [111.593244, 26.4519264], [111.593123, 26.4519221], [111.5930111, 26.4519297], [111.5929169, 26.4519778], [111.5928813, 26.4520621], [111.5929415, 26.4521706], [111.5928789, 26.4522593], [111.5929239, 26.4523374], [111.5929793, 26.452419], [111.5930058, 26.4525197], [111.5930059, 26.4526149], [111.5930166, 26.4525663], [111.5930147, 26.4524644], [111.5930058, 26.4523519], [111.5930803, 26.4522757], [111.5931792, 26.4522281], [111.5932949, 26.4522001], [111.5934169, 26.4521974], [111.5935215, 26.4522281], [111.5934204, 26.4522151], [111.5933422, 26.4522955], [111.5932412, 26.4523002], [111.593136, 26.4522921], [111.5930345, 26.4523251], [111.59301, 26.4524117], [111.5930235, 26.4525101], [111.5930489, 26.4526159], [111.5930805, 26.4527287], [111.5931169, 26.4528248], [111.5932163, 26.452882], [111.5933394, 26.4528807], [111.5934506, 26.4528494], [111.5935708, 26.4528133], [111.5934718, 26.4527916], [111.5933754, 26.4528183], [111.5932673, 26.4528129], [111.5931572, 26.4528201], [111.5930502, 26.4527666], [111.5929339, 26.4527506], [111.5928502, 26.4528173], [111.5927669, 26.4528914], [111.5926858, 26.4529662], [111.5926506, 26.4530582], [111.592569, 26.4531276], [111.592501, 26.4530894], [111.5924079, 26.4529988], [111.5923853, 26.4528912], [111.5923273, 26.4528068], [111.5922385, 26.4527459], [111.5921407, 26.4526897], [111.5920319, 26.4526672], [111.5919421, 26.4526137], [111.5918571, 26.4525429], [111.5917763, 26.4524666], [111.5917027, 26.4523968], [111.591612, 26.4523602], [111.5915191, 26.4523157], [111.5914113, 26.452294], [111.5913231, 26.4522273], [111.5912386, 26.4522923], [111.5913176, 26.4522761], [111.5914326, 26.4522741], [111.59154, 26.4523116], [111.5916272, 26.4522762], [111.5916936, 26.4522055], [111.5916774, 26.4521028], [111.5916356, 26.4520055], [111.5915311, 26.4519677], [111.5914125, 26.4519921], [111.5912978, 26.4520281], [111.5913889, 26.452014], [111.5914854, 26.4519862], [111.5915866, 26.4519359], [111.5916604, 26.4518628], [111.5917117, 26.4517784], [111.5916729, 26.4516969], [111.5916052, 26.4516118], [111.5915001, 26.4515961], [111.591384, 26.4516126], [111.591267, 26.4516336], [111.5911585, 26.4516227], [111.5910528, 26.4515874], [111.5910946, 26.4516152], [111.5911967, 26.4516378], [111.5911993, 26.451561], [111.5913091, 26.4515647], [111.5913253, 26.4514741], [111.5912815, 26.4513784], [111.5912262, 26.4512868], [111.5911808, 26.4512006], [111.5911017, 26.4511238], [111.5910179, 26.4510557], [111.5909109, 26.450989], [111.5908137, 26.4510115], [111.5907631, 26.4511142], [111.5906775, 26.4511737], [111.5906775, 26.4511737]]}}, {"type": "Feature", "properties": {"type": "photo", "name": "\n        ", "date": "2026-09-09", "track": "2026-09-09 1504永州冷水滩区", "photo_urls": ["track_photos_new/2026-09-09_1504永州冷水滩区_197.jpg"], "photo_count": 1}, "geometry": {"type": "Point", "coordinates": [111.5960195, 26.451707]}}, {"type": "Feature", "properties": {"type": "photo", "name": "\n        ", "date": "2026-09-09", "track": "2026-09-09 1504永州冷水滩区", "photo_urls": ["track_photos_new/2026-09-09_1504永州冷水滩区_198.jpg"], "photo_count": 1}, "geometry": {"type": "Point", "coordinates": [111.5958992, 26.4517059]}}, {"type": "Feature", "properties": {"type": "photo", "name": "\n        ", "date": "2026-09-09", "track": "2026-09-09 1504永州冷水滩区", "photo_urls": ["track_photos_new/2026-09-09_1504永州冷水滩区_199.jpg"], "photo_count": 1}, "geometry": {"type": "Point", "coordinates": [111.5957853, 26.4516877]}}, {"type": "Feature", "properties": {"type": "photo", "name": "\n        ", "date": "2026-09-09", "track": "2026-09-09 1504永州冷水滩区", "photo_urls": ["track_photos_new/2026-09-09_1504永州冷水滩区_200.jpg"], "photo_count": 1}, "geometry": {"type": "Point", "coordinates": [111.5957853, 26.4516877]}}, {"type": "Feature", "properties": {"type": "photo", "name": "\n        ", "date": "2026-09-09", "track": "2026-09-09 1504永州冷水滩区", "photo_urls": ["track_photos_new/2026-09-09_1504永州冷水滩区_201.jpg"], "photo_count": 1}, "geometry": {"type": "Point", "coordinates": [111.5957853, 26.4516877]}}, {"type": "Feature", "properties": {"type": "photo", "name": "\n        ", "date": "2026-09-09", "track": "2026-09-09 1504永州冷水滩区", "photo_urls": ["track_photos_new/2026-09-09_1504永州冷水滩区_202.jpg"], "photo_count": 1}, "geometry": {"type": "Point", "coordinates": [111.5955538, 26.4515064]}}, {"type": "Feature", "properties": {"type": "photo", "name": "\n        ", "date": "2026-09-09", "track": "2026-09-09 1504永州冷水滩区", "photo_urls": ["track_photos_new/2026-09-09_1504永州冷水滩区_203.jpg"], "photo_count": 1}, "geometry": {"type": "Point", "coordinates": [111.5955826, 26.4514107]}}, {"type": "Feature", "properties": {"type": "photo", "name": "\n        ", "date": "2026-09-09", "track": "2026-09-09 1504永州冷水滩区", "photo_urls": ["track_photos_new/2026-09-09_1504永州冷水滩区_204.jpg"], "photo_count": 1}, "geometry": {"type": "Point", "coordinates": [111.5955826, 26.4514107]}}, {"type": "Feature", "properties": {"type": "photo", "name": "\n        ", "date": "2026-09-09", "track": "2026-09-09 1504永州冷水滩区", "photo_urls": ["track_photos_new/2026-09-09_1504永州冷水滩区_205.jpg"], "photo_count": 1}, "geometry": {"type": "Point", "coordinates": [111.5955826, 26.4514107]}}, {"type": "Feature", "properties": {"type": "photo", "name": "\n        ", "date": "2026-09-09", "track": "2026-09-09 1504永州冷水滩区", "photo_urls": ["track_photos_new/2026-09-09_1504永州冷水滩区_206.jpg"], "photo_count": 1}, "geometry": {"type": "Point", "coordinates": [111.5955758, 26.4513171]}}, {"type": "Feature", "properties": {"type": "photo", "name": "\n        ", "date": "2026-09-09", "track": "2026-09-09 1504永州冷水滩区", "photo_urls": ["track_photos_new/2026-09-09_1504永州冷水滩区_207.jpg"], "photo_count": 1}, "geometry": {"type": "Point", "coordinates": [111.5954991, 26.451302]}}, {"type": "Feature", "properties": {"type": "photo", "name": "\n        ", "date": "2026-09-09", "track": "2026-09-09 1504永州冷水滩区", "photo_urls": ["track_photos_new/2026-09-09_1504永州冷水滩区_208.jpg"], "photo_count": 1}, "geometry": {"type": "Point", "coordinates": [111.5959417, 26.4519173]}}, {"type": "Feature", "properties": {"type": "photo", "name": "\n        ", "date": "2026-09-09", "track": "2026-09-09 1504永州冷水滩区", "photo_urls": ["track_photos_new/2026-09-09_1504永州冷水滩区_209.jpg"], "photo_count": 1}, "geometry": {"type": "Point", "coordinates": [111.5959528, 26.4520208]}}, {"type": "Feature", "properties": {"type": "photo", "name": "\n        ", "date": "2026-09-09", "track": "2026-09-09 1504永州冷水滩区", "photo_urls": ["track_photos_new/2026-09-09_1504永州冷水滩区_210.jpg"], "photo_count": 1}, "geometry": {"type": "Point", "coordinates": [111.5960268, 26.4520612]}}, {"type": "Feature", "properties": {"type": "photo", "name": "\n        ", "date": "2026-09-09", "track": "2026-09-09 1504永州冷水滩区", "photo_urls": ["track_photos_new/2026-09-09_1504永州冷水滩区_211.jpg"], "photo_count": 1}, "geometry": {"type": "Point", "coordinates": [111.596196, 26.4519284]}}, {"type": "Feature", "properties": {"type": "photo", "name": "\n        ", "date": "2026-09-09", "track": "2026-09-09 1504永州冷水滩区", "photo_urls": ["track_photos_new/2026-09-09_1504永州冷水滩区_212.jpg"], "photo_count": 1}, "geometry": {"type": "Point", "coordinates": [111.5962876, 26.4518304]}}, {"type": "Feature", "properties": {"type": "photo", "name": "\n        ", "date": "2026-09-09", "track": "2026-09-09 1504永州冷水滩区", "photo_urls": ["track_photos_new/2026-09-09_1504永州冷水滩区_213.jpg"], "photo_count": 1}, "geometry": {"type": "Point", "coordinates": [111.5966263, 26.4510507]}}, {"type": "Feature", "properties": {"type": "photo", "name": "\n        ", "date": "2026-09-09", "track": "2026-09-09 1504永州冷水滩区", "photo_urls": ["track_photos_new/2026-09-09_1504永州冷水滩区_214.jpg"], "photo_count": 1}, "geometry": {"type": "Point", "coordinates": [111.5966263, 26.4510507]}}, {"type": "Feature", "properties": {"type": "photo", "name": "\n        ", "date": "2026-09-09", "track": "2026-09-09 1504永州冷水滩区", "photo_urls": ["track_photos_new/2026-09-09_1504永州冷水滩区_215.jpg"], "photo_count": 1}, "geometry": {"type": "Point", "coordinates": [111.5966263, 26.4510507]}}, {"type": "Feature", "properties": {"type": "photo", "name": "\n        ", "date": "2026-09-09", "track": "2026-09-09 1504永州冷水滩区", "photo_urls": ["track_photos_new/2026-09-09_1504永州冷水滩区_216.jpg"], "photo_count": 1}, "geometry": {"type": "Point", "coordinates": [111.5966263, 26.4510507]}}, {"type": "Feature", "properties": {"type": "photo", "name": "\n        ", "date": "2026-09-09", "track": "2026-09-09 1504永州冷水滩区", "photo_urls": ["track_photos_new/2026-09-09_1504永州冷水滩区_217.jpg"], "photo_count": 1}, "geometry": {"type": "Point", "coordinates": [111.5968693, 26.450921]}}, {"type": "Feature", "properties": {"type": "photo", "name": "\n        ", "date": "2026-09-09", "track": "2026-09-09 1504永州冷水滩区", "photo_urls": ["track_photos_new/2026-09-09_1504永州冷水滩区_218.jpg"], "photo_count": 1}, "geometry": {"type": "Point", "coordinates": [111.5969326, 26.4506195]}}, {"type": "Feature", "properties": {"type": "photo", "name": "\n        ", "date": "2026-09-09", "track": "2026-09-09 1504永州冷水滩区", "photo_urls": ["track_photos_new/2026-09-09_1504永州冷水滩区_219.jpg"], "photo_count": 1}, "geometry": {"type": "Point", "coordinates": [111.596959, 26.4505148]}}, {"type": "Feature", "properties": {"type": "photo", "name": "\n        ", "date": "2026-09-09", "track": "2026-09-09 1504永州冷水滩区", "photo_urls": ["track_photos_new/2026-09-09_1504永州冷水滩区_220.jpg"], "photo_count": 1}, "geometry": {"type": "Point", "coordinates": [111.596959, 26.4505148]}}, {"type": "Feature", "properties": {"type": "photo", "name": "\n        ", "date": "2026-09-09", "track": "2026-09-09 1504永州冷水滩区", "photo_urls": ["track_photos_new/2026-09-09_1504永州冷水滩区_221.jpg"], "photo_count": 1}, "geometry": {"type": "Point", "coordinates": [111.5970124, 26.4504286]}}, {"type": "Feature", "properties": {"type": "photo", "name": "\n        ", "date": "2026-09-09", "track": "2026-09-09 1504永州冷水滩区", "photo_urls": ["track_photos_new/2026-09-09_1504永州冷水滩区_222.jpg"], "photo_count": 1}, "geometry": {"type": "Point", "coordinates": [111.5970124, 26.4504286]}}, {"type": "Feature", "properties": {"type": "photo", "name": "\n        ", "date": "2026-09-09", "track": "2026-09-09 1504永州冷水滩区", "photo_urls": ["track_photos_new/2026-09-09_1504永州冷水滩区_223.jpg"], "photo_count": 1}, "geometry": {"type": "Point", "coordinates": [111.5970124, 26.4504286]}}, {"type": "Feature", "properties": {"type": "photo", "name": "\n        ", "date": "2026-09-09", "track": "2026-09-09 1504永州冷水滩区", "photo_urls": ["track_photos_new/2026-09-09_1504永州冷水滩区_224.jpg"], "photo_count": 1}, "geometry": {"type": "Point", "coordinates": [111.5969059, 26.4504319]}}, {"type": "Feature", "properties": {"type": "photo", "name": "\n        ", "date": "2026-09-09", "track": "2026-09-09 1504永州冷水滩区", "photo_urls": ["track_photos_new/2026-09-09_1504永州冷水滩区_225.jpg"], "photo_count": 1}, "geometry": {"type": "Point", "coordinates": [111.5964979, 26.4504475]}}, {"type": "Feature", "properties": {"type": "photo", "name": "\n        ", "date": "2026-09-09", "track": "2026-09-09 1504永州冷水滩区", "photo_urls": ["track_photos_new/2026-09-09_1504永州冷水滩区_226.jpg"], "photo_count": 1}, "geometry": {"type": "Point", "coordinates": [111.5964979, 26.4504475]}}, {"type": "Feature", "properties": {"type": "photo", "name": "\n        ", "date": "2026-09-09", "track": "2026-09-09 1504永州冷水滩区", "photo_urls": ["track_photos_new/2026-09-09_1504永州冷水滩区_227.jpg"], "photo_count": 1}, "geometry": {"type": "Point", "coordinates": [111.5964036, 26.4504415]}}, {"type": "Feature", "properties": {"type": "photo", "name": "\n        ", "date": "2026-09-09", "track": "2026-09-09 1504永州冷水滩区", "photo_urls": ["track_photos_new/2026-09-09_1504永州冷水滩区_228.jpg"], "photo_count": 1}, "geometry": {"type": "Point", "coordinates": [111.5960007, 26.4502884]}}, {"type": "Feature", "properties": {"type": "photo", "name": "\n        ", "date": "2026-09-09", "track": "2026-09-09 1504永州冷水滩区", "photo_urls": ["track_photos_new/2026-09-09_1504永州冷水滩区_229.jpg"], "photo_count": 1}, "geometry": {"type": "Point", "coordinates": [111.5960007, 26.4502884]}}, {"type": "Feature", "properties": {"type": "photo", "name": "\n        ", "date": "2026-09-09", "track": "2026-09-09 1504永州冷水滩区", "photo_urls": ["track_photos_new/2026-09-09_1504永州冷水滩区_230.jpg"], "photo_count": 1}, "geometry": {"type": "Point", "coordinates": [111.5960007, 26.4502884]}}, {"type": "Feature", "properties": {"type": "photo", "name": "\n        ", "date": "2026-09-09", "track": "2026-09-09 1504永州冷水滩区", "photo_urls": ["track_photos_new/2026-09-09_1504永州冷水滩区_231.jpg"], "photo_count": 1}, "geometry": {"type": "Point", "coordinates": [111.595725, 26.450819]}}, {"type": "Feature", "properties": {"type": "photo", "name": "\n        ", "date": "2026-09-09", "track": "2026-09-09 1504永州冷水滩区", "photo_urls": ["track_photos_new/2026-09-09_1504永州冷水滩区_232.jpg"], "photo_count": 1}, "geometry": {"type": "Point", "coordinates": [111.5956745, 26.4508914]}}, {"type": "Feature", "properties": {"type": "photo", "name": "\n        ", "date": "2026-09-09", "track": "2026-09-09 1504永州冷水滩区", "photo_urls": ["track_photos_new/2026-09-09_1504永州冷水滩区_233.jpg"], "photo_count": 1}, "geometry": {"type": "Point", "coordinates": [111.5956759, 26.4510611]}}, {"type": "Feature", "properties": {"type": "photo", "name": "\n        ", "date": "2026-09-09", "track": "2026-09-09 1504永州冷水滩区", "photo_urls": ["track_photos_new/2026-09-09_1504永州冷水滩区_234.jpg"], "photo_count": 1}, "geometry": {"type": "Point", "coordinates": [111.5956759, 26.4510611]}}, {"type": "Feature", "properties": {"type": "photo", "name": "\n        ", "date": "2026-09-09", "track": "2026-09-09 1504永州冷水滩区", "photo_urls": ["track_photos_new/2026-09-09_1504永州冷水滩区_235.jpg"], "photo_count": 1}, "geometry": {"type": "Point", "coordinates": [111.5956318, 26.4511501]}}, {"type": "Feature", "properties": {"type": "photo", "name": "\n        ", "date": "2026-09-09", "track": "2026-09-09 1504永州冷水滩区", "photo_urls": ["track_photos_new/2026-09-09_1504永州冷水滩区_236.jpg"], "photo_count": 1}, "geometry": {"type": "Point", "coordinates": [111.5955355, 26.4511732]}}, {"type": "Feature", "properties": {"type": "photo", "name": "\n        ", "date": "2026-09-09", "track": "2026-09-09 1504永州冷水滩区", "photo_urls": ["track_photos_new/2026-09-09_1504永州冷水滩区_237.jpg"], "photo_count": 1}, "geometry": {"type": "Point", "coordinates": [111.5955355, 26.4511732]}}, {"type": "Feature", "properties": {"type": "photo", "name": "\n        ", "date": "2026-09-09", "track": "2026-09-09 1504永州冷水滩区", "photo_urls": ["track_photos_new/2026-09-09_1504永州冷水滩区_238.jpg"], "photo_count": 1}, "geometry": {"type": "Point", "coordinates": [111.5956745, 26.4512171]}}, {"type": "Feature", "properties": {"type": "photo", "name": "\n        ", "date": "2026-09-09", "track": "2026-09-09 1504永州冷水滩区", "photo_urls": ["track_photos_new/2026-09-09_1504永州冷水滩区_239.jpg"], "photo_count": 1}, "geometry": {"type": "Point", "coordinates": [111.5956745, 26.4512171]}}, {"type": "Feature", "properties": {"type": "photo", "name": "\n        ", "date": "2026-09-09", "track": "2026-09-09 1504永州冷水滩区", "photo_urls": ["track_photos_new/2026-09-09_1504永州冷水滩区_240.jpg"], "photo_count": 1}, "geometry": {"type": "Point", "coordinates": [111.5956745, 26.4512171]}}, {"type": "Feature", "properties": {"type": "photo", "name": "危房1\n        ", "date": "2026-09-09", "track": "2026-09-09 1504永州冷水滩区", "photo_urls": ["track_photos_new/2026-09-09_1504永州冷水滩区_241.jpg"], "photo_count": 1}, "geometry": {"type": "Point", "coordinates": [111.5957903, 26.4512098]}}, {"type": "Feature", "properties": {"type": "photo", "name": "\n        ", "date": "2026-09-09", "track": "2026-09-09 1504永州冷水滩区", "photo_urls": ["track_photos_new/2026-09-09_1504永州冷水滩区_242.jpg"], "photo_count": 1}, "geometry": {"type": "Point", "coordinates": [111.5957903, 26.4512098]}}, {"type": "Feature", "properties": {"type": "photo", "name": "\n        ", "date": "2026-09-09", "track": "2026-09-09 1504永州冷水滩区", "photo_urls": ["track_photos_new/2026-09-09_1504永州冷水滩区_243.jpg"], "photo_count": 1}, "geometry": {"type": "Point", "coordinates": [111.5957252, 26.4512389]}}, {"type": "Feature", "properties": {"type": "photo", "name": "\n        ", "date": "2026-09-09", "track": "2026-09-09 1504永州冷水滩区", "photo_urls": ["track_photos_new/2026-09-09_1504永州冷水滩区_244.jpg"], "photo_count": 1}, "geometry": {"type": "Point", "coordinates": [111.5957415, 26.4506635]}}, {"type": "Feature", "properties": {"type": "photo", "name": "\n        ", "date": "2026-09-09", "track": "2026-09-09 1504永州冷水滩区", "photo_urls": ["track_photos_new/2026-09-09_1504永州冷水滩区_245.jpg"], "photo_count": 1}, "geometry": {"type": "Point", "coordinates": [111.5965921, 26.4504481]}}, {"type": "Feature", "properties": {"type": "photo", "name": "\n        ", "date": "2026-09-09", "track": "2026-09-09 1504永州冷水滩区", "photo_urls": ["track_photos_new/2026-09-09_1504永州冷水滩区_246.jpg"], "photo_count": 1}, "geometry": {"type": "Point", "coordinates": [111.5965921, 26.4504481]}}, {"type": "Feature", "properties": {"type": "photo", "name": "\n        ", "date": "2026-09-09", "track": "2026-09-09 1504永州冷水滩区", "photo_urls": ["track_photos_new/2026-09-09_1504永州冷水滩区_247.jpg"], "photo_count": 1}, "geometry": {"type": "Point", "coordinates": [111.5965921, 26.4504481]}}, {"type": "Feature", "properties": {"type": "photo", "name": "\n        ", "date": "2026-09-09", "track": "2026-09-09 1504永州冷水滩区", "photo_urls": ["track_photos_new/2026-09-09_1504永州冷水滩区_248.jpg"], "photo_count": 1}, "geometry": {"type": "Point", "coordinates": [111.5965921, 26.4504481]}}, {"type": "Feature", "properties": {"type": "photo", "name": "\n        ", "date": "2026-09-09", "track": "2026-09-09 1504永州冷水滩区", "photo_urls": ["track_photos_new/2026-09-09_1504永州冷水滩区_249.jpg"], "photo_count": 1}, "geometry": {"type": "Point", "coordinates": [111.5959369, 26.4501722]}}, {"type": "Feature", "properties": {"type": "photo", "name": "\n        ", "date": "2026-09-09", "track": "2026-09-09 1504永州冷水滩区", "photo_urls": ["track_photos_new/2026-09-09_1504永州冷水滩区_250.jpg"], "photo_count": 1}, "geometry": {"type": "Point", "coordinates": [111.5959369, 26.4501722]}}, {"type": "Feature", "properties": {"type": "photo", "name": "\n        ", "date": "2026-09-09", "track": "2026-09-09 1504永州冷水滩区", "photo_urls": ["track_photos_new/2026-09-09_1504永州冷水滩区_251.jpg"], "photo_count": 1}, "geometry": {"type": "Point", "coordinates": [111.596012, 26.4501316]}}, {"type": "Feature", "properties": {"type": "photo", "name": "\n        ", "date": "2026-09-09", "track": "2026-09-09 1504永州冷水滩区", "photo_urls": ["track_photos_new/2026-09-09_1504永州冷水滩区_252.jpg"], "photo_count": 1}, "geometry": {"type": "Point", "coordinates": [111.596012, 26.4501316]}}, {"type": "Feature", "properties": {"type": "photo", "name": "航运公司宿舍\n        ", "date": "2026-09-09", "track": "2026-09-09 1504永州冷水滩区", "photo_urls": ["track_photos_new/2026-09-09_1504永州冷水滩区_253.jpg"], "photo_count": 1}, "geometry": {"type": "Point", "coordinates": [111.5961445, 26.450085]}}, {"type": "Feature", "properties": {"type": "photo", "name": "航运公司宿舍\n        ", "date": "2026-09-09", "track": "2026-09-09 1504永州冷水滩区", "photo_urls": ["track_photos_new/2026-09-09_1504永州冷水滩区_254.jpg"], "photo_count": 1}, "geometry": {"type": "Point", "coordinates": [111.5960588, 26.4501374]}}, {"type": "Feature", "properties": {"type": "photo", "name": "\n        ", "date": "2026-09-09", "track": "2026-09-09 1504永州冷水滩区", "photo_urls": ["track_photos_new/2026-09-09_1504永州冷水滩区_255.jpg"], "photo_count": 1}, "geometry": {"type": "Point", "coordinates": [111.5963171, 26.4499709]}}, {"type": "Feature", "properties": {"type": "photo", "name": "\n        ", "date": "2026-09-09", "track": "2026-09-09 1504永州冷水滩区", "photo_urls": ["track_photos_new/2026-09-09_1504永州冷水滩区_256.jpg"], "photo_count": 1}, "geometry": {"type": "Point", "coordinates": [111.5964279, 26.4499562]}}, {"type": "Feature", "properties": {"type": "photo", "name": "\n        ", "date": "2026-09-09", "track": "2026-09-09 1504永州冷水滩区", "photo_urls": ["track_photos_new/2026-09-09_1504永州冷水滩区_257.jpg"], "photo_count": 1}, "geometry": {"type": "Point", "coordinates": [111.5964279, 26.4499562]}}, {"type": "Feature", "properties": {"type": "photo", "name": "\n        ", "date": "2026-09-09", "track": "2026-09-09 1504永州冷水滩区", "photo_urls": ["track_photos_new/2026-09-09_1504永州冷水滩区_258.jpg"], "photo_count": 1}, "geometry": {"type": "Point", "coordinates": [111.5964279, 26.4499562]}}, {"type": "Feature", "properties": {"type": "photo", "name": "\n        ", "date": "2026-09-09", "track": "2026-09-09 1504永州冷水滩区", "photo_urls": ["track_photos_new/2026-09-09_1504永州冷水滩区_259.jpg"], "photo_count": 1}, "geometry": {"type": "Point", "coordinates": [111.5966029, 26.4498357]}}, {"type": "Feature", "properties": {"type": "photo", "name": "\n        ", "date": "2026-09-09", "track": "2026-09-09 1504永州冷水滩区", "photo_urls": ["track_photos_new/2026-09-09_1504永州冷水滩区_260.jpg"], "photo_count": 1}, "geometry": {"type": "Point", "coordinates": [111.596788, 26.4501144]}}, {"type": "Feature", "properties": {"type": "photo", "name": "\n        ", "date": "2026-09-09", "track": "2026-09-09 1504永州冷水滩区", "photo_urls": ["track_photos_new/2026-09-09_1504永州冷水滩区_261.jpg"], "photo_count": 1}, "geometry": {"type": "Point", "coordinates": [111.596788, 26.4501144]}}, {"type": "Feature", "properties": {"type": "photo", "name": "\n        ", "date": "2026-09-09", "track": "2026-09-09 1504永州冷水滩区", "photo_urls": ["track_photos_new/2026-09-09_1504永州冷水滩区_262.jpg"], "photo_count": 1}, "geometry": {"type": "Point", "coordinates": [111.596788, 26.4501144]}}, {"type": "Feature", "properties": {"type": "photo", "name": "\n        ", "date": "2026-09-09", "track": "2026-09-09 1504永州冷水滩区", "photo_urls": ["track_photos_new/2026-09-09_1504永州冷水滩区_263.jpg"], "photo_count": 1}, "geometry": {"type": "Point", "coordinates": [111.5967202, 26.4498467]}}, {"type": "Feature", "properties": {"type": "photo", "name": "危房\n        ", "date": "2026-09-09", "track": "2026-09-09 1504永州冷水滩区", "photo_urls": ["track_photos_new/2026-09-09_1504永州冷水滩区_264.jpg"], "photo_count": 1}, "geometry": {"type": "Point", "coordinates": [111.5968111, 26.4498168]}}, {"type": "Feature", "properties": {"type": "photo", "name": "\n        ", "date": "2026-09-09", "track": "2026-09-09 1504永州冷水滩区", "photo_urls": ["track_photos_new/2026-09-09_1504永州冷水滩区_265.jpg"], "photo_count": 1}, "geometry": {"type": "Point", "coordinates": [111.5969105, 26.449853]}}, {"type": "Feature", "properties": {"type": "photo", "name": "农机公司宿舍\n        ", "date": "2026-09-09", "track": "2026-09-09 1504永州冷水滩区", "photo_urls": ["track_photos_new/2026-09-09_1504永州冷水滩区_266.jpg"], "photo_count": 1}, "geometry": {"type": "Point", "coordinates": [111.5967384, 26.4496584]}}, {"type": "Feature", "properties": {"type": "photo", "name": "\n        ", "date": "2026-09-09", "track": "2026-09-09 1504永州冷水滩区", "photo_urls": ["track_photos_new/2026-09-09_1504永州冷水滩区_267.jpg"], "photo_count": 1}, "geometry": {"type": "Point", "coordinates": [111.5967972, 26.4496697]}}, {"type": "Feature", "properties": {"type": "photo", "name": "\n        ", "date": "2026-09-09", "track": "2026-09-09 1504永州冷水滩区", "photo_urls": ["track_photos_new/2026-09-09_1504永州冷水滩区_268.jpg"], "photo_count": 1}, "geometry": {"type": "Point", "coordinates": [111.5967972, 26.4496697]}}, {"type": "Feature", "properties": {"type": "photo", "name": "\n        ", "date": "2026-09-09", "track": "2026-09-09 1504永州冷水滩区", "photo_urls": ["track_photos_new/2026-09-09_1504永州冷水滩区_269.jpg"], "photo_count": 1}, "geometry": {"type": "Point", "coordinates": [111.5967807, 26.4497321]}}, {"type": "Feature", "properties": {"type": "photo", "name": "\n        ", "date": "2026-09-09", "track": "2026-09-09 1504永州冷水滩区", "photo_urls": ["track_photos_new/2026-09-09_1504永州冷水滩区_270.jpg"], "photo_count": 1}, "geometry": {"type": "Point", "coordinates": [111.5966557, 26.4497291]}}, {"type": "Feature", "properties": {"type": "photo", "name": "\n        ", "date": "2026-09-09", "track": "2026-09-09 1504永州冷水滩区", "photo_urls": ["track_photos_new/2026-09-09_1504永州冷水滩区_271.jpg"], "photo_count": 1}, "geometry": {"type": "Point", "coordinates": [111.5961628, 26.4493391]}}, {"type": "Feature", "properties": {"type": "photo", "name": "工商所宿舍\n        ", "date": "2026-09-09", "track": "2026-09-09 1504永州冷水滩区", "photo_urls": ["track_photos_new/2026-09-09_1504永州冷水滩区_272.jpg"], "photo_count": 1}, "geometry": {"type": "Point", "coordinates": [111.5961628, 26.4493391]}}, {"type": "Feature", "properties": {"type": "photo", "name": "\n        ", "date": "2026-09-09", "track": "2026-09-09 1504永州冷水滩区", "photo_urls": ["track_photos_new/2026-09-09_1504永州冷水滩区_273.jpg"], "photo_count": 1}, "geometry": {"type": "Point", "coordinates": [111.5960794, 26.4492917]}}, {"type": "Feature", "properties": {"type": "photo", "name": "\n        ", "date": "2026-09-09", "track": "2026-09-09 1504永州冷水滩区", "photo_urls": ["track_photos_new/2026-09-09_1504永州冷水滩区_274.jpg"], "photo_count": 1}, "geometry": {"type": "Point", "coordinates": [111.595563, 26.4494103]}}, {"type": "Feature", "properties": {"type": "photo", "name": "\n        ", "date": "2026-09-09", "track": "2026-09-09 1504永州冷水滩区", "photo_urls": ["track_photos_new/2026-09-09_1504永州冷水滩区_275.jpg"], "photo_count": 1}, "geometry": {"type": "Point", "coordinates": [111.595563, 26.4494103]}}, {"type": "Feature", "properties": {"type": "photo", "name": "\n        ", "date": "2026-09-09", "track": "2026-09-09 1504永州冷水滩区", "photo_urls": ["track_photos_new/2026-09-09_1504永州冷水滩区_276.jpg"], "photo_count": 1}, "geometry": {"type": "Point", "coordinates": [111.5953393, 26.4494278]}}, {"type": "Feature", "properties": {"type": "photo", "name": "\n        ", "date": "2026-09-09", "track": "2026-09-09 1504永州冷水滩区", "photo_urls": ["track_photos_new/2026-09-09_1504永州冷水滩区_277.jpg"], "photo_count": 1}, "geometry": {"type": "Point", "coordinates": [111.5953393, 26.4494278]}}, {"type": "Feature", "properties": {"type": "photo", "name": "\n        ", "date": "2026-09-09", "track": "2026-09-09 1504永州冷水滩区", "photo_urls": ["track_photos_new/2026-09-09_1504永州冷水滩区_278.jpg"], "photo_count": 1}, "geometry": {"type": "Point", "coordinates": [111.5953393, 26.4494278]}}, {"type": "Feature", "properties": {"type": "photo", "name": "\n        ", "date": "2026-09-09", "track": "2026-09-09 1504永州冷水滩区", "photo_urls": ["track_photos_new/2026-09-09_1504永州冷水滩区_279.jpg"], "photo_count": 1}, "geometry": {"type": "Point", "coordinates": [111.5951636, 26.4494903]}}, {"type": "Feature", "properties": {"type": "photo", "name": "\n        ", "date": "2026-09-09", "track": "2026-09-09 1504永州冷水滩区", "photo_urls": ["track_photos_new/2026-09-09_1504永州冷水滩区_280.jpg"], "photo_count": 1}, "geometry": {"type": "Point", "coordinates": [111.5953792, 26.4496922]}}, {"type": "Feature", "properties": {"type": "photo", "name": "\n        ", "date": "2026-09-09", "track": "2026-09-09 1504永州冷水滩区", "photo_urls": ["track_photos_new/2026-09-09_1504永州冷水滩区_281.jpg"], "photo_count": 1}, "geometry": {"type": "Point", "coordinates": [111.5953792, 26.4496922]}}, {"type": "Feature", "properties": {"type": "photo", "name": "\n        ", "date": "2026-09-09", "track": "2026-09-09 1504永州冷水滩区", "photo_urls": ["track_photos_new/2026-09-09_1504永州冷水滩区_282.jpg"], "photo_count": 1}, "geometry": {"type": "Point", "coordinates": [111.5953782, 26.4496711]}}, {"type": "Feature", "properties": {"type": "photo", "name": "果品公司\n        ", "date": "2026-09-09", "track": "2026-09-09 1504永州冷水滩区", "photo_urls": ["track_photos_new/2026-09-09_1504永州冷水滩区_283.jpg"], "photo_count": 1}, "geometry": {"type": "Point", "coordinates": [111.5952815, 26.4495851]}}, {"type": "Feature", "properties": {"type": "photo", "name": "\n        ", "date": "2026-09-09", "track": "2026-09-09 1504永州冷水滩区", "photo_urls": ["track_photos_new/2026-09-09_1504永州冷水滩区_284.jpg"], "photo_count": 1}, "geometry": {"type": "Point", "coordinates": [111.5950484, 26.4498356]}}, {"type": "Feature", "properties": {"type": "photo", "name": "\n        ", "date": "2026-09-09", "track": "2026-09-09 1504永州冷水滩区", "photo_urls": ["track_photos_new/2026-09-09_1504永州冷水滩区_285.jpg"], "photo_count": 1}, "geometry": {"type": "Point", "coordinates": [111.5951223, 26.4499065]}}, {"type": "Feature", "properties": {"type": "photo", "name": "\n        ", "date": "2026-09-09", "track": "2026-09-09 1504永州冷水滩区", "photo_urls": ["track_photos_new/2026-09-09_1504永州冷水滩区_286.jpg"], "photo_count": 1}, "geometry": {"type": "Point", "coordinates": [111.5952241, 26.4499567]}}, {"type": "Feature", "properties": {"type": "photo", "name": "危房\n        ", "date": "2026-09-09", "track": "2026-09-09 1504永州冷水滩区", "photo_urls": ["track_photos_new/2026-09-09_1504永州冷水滩区_287.jpg"], "photo_count": 1}, "geometry": {"type": "Point", "coordinates": [111.5952241, 26.4499567]}}, {"type": "Feature", "properties": {"type": "photo", "name": "\n        ", "date": "2026-09-09", "track": "2026-09-09 1504永州冷水滩区", "photo_urls": ["track_photos_new/2026-09-09_1504永州冷水滩区_288.jpg"], "photo_count": 1}, "geometry": {"type": "Point", "coordinates": [111.5950912, 26.4495403]}}, {"type": "Feature", "properties": {"type": "photo", "name": "\n        ", "date": "2026-09-09", "track": "2026-09-09 1504永州冷水滩区", "photo_urls": ["track_photos_new/2026-09-09_1504永州冷水滩区_289.jpg"], "photo_count": 1}, "geometry": {"type": "Point", "coordinates": [111.5950912, 26.4495403]}}, {"type": "Feature", "properties": {"type": "photo", "name": "\n        ", "date": "2026-09-09", "track": "2026-09-09 1504永州冷水滩区", "photo_urls": ["track_photos_new/2026-09-09_1504永州冷水滩区_290.jpg"], "photo_count": 1}, "geometry": {"type": "Point", "coordinates": [111.5951429, 26.4494499]}}, {"type": "Feature", "properties": {"type": "photo", "name": "\n        ", "date": "2026-09-09", "track": "2026-09-09 1504永州冷水滩区", "photo_urls": ["track_photos_new/2026-09-09_1504永州冷水滩区_291.jpg"], "photo_count": 1}, "geometry": {"type": "Point", "coordinates": [111.595025, 26.448776]}}, {"type": "Feature", "properties": {"type": "photo", "name": "世纪星幼儿园\n        ", "date": "2026-09-09", "track": "2026-09-09 1504永州冷水滩区", "photo_urls": ["track_photos_new/2026-09-09_1504永州冷水滩区_292.jpg"], "photo_count": 1}, "geometry": {"type": "Point", "coordinates": [111.595025, 26.448776]}}, {"type": "Feature", "properties": {"type": "photo", "name": "\n        ", "date": "2026-09-09", "track": "2026-09-09 1504永州冷水滩区", "photo_urls": ["track_photos_new/2026-09-09_1504永州冷水滩区_293.jpg"], "photo_count": 1}, "geometry": {"type": "Point", "coordinates": [111.5949213, 26.4487988]}}, {"type": "Feature", "properties": {"type": "photo", "name": "\n        ", "date": "2026-09-09", "track": "2026-09-09 1504永州冷水滩区", "photo_urls": ["track_photos_new/2026-09-09_1504永州冷水滩区_294.jpg"], "photo_count": 1}, "geometry": {"type": "Point", "coordinates": [111.5950252, 26.4495949]}}, {"type": "Feature", "properties": {"type": "photo", "name": "\n        ", "date": "2026-09-09", "track": "2026-09-09 1504永州冷水滩区", "photo_urls": ["track_photos_new/2026-09-09_1504永州冷水滩区_295.jpg"], "photo_count": 1}, "geometry": {"type": "Point", "coordinates": [111.595002, 26.4496918]}}, {"type": "Feature", "properties": {"type": "photo", "name": "\n        ", "date": "2026-09-09", "track": "2026-09-09 1504永州冷水滩区", "photo_urls": ["track_photos_new/2026-09-09_1504永州冷水滩区_296.jpg"], "photo_count": 1}, "geometry": {"type": "Point", "coordinates": [111.5950108, 26.4497853]}}, {"type": "Feature", "properties": {"type": "photo", "name": "\n        ", "date": "2026-09-09", "track": "2026-09-09 1504永州冷水滩区", "photo_urls": ["track_photos_new/2026-09-09_1504永州冷水滩区_297.jpg"], "photo_count": 1}, "geometry": {"type": "Point", "coordinates": [111.5947396, 26.4500838]}}, {"type": "Feature", "properties": {"type": "photo", "name": "\n        ", "date": "2026-09-09", "track": "2026-09-09 1504永州冷水滩区", "photo_urls": ["track_photos_new/2026-09-09_1504永州冷水滩区_298.jpg"], "photo_count": 1}, "geometry": {"type": "Point", "coordinates": [111.5945504, 26.4501022]}}, {"type": "Feature", "properties": {"type": "photo", "name": "\n        ", "date": "2026-09-09", "track": "2026-09-09 1504永州冷水滩区", "photo_urls": ["track_photos_new/2026-09-09_1504永州冷水滩区_299.jpg"], "photo_count": 1}, "geometry": {"type": "Point", "coordinates": [111.5945504, 26.4501022]}}, {"type": "Feature", "properties": {"type": "photo", "name": "\n        ", "date": "2026-09-09", "track": "2026-09-09 1504永州冷水滩区", "photo_urls": ["track_photos_new/2026-09-09_1504永州冷水滩区_300.jpg"], "photo_count": 1}, "geometry": {"type": "Point", "coordinates": [111.5945504, 26.4501022]}}, {"type": "Feature", "properties": {"type": "photo", "name": "\n        ", "date": "2026-09-09", "track": "2026-09-09 1504永州冷水滩区", "photo_urls": ["track_photos_new/2026-09-09_1504永州冷水滩区_301.jpg"], "photo_count": 1}, "geometry": {"type": "Point", "coordinates": [111.5944403, 26.4500263]}}, {"type": "Feature", "properties": {"type": "photo", "name": "\n        ", "date": "2026-09-09", "track": "2026-09-09 1504永州冷水滩区", "photo_urls": ["track_photos_new/2026-09-09_1504永州冷水滩区_302.jpg"], "photo_count": 1}, "geometry": {"type": "Point", "coordinates": [111.5945586, 26.4504146]}}, {"type": "Feature", "properties": {"type": "photo", "name": "\n        ", "date": "2026-09-09", "track": "2026-09-09 1504永州冷水滩区", "photo_urls": ["track_photos_new/2026-09-09_1504永州冷水滩区_303.jpg"], "photo_count": 1}, "geometry": {"type": "Point", "coordinates": [111.5945586, 26.4504146]}}, {"type": "Feature", "properties": {"type": "photo", "name": "\n        ", "date": "2026-09-09", "track": "2026-09-09 1504永州冷水滩区", "photo_urls": ["track_photos_new/2026-09-09_1504永州冷水滩区_304.jpg"], "photo_count": 1}, "geometry": {"type": "Point", "coordinates": [111.5943393, 26.4503388]}}, {"type": "Feature", "properties": {"type": "photo", "name": "\n        ", "date": "2026-09-09", "track": "2026-09-09 1504永州冷水滩区", "photo_urls": ["track_photos_new/2026-09-09_1504永州冷水滩区_305.jpg"], "photo_count": 1}, "geometry": {"type": "Point", "coordinates": [111.5937765, 26.4504451]}}, {"type": "Feature", "properties": {"type": "photo", "name": "\n        ", "date": "2026-09-09", "track": "2026-09-09 1504永州冷水滩区", "photo_urls": ["track_photos_new/2026-09-09_1504永州冷水滩区_306.jpg"], "photo_count": 1}, "geometry": {"type": "Point", "coordinates": [111.5937765, 26.4504451]}}, {"type": "Feature", "properties": {"type": "photo", "name": "\n        ", "date": "2026-09-09", "track": "2026-09-09 1504永州冷水滩区", "photo_urls": ["track_photos_new/2026-09-09_1504永州冷水滩区_307.jpg"], "photo_count": 1}, "geometry": {"type": "Point", "coordinates": [111.5937765, 26.4504451]}}, {"type": "Feature", "properties": {"type": "photo", "name": "\n        ", "date": "2026-09-09", "track": "2026-09-09 1504永州冷水滩区", "photo_urls": ["track_photos_new/2026-09-09_1504永州冷水滩区_308.jpg"], "photo_count": 1}, "geometry": {"type": "Point", "coordinates": [111.5937765, 26.4504451]}}, {"type": "Feature", "properties": {"type": "photo", "name": "\n        ", "date": "2026-09-09", "track": "2026-09-09 1504永州冷水滩区", "photo_urls": ["track_photos_new/2026-09-09_1504永州冷水滩区_309.jpg"], "photo_count": 1}, "geometry": {"type": "Point", "coordinates": [111.5937765, 26.4504451]}}, {"type": "Feature", "properties": {"type": "photo", "name": "\n        ", "date": "2026-09-09", "track": "2026-09-09 1504永州冷水滩区", "photo_urls": ["track_photos_new/2026-09-09_1504永州冷水滩区_310.jpg"], "photo_count": 1}, "geometry": {"type": "Point", "coordinates": [111.5936666, 26.4506061]}}, {"type": "Feature", "properties": {"type": "photo", "name": "\n        ", "date": "2026-09-09", "track": "2026-09-09 1504永州冷水滩区", "photo_urls": ["track_photos_new/2026-09-09_1504永州冷水滩区_311.jpg"], "photo_count": 1}, "geometry": {"type": "Point", "coordinates": [111.5936032, 26.4507012]}}, {"type": "Feature", "properties": {"type": "photo", "name": "\n        ", "date": "2026-09-09", "track": "2026-09-09 1504永州冷水滩区", "photo_urls": ["track_photos_new/2026-09-09_1504永州冷水滩区_312.jpg"], "photo_count": 1}, "geometry": {"type": "Point", "coordinates": [111.5935644, 26.4511078]}}, {"type": "Feature", "properties": {"type": "photo", "name": "\n        ", "date": "2026-09-09", "track": "2026-09-09 1504永州冷水滩区", "photo_urls": ["track_photos_new/2026-09-09_1504永州冷水滩区_313.jpg"], "photo_count": 1}, "geometry": {"type": "Point", "coordinates": [111.5935644, 26.4511078]}}, {"type": "Feature", "properties": {"type": "photo", "name": "\n        ", "date": "2026-09-09", "track": "2026-09-09 1504永州冷水滩区", "photo_urls": ["track_photos_new/2026-09-09_1504永州冷水滩区_314.jpg"], "photo_count": 1}, "geometry": {"type": "Point", "coordinates": [111.5930887, 26.4511879]}}, {"type": "Feature", "properties": {"type": "photo", "name": "\n        ", "date": "2026-09-09", "track": "2026-09-09 1504永州冷水滩区", "photo_urls": ["track_photos_new/2026-09-09_1504永州冷水滩区_315.jpg"], "photo_count": 1}, "geometry": {"type": "Point", "coordinates": [111.5922034, 26.4508288]}}, {"type": "Feature", "properties": {"type": "photo", "name": "\n        ", "date": "2026-09-09", "track": "2026-09-09 1504永州冷水滩区", "photo_urls": ["track_photos_new/2026-09-09_1504永州冷水滩区_316.jpg"], "photo_count": 1}, "geometry": {"type": "Point", "coordinates": [111.5924247, 26.4501874]}}, {"type": "Feature", "properties": {"type": "photo", "name": "\n        ", "date": "2026-09-09", "track": "2026-09-09 1504永州冷水滩区", "photo_urls": ["track_photos_new/2026-09-09_1504永州冷水滩区_317.jpg"], "photo_count": 1}, "geometry": {"type": "Point", "coordinates": [111.5924618, 26.4500853]}}, {"type": "Feature", "properties": {"type": "photo", "name": "\n        ", "date": "2026-09-09", "track": "2026-09-09 1504永州冷水滩区", "photo_urls": ["track_photos_new/2026-09-09_1504永州冷水滩区_318.jpg"], "photo_count": 1}, "geometry": {"type": "Point", "coordinates": [111.5925468, 26.4500325]}}, {"type": "Feature", "properties": {"type": "photo", "name": "\n        ", "date": "2026-09-09", "track": "2026-09-09 1504永州冷水滩区", "photo_urls": ["track_photos_new/2026-09-09_1504永州冷水滩区_319.jpg"], "photo_count": 1}, "geometry": {"type": "Point", "coordinates": [111.59266, 26.4500503]}}, {"type": "Feature", "properties": {"type": "photo", "name": "\n        ", "date": "2026-09-09", "track": "2026-09-09 1504永州冷水滩区", "photo_urls": ["track_photos_new/2026-09-09_1504永州冷水滩区_320.jpg"], "photo_count": 1}, "geometry": {"type": "Point", "coordinates": [111.5925526, 26.4496928]}}, {"type": "Feature", "properties": {"type": "photo", "name": "\n        ", "date": "2026-09-09", "track": "2026-09-09 1504永州冷水滩区", "photo_urls": ["track_photos_new/2026-09-09_1504永州冷水滩区_321.jpg"], "photo_count": 1}, "geometry": {"type": "Point", "coordinates": [111.5926506, 26.4496274]}}, {"type": "Feature", "properties": {"type": "photo", "name": "\n        ", "date": "2026-09-09", "track": "2026-09-09 1504永州冷水滩区", "photo_urls": ["track_photos_new/2026-09-09_1504永州冷水滩区_322.jpg"], "photo_count": 1}, "geometry": {"type": "Point", "coordinates": [111.5927809, 26.4496588]}}, {"type": "Feature", "properties": {"type": "photo", "name": "\n        ", "date": "2026-09-09", "track": "2026-09-09 1504永州冷水滩区", "photo_urls": ["track_photos_new/2026-09-09_1504永州冷水滩区_323.jpg"], "photo_count": 1}, "geometry": {"type": "Point", "coordinates": [111.5927809, 26.4496588]}}, {"type": "Feature", "properties": {"type": "photo", "name": "\n        ", "date": "2026-09-09", "track": "2026-09-09 1504永州冷水滩区", "photo_urls": ["track_photos_new/2026-09-09_1504永州冷水滩区_324.jpg"], "photo_count": 1}, "geometry": {"type": "Point", "coordinates": [111.5928822, 26.4496761]}}, {"type": "Feature", "properties": {"type": "photo", "name": "市药材公司宿舍\n        ", "date": "2026-09-09", "track": "2026-09-09 1504永州冷水滩区", "photo_urls": ["track_photos_new/2026-09-09_1504永州冷水滩区_325.jpg"], "photo_count": 1}, "geometry": {"type": "Point", "coordinates": [111.5926429, 26.450055]}}, {"type": "Feature", "properties": {"type": "photo", "name": "\n        ", "date": "2026-09-09", "track": "2026-09-09 1504永州冷水滩区", "photo_urls": ["track_photos_new/2026-09-09_1504永州冷水滩区_326.jpg"], "photo_count": 1}, "geometry": {"type": "Point", "coordinates": [111.59299, 26.4500544]}}, {"type": "Feature", "properties": {"type": "photo", "name": "\n        ", "date": "2026-09-09", "track": "2026-09-09 1504永州冷水滩区", "photo_urls": ["track_photos_new/2026-09-09_1504永州冷水滩区_327.jpg"], "photo_count": 1}, "geometry": {"type": "Point", "coordinates": [111.5925663, 26.450319]}}, {"type": "Feature", "properties": {"type": "photo", "name": "\n        ", "date": "2026-09-09", "track": "2026-09-09 1504永州冷水滩区", "photo_urls": ["track_photos_new/2026-09-09_1504永州冷水滩区_328.jpg"], "photo_count": 1}, "geometry": {"type": "Point", "coordinates": [111.5930303, 26.4502978]}}, {"type": "Feature", "properties": {"type": "photo", "name": "\n        ", "date": "2026-09-09", "track": "2026-09-09 1504永州冷水滩区", "photo_urls": ["track_photos_new/2026-09-09_1504永州冷水滩区_329.jpg"], "photo_count": 1}, "geometry": {"type": "Point", "coordinates": [111.5930303, 26.4502978]}}, {"type": "Feature", "properties": {"type": "photo", "name": "\n        ", "date": "2026-09-09", "track": "2026-09-09 1504永州冷水滩区", "photo_urls": ["track_photos_new/2026-09-09_1504永州冷水滩区_330.jpg"], "photo_count": 1}, "geometry": {"type": "Point", "coordinates": [111.5930634, 26.4502023]}}, {"type": "Feature", "properties": {"type": "photo", "name": "林业招待所闲置\n        ", "date": "2026-09-09", "track": "2026-09-09 1504永州冷水滩区", "photo_urls": ["track_photos_new/2026-09-09_1504永州冷水滩区_331.jpg"], "photo_count": 1}, "geometry": {"type": "Point", "coordinates": [111.5930634, 26.4502023]}}, {"type": "Feature", "properties": {"type": "photo", "name": "药材公司已属于城投\n        ", "date": "2026-09-09", "track": "2026-09-09 1504永州冷水滩区", "photo_urls": ["track_photos_new/2026-09-09_1504永州冷水滩区_332.jpg"], "photo_count": 1}, "geometry": {"type": "Point", "coordinates": [111.5930564, 26.4503668]}}, {"type": "Feature", "properties": {"type": "photo", "name": "\n        ", "date": "2026-09-09", "track": "2026-09-09 1504永州冷水滩区", "photo_urls": ["track_photos_new/2026-09-09_1504永州冷水滩区_333.jpg"], "photo_count": 1}, "geometry": {"type": "Point", "coordinates": [111.5930564, 26.4503668]}}, {"type": "Feature", "properties": {"type": "photo", "name": "\n        ", "date": "2026-09-09", "track": "2026-09-09 1504永州冷水滩区", "photo_urls": ["track_photos_new/2026-09-09_1504永州冷水滩区_334.jpg"], "photo_count": 1}, "geometry": {"type": "Point", "coordinates": [111.5930564, 26.4503668]}}, {"type": "Feature", "properties": {"type": "photo", "name": "\n        ", "date": "2026-09-09", "track": "2026-09-09 1504永州冷水滩区", "photo_urls": ["track_photos_new/2026-09-09_1504永州冷水滩区_335.jpg"], "photo_count": 1}, "geometry": {"type": "Point", "coordinates": [111.5930564, 26.4503668]}}, {"type": "Feature", "properties": {"type": "photo", "name": "市林业招待所私人产权\n        ", "date": "2026-09-09", "track": "2026-09-09 1504永州冷水滩区", "photo_urls": ["track_photos_new/2026-09-09_1504永州冷水滩区_336.jpg"], "photo_count": 1}, "geometry": {"type": "Point", "coordinates": [111.593068, 26.4504706]}}, {"type": "Feature", "properties": {"type": "photo", "name": "\n        ", "date": "2026-09-09", "track": "2026-09-09 1504永州冷水滩区", "photo_urls": ["track_photos_new/2026-09-09_1504永州冷水滩区_337.jpg"], "photo_count": 1}, "geometry": {"type": "Point", "coordinates": [111.593068, 26.4504706]}}, {"type": "Feature", "properties": {"type": "photo", "name": "\n        ", "date": "2026-09-09", "track": "2026-09-09 1504永州冷水滩区", "photo_urls": ["track_photos_new/2026-09-09_1504永州冷水滩区_338.jpg"], "photo_count": 1}, "geometry": {"type": "Point", "coordinates": [111.5931904, 26.4504777]}}, {"type": "Feature", "properties": {"type": "photo", "name": "\n        ", "date": "2026-09-09", "track": "2026-09-09 1504永州冷水滩区", "photo_urls": ["track_photos_new/2026-09-09_1504永州冷水滩区_339.jpg"], "photo_count": 1}, "geometry": {"type": "Point", "coordinates": [111.5923211, 26.4507945]}}, {"type": "Feature", "properties": {"type": "photo", "name": "\n        ", "date": "2026-09-09", "track": "2026-09-09 1504永州冷水滩区", "photo_urls": ["track_photos_new/2026-09-09_1504永州冷水滩区_340.jpg"], "photo_count": 1}, "geometry": {"type": "Point", "coordinates": [111.5927497, 26.4508524]}}, {"type": "Feature", "properties": {"type": "photo", "name": "\n        ", "date": "2026-09-09", "track": "2026-09-09 1504永州冷水滩区", "photo_urls": ["track_photos_new/2026-09-09_1504永州冷水滩区_341.jpg"], "photo_count": 1}, "geometry": {"type": "Point", "coordinates": [111.5927262, 26.4508966]}}, {"type": "Feature", "properties": {"type": "photo", "name": "公厕\n        ", "date": "2026-09-09", "track": "2026-09-09 1504永州冷水滩区", "photo_urls": ["track_photos_new/2026-09-09_1504永州冷水滩区_342.jpg"], "photo_count": 1}, "geometry": {"type": "Point", "coordinates": [111.5927262, 26.4508966]}}, {"type": "Feature", "properties": {"type": "photo", "name": "\n        ", "date": "2026-09-09", "track": "2026-09-09 1504永州冷水滩区", "photo_urls": ["track_photos_new/2026-09-09_1504永州冷水滩区_343.jpg"], "photo_count": 1}, "geometry": {"type": "Point", "coordinates": [111.592442, 26.4510911]}}, {"type": "Feature", "properties": {"type": "photo", "name": "\n        ", "date": "2026-09-09", "track": "2026-09-09 1504永州冷水滩区", "photo_urls": ["track_photos_new/2026-09-09_1504永州冷水滩区_344.jpg"], "photo_count": 1}, "geometry": {"type": "Point", "coordinates": [111.592442, 26.4510911]}}, {"type": "Feature", "properties": {"type": "photo", "name": "\n        ", "date": "2026-09-09", "track": "2026-09-09 1504永州冷水滩区", "photo_urls": ["track_photos_new/2026-09-09_1504永州冷水滩区_345.jpg"], "photo_count": 1}, "geometry": {"type": "Point", "coordinates": [111.592442, 26.4510911]}}, {"type": "Feature", "properties": {"type": "photo", "name": "\n        ", "date": "2026-09-09", "track": "2026-09-09 1504永州冷水滩区", "photo_urls": ["track_photos_new/2026-09-09_1504永州冷水滩区_346.jpg"], "photo_count": 1}, "geometry": {"type": "Point", "coordinates": [111.5925498, 26.4510329]}}, {"type": "Feature", "properties": {"type": "photo", "name": "\n        ", "date": "2026-09-09", "track": "2026-09-09 1504永州冷水滩区", "photo_urls": ["track_photos_new/2026-09-09_1504永州冷水滩区_347.jpg"], "photo_count": 1}, "geometry": {"type": "Point", "coordinates": [111.5926342, 26.4510832]}}, {"type": "Feature", "properties": {"type": "photo", "name": "\n        ", "date": "2026-09-09", "track": "2026-09-09 1504永州冷水滩区", "photo_urls": ["track_photos_new/2026-09-09_1504永州冷水滩区_348.jpg"], "photo_count": 1}, "geometry": {"type": "Point", "coordinates": [111.5926342, 26.4510832]}}, {"type": "Feature", "properties": {"type": "photo", "name": "\n        ", "date": "2026-09-09", "track": "2026-09-09 1504永州冷水滩区", "photo_urls": ["track_photos_new/2026-09-09_1504永州冷水滩区_349.jpg"], "photo_count": 1}, "geometry": {"type": "Point", "coordinates": [111.5928883, 26.4510843]}}, {"type": "Feature", "properties": {"type": "photo", "name": "\n        ", "date": "2026-09-09", "track": "2026-09-09 1504永州冷水滩区", "photo_urls": ["track_photos_new/2026-09-09_1504永州冷水滩区_350.jpg"], "photo_count": 1}, "geometry": {"type": "Point", "coordinates": [111.5928557, 26.4511038]}}, {"type": "Feature", "properties": {"type": "photo", "name": "\n        ", "date": "2026-09-09", "track": "2026-09-09 1504永州冷水滩区", "photo_urls": ["track_photos_new/2026-09-09_1504永州冷水滩区_351.jpg"], "photo_count": 1}, "geometry": {"type": "Point", "coordinates": [111.5930895, 26.4511054]}}, {"type": "Feature", "properties": {"type": "photo", "name": "\n        ", "date": "2026-09-09", "track": "2026-09-09 1504永州冷水滩区", "photo_urls": ["track_photos_new/2026-09-09_1504永州冷水滩区_352.jpg"], "photo_count": 1}, "geometry": {"type": "Point", "coordinates": [111.5933141, 26.4511086]}}, {"type": "Feature", "properties": {"type": "photo", "name": "\n        ", "date": "2026-09-09", "track": "2026-09-09 1504永州冷水滩区", "photo_urls": ["track_photos_new/2026-09-09_1504永州冷水滩区_353.jpg"], "photo_count": 1}, "geometry": {"type": "Point", "coordinates": [111.5935447, 26.4511716]}}, {"type": "Feature", "properties": {"type": "photo", "name": "百货站宿舍\n        ", "date": "2026-09-09", "track": "2026-09-09 1504永州冷水滩区", "photo_urls": ["track_photos_new/2026-09-09_1504永州冷水滩区_354.jpg"], "photo_count": 1}, "geometry": {"type": "Point", "coordinates": [111.5936872, 26.4505373]}}, {"type": "Feature", "properties": {"type": "photo", "name": "原纺织品公司厂房，现在卖私人\n        ", "date": "2026-09-09", "track": "2026-09-09 1504永州冷水滩区", "photo_urls": ["track_photos_new/2026-09-09_1504永州冷水滩区_355.jpg"], "photo_count": 1}, "geometry": {"type": "Point", "coordinates": [111.5936872, 26.4505373]}}, {"type": "Feature", "properties": {"type": "photo", "name": "\n        ", "date": "2026-09-09", "track": "2026-09-09 1504永州冷水滩区", "photo_urls": ["track_photos_new/2026-09-09_1504永州冷水滩区_356.jpg"], "photo_count": 1}, "geometry": {"type": "Point", "coordinates": [111.5935294, 26.4512006]}}, {"type": "Feature", "properties": {"type": "photo", "name": "\n        ", "date": "2026-09-09", "track": "2026-09-09 1504永州冷水滩区", "photo_urls": ["track_photos_new/2026-09-09_1504永州冷水滩区_357.jpg"], "photo_count": 1}, "geometry": {"type": "Point", "coordinates": [111.5937634, 26.4513913]}}, {"type": "Feature", "properties": {"type": "photo", "name": "\n        ", "date": "2026-09-09", "track": "2026-09-09 1504永州冷水滩区", "photo_urls": ["track_photos_new/2026-09-09_1504永州冷水滩区_358.jpg"], "photo_count": 1}, "geometry": {"type": "Point", "coordinates": [111.593628, 26.4514145]}}, {"type": "Feature", "properties": {"type": "photo", "name": "\n        ", "date": "2026-09-09", "track": "2026-09-09 1504永州冷水滩区", "photo_urls": ["track_photos_new/2026-09-09_1504永州冷水滩区_359.jpg"], "photo_count": 1}, "geometry": {"type": "Point", "coordinates": [111.5935393, 26.4514454]}}, {"type": "Feature", "properties": {"type": "photo", "name": "\n        ", "date": "2026-09-09", "track": "2026-09-09 1504永州冷水滩区", "photo_urls": ["track_photos_new/2026-09-09_1504永州冷水滩区_360.jpg"], "photo_count": 1}, "geometry": {"type": "Point", "coordinates": [111.5937171, 26.4515631]}}, {"type": "Feature", "properties": {"type": "photo", "name": "\n        ", "date": "2026-09-09", "track": "2026-09-09 1504永州冷水滩区", "photo_urls": ["track_photos_new/2026-09-09_1504永州冷水滩区_361.jpg"], "photo_count": 1}, "geometry": {"type": "Point", "coordinates": [111.5934904, 26.4516296]}}, {"type": "Feature", "properties": {"type": "photo", "name": "\n        ", "date": "2026-09-09", "track": "2026-09-09 1504永州冷水滩区", "photo_urls": ["track_photos_new/2026-09-09_1504永州冷水滩区_362.jpg"], "photo_count": 1}, "geometry": {"type": "Point", "coordinates": [111.5928123, 26.451619]}}, {"type": "Feature", "properties": {"type": "photo", "name": "\n        ", "date": "2026-09-09", "track": "2026-09-09 1504永州冷水滩区", "photo_urls": ["track_photos_new/2026-09-09_1504永州冷水滩区_363.jpg"], "photo_count": 1}, "geometry": {"type": "Point", "coordinates": [111.5928123, 26.451619]}}, {"type": "Feature", "properties": {"type": "photo", "name": "\n        ", "date": "2026-09-09", "track": "2026-09-09 1504永州冷水滩区", "photo_urls": ["track_photos_new/2026-09-09_1504永州冷水滩区_364.jpg"], "photo_count": 1}, "geometry": {"type": "Point", "coordinates": [111.5927759, 26.4515511]}}, {"type": "Feature", "properties": {"type": "photo", "name": "\n        ", "date": "2026-09-09", "track": "2026-09-09 1504永州冷水滩区", "photo_urls": ["track_photos_new/2026-09-09_1504永州冷水滩区_365.jpg"], "photo_count": 1}, "geometry": {"type": "Point", "coordinates": [111.5927759, 26.4515511]}}, {"type": "Feature", "properties": {"type": "photo", "name": "\n        ", "date": "2026-09-09", "track": "2026-09-09 1504永州冷水滩区", "photo_urls": ["track_photos_new/2026-09-09_1504永州冷水滩区_366.jpg"], "photo_count": 1}, "geometry": {"type": "Point", "coordinates": [111.5937088, 26.4514561]}}, {"type": "Feature", "properties": {"type": "photo", "name": "\n        ", "date": "2026-09-09", "track": "2026-09-09 1504永州冷水滩区", "photo_urls": ["track_photos_new/2026-09-09_1504永州冷水滩区_367.jpg"], "photo_count": 1}, "geometry": {"type": "Point", "coordinates": [111.593868, 26.4513132]}}, {"type": "Feature", "properties": {"type": "photo", "name": "\n        ", "date": "2026-09-09", "track": "2026-09-09 1504永州冷水滩区", "photo_urls": ["track_photos_new/2026-09-09_1504永州冷水滩区_368.jpg"], "photo_count": 1}, "geometry": {"type": "Point", "coordinates": [111.594234, 26.4509034]}}, {"type": "Feature", "properties": {"type": "photo", "name": "\n        ", "date": "2026-09-09", "track": "2026-09-09 1504永州冷水滩区", "photo_urls": ["track_photos_new/2026-09-09_1504永州冷水滩区_369.jpg"], "photo_count": 1}, "geometry": {"type": "Point", "coordinates": [111.5954813, 26.4482245]}}, {"type": "Feature", "properties": {"type": "photo", "name": "\n        ", "date": "2026-09-09", "track": "2026-09-09 1504永州冷水滩区", "photo_urls": ["track_photos_new/2026-09-09_1504永州冷水滩区_370.jpg"], "photo_count": 1}, "geometry": {"type": "Point", "coordinates": [111.5954813, 26.4482245]}}, {"type": "Feature", "properties": {"type": "photo", "name": "\n        ", "date": "2026-09-09", "track": "2026-09-09 1504永州冷水滩区", "photo_urls": ["track_photos_new/2026-09-09_1504永州冷水滩区_371.jpg"], "photo_count": 1}, "geometry": {"type": "Point", "coordinates": [111.5954655, 26.4482174]}}, {"type": "Feature", "properties": {"type": "photo", "name": "\n        ", "date": "2026-09-09", "track": "2026-09-09 1504永州冷水滩区", "photo_urls": ["track_photos_new/2026-09-09_1504永州冷水滩区_372.jpg"], "photo_count": 1}, "geometry": {"type": "Point", "coordinates": [111.5954184, 26.4482672]}}, {"type": "Feature", "properties": {"type": "photo", "name": "\n        ", "date": "2026-09-09", "track": "2026-09-09 1504永州冷水滩区", "photo_urls": ["track_photos_new/2026-09-09_1504永州冷水滩区_373.jpg"], "photo_count": 1}, "geometry": {"type": "Point", "coordinates": [111.5952979, 26.4484584]}}, {"type": "Feature", "properties": {"type": "photo", "name": "\n        ", "date": "2026-09-09", "track": "2026-09-09 1504永州冷水滩区", "photo_urls": ["track_photos_new/2026-09-09_1504永州冷水滩区_374.jpg"], "photo_count": 1}, "geometry": {"type": "Point", "coordinates": [111.5952979, 26.4484584]}}, {"type": "Feature", "properties": {"type": "photo", "name": "\n        ", "date": "2026-09-09", "track": "2026-09-09 1504永州冷水滩区", "photo_urls": ["track_photos_new/2026-09-09_1504永州冷水滩区_375.jpg"], "photo_count": 1}, "geometry": {"type": "Point", "coordinates": [111.5949294, 26.4487288]}}, {"type": "Feature", "properties": {"type": "photo", "name": "湘江西路\n        ", "date": "2026-09-09", "track": "2026-09-09 1504永州冷水滩区", "photo_urls": ["track_photos_new/2026-09-09_1504永州冷水滩区_376.jpg"], "photo_count": 1}, "geometry": {"type": "Point", "coordinates": [111.5949294, 26.4487288]}}, {"type": "Feature", "properties": {"type": "photo", "name": "便民服务中心\n        ", "date": "2026-09-09", "track": "2026-09-09 1504永州冷水滩区", "photo_urls": ["track_photos_new/2026-09-09_1504永州冷水滩区_377.jpg"], "photo_count": 1}, "geometry": {"type": "Point", "coordinates": [111.5948959, 26.4487117]}}, {"type": "Feature", "properties": {"type": "photo", "name": "\n        ", "date": "2026-09-09", "track": "2026-09-09 1504永州冷水滩区", "photo_urls": ["track_photos_new/2026-09-09_1504永州冷水滩区_378.jpg"], "photo_count": 1}, "geometry": {"type": "Point", "coordinates": [111.5948469, 26.4486903]}}, {"type": "Feature", "properties": {"type": "photo", "name": "\n        ", "date": "2026-09-09", "track": "2026-09-09 1504永州冷水滩区", "photo_urls": ["track_photos_new/2026-09-09_1504永州冷水滩区_379.jpg"], "photo_count": 1}, "geometry": {"type": "Point", "coordinates": [111.5948469, 26.4486903]}}, {"type": "Feature", "properties": {"type": "photo", "name": "\n        ", "date": "2026-09-09", "track": "2026-09-09 1504永州冷水滩区", "photo_urls": ["track_photos_new/2026-09-09_1504永州冷水滩区_380.jpg"], "photo_count": 1}, "geometry": {"type": "Point", "coordinates": [111.5948469, 26.4486903]}}, {"type": "Feature", "properties": {"type": "photo", "name": "\n        ", "date": "2026-09-09", "track": "2026-09-09 1504永州冷水滩区", "photo_urls": ["track_photos_new/2026-09-09_1504永州冷水滩区_381.jpg"], "photo_count": 1}, "geometry": {"type": "Point", "coordinates": [111.5948469, 26.4486903]}}, {"type": "Feature", "properties": {"type": "photo", "name": "\n        ", "date": "2026-09-09", "track": "2026-09-09 1504永州冷水滩区", "photo_urls": ["track_photos_new/2026-09-09_1504永州冷水滩区_382.jpg"], "photo_count": 1}, "geometry": {"type": "Point", "coordinates": [111.5947954, 26.4485335]}}, {"type": "Feature", "properties": {"type": "photo", "name": "\n        ", "date": "2026-09-09", "track": "2026-09-09 1504永州冷水滩区", "photo_urls": ["track_photos_new/2026-09-09_1504永州冷水滩区_383.jpg"], "photo_count": 1}, "geometry": {"type": "Point", "coordinates": [111.594676, 26.4486868]}}, {"type": "Feature", "properties": {"type": "photo", "name": "\n        ", "date": "2026-09-09", "track": "2026-09-09 1504永州冷水滩区", "photo_urls": ["track_photos_new/2026-09-09_1504永州冷水滩区_384.jpg"], "photo_count": 1}, "geometry": {"type": "Point", "coordinates": [111.5945798, 26.4484544]}}, {"type": "Feature", "properties": {"type": "photo", "name": "\n        ", "date": "2026-09-09", "track": "2026-09-09 1504永州冷水滩区", "photo_urls": ["track_photos_new/2026-09-09_1504永州冷水滩区_385.jpg"], "photo_count": 1}, "geometry": {"type": "Point", "coordinates": [111.5946009, 26.4482351]}}, {"type": "Feature", "properties": {"type": "photo", "name": "\n        ", "date": "2026-09-09", "track": "2026-09-09 1504永州冷水滩区", "photo_urls": ["track_photos_new/2026-09-09_1504永州冷水滩区_386.jpg"], "photo_count": 1}, "geometry": {"type": "Point", "coordinates": [111.5945746, 26.4481472]}}, {"type": "Feature", "properties": {"type": "photo", "name": "\n        ", "date": "2026-09-09", "track": "2026-09-09 1504永州冷水滩区", "photo_urls": ["track_photos_new/2026-09-09_1504永州冷水滩区_387.jpg"], "photo_count": 1}, "geometry": {"type": "Point", "coordinates": [111.5944874, 26.4481071]}}, {"type": "Feature", "properties": {"type": "photo", "name": "\n        ", "date": "2026-09-09", "track": "2026-09-09 1504永州冷水滩区", "photo_urls": ["track_photos_new/2026-09-09_1504永州冷水滩区_388.jpg"], "photo_count": 1}, "geometry": {"type": "Point", "coordinates": [111.5942647, 26.4485166]}}, {"type": "Feature", "properties": {"type": "photo", "name": "\n        ", "date": "2026-09-09", "track": "2026-09-09 1504永州冷水滩区", "photo_urls": ["track_photos_new/2026-09-09_1504永州冷水滩区_389.jpg"], "photo_count": 1}, "geometry": {"type": "Point", "coordinates": [111.5938086, 26.4485454]}}, {"type": "Feature", "properties": {"type": "photo", "name": "\n        ", "date": "2026-09-09", "track": "2026-09-09 1504永州冷水滩区", "photo_urls": ["track_photos_new/2026-09-09_1504永州冷水滩区_390.jpg"], "photo_count": 1}, "geometry": {"type": "Point", "coordinates": [111.5937174, 26.4485001]}}, {"type": "Feature", "properties": {"type": "photo", "name": "\n        ", "date": "2026-09-09", "track": "2026-09-09 1504永州冷水滩区", "photo_urls": ["track_photos_new/2026-09-09_1504永州冷水滩区_391.jpg"], "photo_count": 1}, "geometry": {"type": "Point", "coordinates": [111.5937174, 26.4485001]}}, {"type": "Feature", "properties": {"type": "photo", "name": "\n        ", "date": "2026-09-09", "track": "2026-09-09 1504永州冷水滩区", "photo_urls": ["track_photos_new/2026-09-09_1504永州冷水滩区_392.jpg"], "photo_count": 1}, "geometry": {"type": "Point", "coordinates": [111.5937174, 26.4485001]}}, {"type": "Feature", "properties": {"type": "photo", "name": "\n        ", "date": "2026-09-09", "track": "2026-09-09 1504永州冷水滩区", "photo_urls": ["track_photos_new/2026-09-09_1504永州冷水滩区_393.jpg"], "photo_count": 1}, "geometry": {"type": "Point", "coordinates": [111.5937174, 26.4485001]}}, {"type": "Feature", "properties": {"type": "photo", "name": "\n        ", "date": "2026-09-09", "track": "2026-09-09 1504永州冷水滩区", "photo_urls": ["track_photos_new/2026-09-09_1504永州冷水滩区_394.jpg"], "photo_count": 1}, "geometry": {"type": "Point", "coordinates": [111.5936791, 26.4484088]}}, {"type": "Feature", "properties": {"type": "photo", "name": "\n        ", "date": "2026-09-09", "track": "2026-09-09 1504永州冷水滩区", "photo_urls": ["track_photos_new/2026-09-09_1504永州冷水滩区_395.jpg"], "photo_count": 1}, "geometry": {"type": "Point", "coordinates": [111.5931581, 26.4481634]}}, {"type": "Feature", "properties": {"type": "photo", "name": "\n        ", "date": "2026-09-09", "track": "2026-09-09 1504永州冷水滩区", "photo_urls": ["track_photos_new/2026-09-09_1504永州冷水滩区_396.jpg"], "photo_count": 1}, "geometry": {"type": "Point", "coordinates": [111.5931581, 26.4481634]}}, {"type": "Feature", "properties": {"type": "photo", "name": "\n        ", "date": "2026-09-09", "track": "2026-09-09 1504永州冷水滩区", "photo_urls": ["track_photos_new/2026-09-09_1504永州冷水滩区_397.jpg"], "photo_count": 1}, "geometry": {"type": "Point", "coordinates": [111.5931581, 26.4481634]}}, {"type": "Feature", "properties": {"type": "photo", "name": "\n        ", "date": "2026-09-09", "track": "2026-09-09 1504永州冷水滩区", "photo_urls": ["track_photos_new/2026-09-09_1504永州冷水滩区_398.jpg"], "photo_count": 1}, "geometry": {"type": "Point", "coordinates": [111.5930974, 26.4480843]}}, {"type": "Feature", "properties": {"type": "photo", "name": "\n        ", "date": "2026-09-09", "track": "2026-09-09 1504永州冷水滩区", "photo_urls": ["track_photos_new/2026-09-09_1504永州冷水滩区_399.jpg"], "photo_count": 1}, "geometry": {"type": "Point", "coordinates": [111.5925996, 26.4481795]}}, {"type": "Feature", "properties": {"type": "photo", "name": "\n        ", "date": "2026-09-09", "track": "2026-09-09 1504永州冷水滩区", "photo_urls": ["track_photos_new/2026-09-09_1504永州冷水滩区_400.jpg"], "photo_count": 1}, "geometry": {"type": "Point", "coordinates": [111.5925484, 26.4483489]}}, {"type": "Feature", "properties": {"type": "photo", "name": "\n        ", "date": "2026-09-09", "track": "2026-09-09 1504永州冷水滩区", "photo_urls": ["track_photos_new/2026-09-09_1504永州冷水滩区_401.jpg"], "photo_count": 1}, "geometry": {"type": "Point", "coordinates": [111.5925696, 26.4486732]}}, {"type": "Feature", "properties": {"type": "photo", "name": "\n        ", "date": "2026-09-09", "track": "2026-09-09 1504永州冷水滩区", "photo_urls": ["track_photos_new/2026-09-09_1504永州冷水滩区_402.jpg"], "photo_count": 1}, "geometry": {"type": "Point", "coordinates": [111.592666, 26.4492208]}}, {"type": "Feature", "properties": {"type": "photo", "name": "\n        ", "date": "2026-09-09", "track": "2026-09-09 1504永州冷水滩区", "photo_urls": ["track_photos_new/2026-09-09_1504永州冷水滩区_403.jpg"], "photo_count": 1}, "geometry": {"type": "Point", "coordinates": [111.5926604, 26.4495303]}}, {"type": "Feature", "properties": {"type": "photo", "name": "\n        ", "date": "2026-09-09", "track": "2026-09-09 1504永州冷水滩区", "photo_urls": ["track_photos_new/2026-09-09_1504永州冷水滩区_404.jpg"], "photo_count": 1}, "geometry": {"type": "Point", "coordinates": [111.5923778, 26.4505762]}}, {"type": "Feature", "properties": {"type": "track", "name": "2026-09-09 1504永州冷水滩区 轨迹", "date": "2026-09-09", "distance_km": 5.6, "photo_count": 208}, "geometry": {"type": "LineString", "coordinates": [[111.5961559, 26.4519395], [111.5960106, 26.4518092], [111.595995, 26.4517266], [111.5960621, 26.4516892], [111.5960501, 26.4516376], [111.59598, 26.4515856], [111.5960092, 26.4516495], [111.5960423, 26.4517658], [111.5961387, 26.4518516], [111.5961728, 26.4518115], [111.5961268, 26.451726], [111.5960195, 26.451707], [111.5958992, 26.4517059], [111.5957853, 26.4516877], [111.5956618, 26.4516589], [111.5955753, 26.4515978], [111.5955538, 26.4515064], [111.5955826, 26.4514107], [111.5955758, 26.4513171], [111.5954991, 26.451302], [111.5955537, 26.4513243], [111.5955984, 26.4514157], [111.5955803, 26.4515285], [111.5956328, 26.4516229], [111.5957318, 26.4516845], [111.5958452, 26.4517252], [111.5959259, 26.4518009], [111.5959417, 26.4519173], [111.5959528, 26.4520208], [111.5960268, 26.4520612], [111.5961042, 26.4520036], [111.596196, 26.4519284], [111.5962876, 26.4518304], [111.5963698, 26.4517537], [111.5964439, 26.45167], [111.5965271, 26.4515723], [111.5965924, 26.4514832], [111.5966373, 26.4513956], [111.5966912, 26.4513106], [111.5967353, 26.4512198], [111.596787, 26.4511401], [111.5968506, 26.4510597], [111.5967829, 26.451033], [111.5966263, 26.4510507], [111.5966627, 26.4510464], [111.5967901, 26.4510109], [111.5968693, 26.450921], [111.5968549, 26.4508299], [111.5968994, 26.4507279], [111.5969326, 26.4506195], [111.596959, 26.4505148], [111.5970124, 26.4504286], [111.5969059, 26.4504319], [111.5967942, 26.4504526], [111.5966829, 26.4504639], [111.5965818, 26.4504931], [111.5964979, 26.4504475], [111.5964036, 26.4504415], [111.5962864, 26.4504345], [111.5961832, 26.4504132], [111.5960903, 26.4503476], [111.5960007, 26.4502884], [111.5959043, 26.450267], [111.5958336, 26.4503243], [111.5957908, 26.4504161], [111.5957741, 26.4505241], [111.595759, 26.4506269], [111.5957253, 26.4507228], [111.595725, 26.450819], [111.5956745, 26.4508914], [111.5956917, 26.4509677], [111.5956759, 26.4510611], [111.5956318, 26.4511501], [111.5955355, 26.4511732], [111.5955788, 26.4511892], [111.5956745, 26.4512171], [111.5957903, 26.4512098], [111.5957252, 26.4512389], [111.5956221, 26.4512295], [111.5955804, 26.4511516], [111.5956324, 26.4510546], [111.5956503, 26.4509492], [111.5956523, 26.4508361], [111.5956919, 26.4507446], [111.5957415, 26.4506635], [111.5957723, 26.4505774], [111.5958301, 26.4505021], [111.5958848, 26.4504257], [111.5959377, 26.4503365], [111.5960481, 26.4503231], [111.5961363, 26.4503779], [111.5962333, 26.4504145], [111.5963531, 26.4504161], [111.5964744, 26.4504304], [111.5965921, 26.4504481], [111.5964917, 26.4504633], [111.5963858, 26.4504449], [111.5962793, 26.450422], [111.5961672, 26.4503809], [111.5960744, 26.4503305], [111.5959937, 26.4502657], [111.5959369, 26.4501722], [111.596012, 26.4501316], [111.5961137, 26.4500773], [111.5962151, 26.4500272], [111.5961445, 26.450085], [111.5960588, 26.4501374], [111.5961161, 26.4500963], [111.5962185, 26.4500412], [111.5963171, 26.4499709], [111.5963171, 26.4499709], [111.5964279, 26.4499562], [111.5964279, 26.4499562], [111.5965159, 26.449893], [111.5966029, 26.4498357], [111.5967006, 26.4498384], [111.5967596, 26.4499106], [111.596789, 26.4500072], [111.596788, 26.4501144], [111.5967603, 26.4500229], [111.5967003, 26.449938], [111.5967202, 26.4498467], [111.5968111, 26.4498168], [111.5969105, 26.449853], [111.5968505, 26.4499419], [111.5967894, 26.4498613], [111.5966968, 26.4498166], [111.5966945, 26.449739], [111.5967384, 26.4496584], [111.5968231, 26.4495787], [111.5967972, 26.4496697], [111.5969026, 26.4496776], [111.5967807, 26.4497321], [111.5966557, 26.4497291], [111.5965676, 26.4496602], [111.5965505, 26.4494995], [111.5963482, 26.4493753], [111.5962343, 26.4493954], [111.5961628, 26.4493391], [111.5960794, 26.4492917], [111.596001, 26.4493252], [111.5958894, 26.4493605], [111.5957831, 26.4493805], [111.5956753, 26.4493862], [111.595563, 26.4494103], [111.5954581, 26.4494311], [111.5953393, 26.4494278], [111.5952321, 26.4494293], [111.5951636, 26.4494903], [111.5951784, 26.4495752], [111.5952844, 26.4496251], [111.5953792, 26.4496922], [111.5953363, 26.4496898], [111.5952542, 26.4496213], [111.5952964, 26.4496163], [111.5953782, 26.4496711], [111.5953388, 26.4496237], [111.595369, 26.4496146], [111.5952815, 26.4495851], [111.5951798, 26.4495678], [111.5951361, 26.4496359], [111.5950773, 26.4497345], [111.5950484, 26.4498356], [111.5951223, 26.4499065], [111.5952241, 26.4499567], [111.5951527, 26.4498925], [111.5950633, 26.4498379], [111.5950451, 26.4497488], [111.5950635, 26.4496455], [111.5950912, 26.4495403], [111.5951429, 26.4494499], [111.5952054, 26.4493606], [111.5952331, 26.4492716], [111.5952945, 26.4491726], [111.5953389, 26.4490717], [111.5953812, 26.44898], [111.5954288, 26.4488898], [111.5953662, 26.4488419], [111.5952588, 26.4488165], [111.595133, 26.4488056], [111.595025, 26.448776], [111.5949213, 26.4487988], [111.594873, 26.4488807], [111.5948772, 26.4489968], [111.5948953, 26.4491164], [111.5949384, 26.4492131], [111.5949726, 26.449304], [111.5949842, 26.449398], [111.5949955, 26.4494942], [111.5950252, 26.4495949], [111.595002, 26.4496918], [111.5950108, 26.4497853], [111.5949497, 26.449849], [111.5948865, 26.4499265], [111.5947985, 26.4500011], [111.5947396, 26.4500838], [111.5946633, 26.4501509], [111.5945504, 26.4501022], [111.5944403, 26.4500263], [111.5945882, 26.450111], [111.5946914, 26.4501561], [111.594686, 26.4502422], [111.5946305, 26.4503264], [111.5945586, 26.4504146], [111.594455, 26.4503962], [111.5943393, 26.4503388], [111.5942154, 26.450319], [111.5942414, 26.4504114], [111.5941924, 26.4504914], [111.5941001, 26.450512], [111.594004, 26.450489], [111.5938945, 26.4504603], [111.5937765, 26.4504451], [111.5937153, 26.4505114], [111.5936666, 26.4506061], [111.5936032, 26.4507012], [111.5935598, 26.4508106], [111.5935422, 26.4509199], [111.593536, 26.4510194], [111.5935644, 26.4511078], [111.5935209, 26.4511769], [111.5934315, 26.4512126], [111.5933253, 26.4512173], [111.5932131, 26.4512124], [111.5930887, 26.4511879], [111.5929765, 26.4511769], [111.5928702, 26.451153], [111.5927457, 26.4511163], [111.5926381, 26.4510664], [111.5925238, 26.4510473], [111.592418, 26.4510101], [111.592322, 26.4509733], [111.5921894, 26.4509872], [111.592132, 26.4509912], [111.5921553, 26.4509293], [111.5922034, 26.4508288], [111.5922546, 26.4507103], [111.5922863, 26.4506011], [111.5923365, 26.4504931], [111.5923623, 26.4503906], [111.5923901, 26.450294], [111.5924247, 26.4501874], [111.5924618, 26.4500853], [111.5925468, 26.4500325], [111.59266, 26.4500503], [111.5926221, 26.4500393], [111.5925426, 26.4499922], [111.5925167, 26.4498949], [111.5925314, 26.4497964], [111.5925526, 26.4496928], [111.5926506, 26.4496274], [111.5927809, 26.4496588], [111.5928822, 26.4496761], [111.5927548, 26.4496673], [111.5926416, 26.4496864], [111.5925702, 26.449756], [111.5925288, 26.4498414], [111.5924933, 26.4499377], [111.5925357, 26.4500204], [111.5926429, 26.450055], [111.5927555, 26.4500363], [111.5928699, 26.4500498], [111.59299, 26.4500544], [111.5930963, 26.4500081], [111.5931981, 26.4499612], [111.593156, 26.449978], [111.5930484, 26.4500164], [111.5929423, 26.4500754], [111.5928179, 26.4501042], [111.5926906, 26.4500967], [111.5925868, 26.450051], [111.5925305, 26.4500973], [111.5925445, 26.450184], [111.5925075, 26.450265], [111.5925663, 26.450319], [111.5926749, 26.4503313], [111.5927976, 26.4503739], [111.5929013, 26.4503925], [111.5930243, 26.4503747], [111.5930303, 26.4502978], [111.5930634, 26.4502023], [111.5929815, 26.4502558], [111.5930564, 26.4503668], [111.593068, 26.4504706], [111.5931904, 26.4504777], [111.5930815, 26.4504567], [111.5929622, 26.4504299], [111.5928605, 26.4504147], [111.5927359, 26.4503933], [111.5926404, 26.4503471], [111.5925519, 26.4502846], [111.5924638, 26.4502338], [111.5923964, 26.4502877], [111.5923425, 26.4503865], [111.5922929, 26.4504977], [111.5922712, 26.4506131], [111.5922326, 26.4507271], [111.5923211, 26.4507945], [111.5923776, 26.4507156], [111.5924994, 26.4507433], [111.5925836, 26.4508037], [111.5926614, 26.4508777], [111.5927497, 26.4508524], [111.5927262, 26.4508966], [111.5926454, 26.450867], [111.5925203, 26.4508318], [111.5923759, 26.4507904], [111.5922484, 26.450801], [111.59219, 26.4508818], [111.5921695, 26.4509845], [111.5922201, 26.4510826], [111.5923275, 26.4510795], [111.592442, 26.4510911], [111.5925498, 26.4510329], [111.5926342, 26.4510832], [111.5927593, 26.4510869], [111.5928883, 26.4510843], [111.592817, 26.4511498], [111.5927166, 26.4511538], [111.592753, 26.4511143], [111.5928557, 26.4511038], [111.5929728, 26.4510964], [111.5930895, 26.4511054], [111.5932036, 26.451111], [111.5933141, 26.4511086], [111.5933488, 26.4511756], [111.5934317, 26.4512136], [111.5935447, 26.4511716], [111.5936097, 26.4510934], [111.5936027, 26.4509966], [111.5935875, 26.4508963], [111.5935835, 26.4508296], [111.5935755, 26.4507471], [111.5936071, 26.4506632], [111.5936872, 26.4505373], [111.5936255, 26.450638], [111.5935867, 26.4507515], [111.5935585, 26.4508489], [111.5935377, 26.4509443], [111.5935181, 26.4510357], [111.5935217, 26.4511644], [111.5935294, 26.4512006], [111.593582, 26.4511329], [111.5936676, 26.4511542], [111.5937635, 26.4511972], [111.5938644, 26.451256], [111.5938608, 26.4513493], [111.5937634, 26.4513913], [111.593628, 26.4514145], [111.5935621, 26.4515017], [111.5934859, 26.4514852], [111.5935393, 26.4514454], [111.5936323, 26.4513696], [111.5937375, 26.451383], [111.5937683, 26.4514675], [111.5937171, 26.4515631], [111.5936177, 26.4516219], [111.5934904, 26.4516296], [111.5933797, 26.4515848], [111.5932633, 26.4516036], [111.593149, 26.4516152], [111.5930302, 26.4516033], [111.5929142, 26.4516005], [111.5928123, 26.451619], [111.5927759, 26.4515511], [111.5927634, 26.4514376], [111.5927528, 26.4514749], [111.5927205, 26.4515605], [111.5926356, 26.4516156], [111.5925244, 26.4516423], [111.5924111, 26.4516368], [111.5922968, 26.4516201], [111.5924082, 26.4515871], [111.5925193, 26.4516137], [111.5926235, 26.4516294], [111.5927264, 26.4516373], [111.5928395, 26.4515994], [111.5929472, 26.4515617], [111.5930583, 26.451541], [111.5931744, 26.4515354], [111.5932894, 26.4515371], [111.5934052, 26.4515511], [111.5935231, 26.4515376], [111.5936241, 26.4515096], [111.5937088, 26.4514561], [111.5937869, 26.4513957], [111.593868, 26.4513132], [111.5939393, 26.4512318], [111.5940037, 26.4511356], [111.5940682, 26.451049], [111.594177, 26.4509826], [111.594234, 26.4509034], [111.5942856, 26.4508258], [111.5943413, 26.4507422], [111.5944082, 26.4506728], [111.5944774, 26.4505991], [111.5945386, 26.4505209], [111.5945614, 26.4504314], [111.5946005, 26.450345], [111.5946619, 26.4502626], [111.5946996, 26.450169], [111.5947463, 26.4500751], [111.5947786, 26.4499788], [111.5948361, 26.449884], [111.5948787, 26.449783], [111.5949244, 26.4496886], [111.5949418, 26.4495861], [111.5950018, 26.449488], [111.5950969, 26.4494217], [111.5951777, 26.4493493], [111.5952585, 26.4492884], [111.5953418, 26.4492219], [111.5954151, 26.4491446], [111.595471, 26.4490661], [111.5955281, 26.4489786], [111.595587, 26.4489015], [111.5956079, 26.448809], [111.5956376, 26.4487133], [111.5956792, 26.4486214], [111.5957154, 26.4485323], [111.595728, 26.4484323], [111.5956733, 26.448344], [111.5955763, 26.4482878], [111.5954813, 26.4482245], [111.5954057, 26.4482899], [111.5953536, 26.4483723], [111.5952979, 26.4484584], [111.5952796, 26.4485505], [111.5952069, 26.4486099], [111.5951081, 26.4486512], [111.5949934, 26.4486673], [111.5949294, 26.4487288], [111.5948469, 26.4486903], [111.5947954, 26.4485335], [111.5948064, 26.4484162], [111.5948417, 26.4484811], [111.5948603, 26.4485845], [111.5947847, 26.4486527], [111.594676, 26.4486868], [111.5945721, 26.4486603], [111.5945539, 26.4485654], [111.5945798, 26.4484544], [111.5945766, 26.4483394], [111.5946009, 26.4482351], [111.5945746, 26.4481472], [111.5944874, 26.4481071], [111.5945013, 26.4481683], [111.5945609, 26.4482499], [111.5945733, 26.4483577], [111.5945692, 26.4484734], [111.5944867, 26.4485593], [111.5943739, 26.44855], [111.5942647, 26.4485166], [111.5941563, 26.4485064], [111.5940433, 26.4485448], [111.5939226, 26.4485598], [111.5938086, 26.4485454], [111.5937174, 26.4485001], [111.5936791, 26.4484088], [111.5937003, 26.4483098], [111.5936958, 26.4483581], [111.593619, 26.4483827], [111.593554, 26.4483916], [111.5934364, 26.4483929], [111.5933224, 26.4483866], [111.5932059, 26.448388], [111.5930922, 26.4484001], [111.5929853, 26.4484026], [111.5928835, 26.4483871], [111.592776, 26.448388], [111.5926677, 26.4483608], [111.5925822, 26.4483018], [111.5925756, 26.4482089], [111.5926816, 26.4481629], [111.592809, 26.448122], [111.592935, 26.44813], [111.5930499, 26.448156], [111.5931581, 26.4481634], [111.5930974, 26.4480843], [111.5930234, 26.4481589], [111.5929204, 26.4481815], [111.5928185, 26.4482035], [111.5927109, 26.4481949], [111.5925996, 26.4481795], [111.5925393, 26.4482524], [111.5925484, 26.4483489], [111.5925641, 26.4484694], [111.5925547, 26.4485779], [111.5925696, 26.4486732], [111.5926069, 26.4487616], [111.5926031, 26.4488519], [111.5925972, 26.4489424], [111.5926291, 26.4490281], [111.5926549, 26.4491167], [111.592666, 26.4492208], [111.5926888, 26.4493135], [111.5926731, 26.4494232], [111.5926604, 26.4495303], [111.5926296, 26.4496287], [111.5926026, 26.4497307], [111.5925717, 26.4498227], [111.5925438, 26.4499162], [111.5925208, 26.4500138], [111.5924846, 26.4501072], [111.5924704, 26.4501983], [111.5924578, 26.4502975], [111.5924296, 26.4503913], [111.5924055, 26.4504834], [111.5923778, 26.4505762], [111.5923683, 26.4506798], [111.5923347, 26.4507712], [111.5923101, 26.4508602], [111.5922697, 26.4509471], [111.5922167, 26.4510417], [111.5922167, 26.4510417]]}}, {"type": "Feature", "properties": {"type": "photo", "name": "\n        ", "date": "2026-09-10", "track": "2026-09-10 0859永州冷水滩区", "photo_urls": ["track_photos_new/2026-09-10_0859永州冷水滩区_405.jpg"], "photo_count": 1}, "geometry": {"type": "Point", "coordinates": [111.5909225, 26.4502929]}}, {"type": "Feature", "properties": {"type": "photo", "name": "\n        ", "date": "2026-09-10", "track": "2026-09-10 0859永州冷水滩区", "photo_urls": ["track_photos_new/2026-09-10_0859永州冷水滩区_406.jpg"], "photo_count": 1}, "geometry": {"type": "Point", "coordinates": [111.5910056, 26.4501475]}}, {"type": "Feature", "properties": {"type": "photo", "name": "\n        ", "date": "2026-09-10", "track": "2026-09-10 0859永州冷水滩区", "photo_urls": ["track_photos_new/2026-09-10_0859永州冷水滩区_407.jpg"], "photo_count": 1}, "geometry": {"type": "Point", "coordinates": [111.5913593, 26.4499378]}}, {"type": "Feature", "properties": {"type": "photo", "name": "\n        ", "date": "2026-09-10", "track": "2026-09-10 0859永州冷水滩区", "photo_urls": ["track_photos_new/2026-09-10_0859永州冷水滩区_408.jpg"], "photo_count": 1}, "geometry": {"type": "Point", "coordinates": [111.5913957, 26.4498529]}}, {"type": "Feature", "properties": {"type": "photo", "name": "\n        ", "date": "2026-09-10", "track": "2026-09-10 0859永州冷水滩区", "photo_urls": ["track_photos_new/2026-09-10_0859永州冷水滩区_409.jpg"], "photo_count": 1}, "geometry": {"type": "Point", "coordinates": [111.5914842, 26.4497891]}}, {"type": "Feature", "properties": {"type": "photo", "name": "\n        ", "date": "2026-09-10", "track": "2026-09-10 0859永州冷水滩区", "photo_urls": ["track_photos_new/2026-09-10_0859永州冷水滩区_410.jpg"], "photo_count": 1}, "geometry": {"type": "Point", "coordinates": [111.5914842, 26.4497891]}}, {"type": "Feature", "properties": {"type": "photo", "name": "\n        ", "date": "2026-09-10", "track": "2026-09-10 0859永州冷水滩区", "photo_urls": ["track_photos_new/2026-09-10_0859永州冷水滩区_411.jpg"], "photo_count": 1}, "geometry": {"type": "Point", "coordinates": [111.5915994, 26.4497474]}}, {"type": "Feature", "properties": {"type": "photo", "name": "\n        ", "date": "2026-09-10", "track": "2026-09-10 0859永州冷水滩区", "photo_urls": ["track_photos_new/2026-09-10_0859永州冷水滩区_412.jpg"], "photo_count": 1}, "geometry": {"type": "Point", "coordinates": [111.591713, 26.4497092]}}, {"type": "Feature", "properties": {"type": "photo", "name": "\n        ", "date": "2026-09-10", "track": "2026-09-10 0859永州冷水滩区", "photo_urls": ["track_photos_new/2026-09-10_0859永州冷水滩区_413.jpg"], "photo_count": 1}, "geometry": {"type": "Point", "coordinates": [111.591713, 26.4497092]}}, {"type": "Feature", "properties": {"type": "photo", "name": "\n        ", "date": "2026-09-10", "track": "2026-09-10 0859永州冷水滩区", "photo_urls": ["track_photos_new/2026-09-10_0859永州冷水滩区_414.jpg"], "photo_count": 1}, "geometry": {"type": "Point", "coordinates": [111.591713, 26.4497092]}}, {"type": "Feature", "properties": {"type": "photo", "name": "\n        ", "date": "2026-09-10", "track": "2026-09-10 0859永州冷水滩区", "photo_urls": ["track_photos_new/2026-09-10_0859永州冷水滩区_415.jpg"], "photo_count": 1}, "geometry": {"type": "Point", "coordinates": [111.591713, 26.4497092]}}, {"type": "Feature", "properties": {"type": "photo", "name": "\n        ", "date": "2026-09-10", "track": "2026-09-10 0859永州冷水滩区", "photo_urls": ["track_photos_new/2026-09-10_0859永州冷水滩区_416.jpg"], "photo_count": 1}, "geometry": {"type": "Point", "coordinates": [111.5917926, 26.4495311]}}, {"type": "Feature", "properties": {"type": "photo", "name": "\n        ", "date": "2026-09-10", "track": "2026-09-10 0859永州冷水滩区", "photo_urls": ["track_photos_new/2026-09-10_0859永州冷水滩区_417.jpg"], "photo_count": 1}, "geometry": {"type": "Point", "coordinates": [111.5918717, 26.4494216]}}, {"type": "Feature", "properties": {"type": "photo", "name": "\n        ", "date": "2026-09-10", "track": "2026-09-10 0859永州冷水滩区", "photo_urls": ["track_photos_new/2026-09-10_0859永州冷水滩区_418.jpg"], "photo_count": 1}, "geometry": {"type": "Point", "coordinates": [111.5919496, 26.4493282]}}, {"type": "Feature", "properties": {"type": "photo", "name": "\n        ", "date": "2026-09-10", "track": "2026-09-10 0859永州冷水滩区", "photo_urls": ["track_photos_new/2026-09-10_0859永州冷水滩区_419.jpg"], "photo_count": 1}, "geometry": {"type": "Point", "coordinates": [111.5921719, 26.4493857]}}, {"type": "Feature", "properties": {"type": "photo", "name": "\n        ", "date": "2026-09-10", "track": "2026-09-10 0859永州冷水滩区", "photo_urls": ["track_photos_new/2026-09-10_0859永州冷水滩区_420.jpg"], "photo_count": 1}, "geometry": {"type": "Point", "coordinates": [111.5921719, 26.4493857]}}, {"type": "Feature", "properties": {"type": "photo", "name": "\n        ", "date": "2026-09-10", "track": "2026-09-10 0859永州冷水滩区", "photo_urls": ["track_photos_new/2026-09-10_0859永州冷水滩区_421.jpg"], "photo_count": 1}, "geometry": {"type": "Point", "coordinates": [111.592165, 26.4494994]}}, {"type": "Feature", "properties": {"type": "photo", "name": "\n        ", "date": "2026-09-10", "track": "2026-09-10 0859永州冷水滩区", "photo_urls": ["track_photos_new/2026-09-10_0859永州冷水滩区_422.jpg"], "photo_count": 1}, "geometry": {"type": "Point", "coordinates": [111.592165, 26.4494994]}}, {"type": "Feature", "properties": {"type": "photo", "name": "\n        ", "date": "2026-09-10", "track": "2026-09-10 0859永州冷水滩区", "photo_urls": ["track_photos_new/2026-09-10_0859永州冷水滩区_423.jpg"], "photo_count": 1}, "geometry": {"type": "Point", "coordinates": [111.592165, 26.4494994]}}, {"type": "Feature", "properties": {"type": "photo", "name": "\n        ", "date": "2026-09-10", "track": "2026-09-10 0859永州冷水滩区", "photo_urls": ["track_photos_new/2026-09-10_0859永州冷水滩区_424.jpg"], "photo_count": 1}, "geometry": {"type": "Point", "coordinates": [111.5924448, 26.4493445]}}, {"type": "Feature", "properties": {"type": "photo", "name": "\n        ", "date": "2026-09-10", "track": "2026-09-10 0859永州冷水滩区", "photo_urls": ["track_photos_new/2026-09-10_0859永州冷水滩区_425.jpg"], "photo_count": 1}, "geometry": {"type": "Point", "coordinates": [111.5924448, 26.4493445]}}, {"type": "Feature", "properties": {"type": "photo", "name": "\n        ", "date": "2026-09-10", "track": "2026-09-10 0859永州冷水滩区", "photo_urls": ["track_photos_new/2026-09-10_0859永州冷水滩区_426.jpg"], "photo_count": 1}, "geometry": {"type": "Point", "coordinates": [111.5924486, 26.449414]}}, {"type": "Feature", "properties": {"type": "photo", "name": "\n        ", "date": "2026-09-10", "track": "2026-09-10 0859永州冷水滩区", "photo_urls": ["track_photos_new/2026-09-10_0859永州冷水滩区_427.jpg"], "photo_count": 1}, "geometry": {"type": "Point", "coordinates": [111.5924306, 26.4494584]}}, {"type": "Feature", "properties": {"type": "photo", "name": "\n        ", "date": "2026-09-10", "track": "2026-09-10 0859永州冷水滩区", "photo_urls": ["track_photos_new/2026-09-10_0859永州冷水滩区_428.jpg"], "photo_count": 1}, "geometry": {"type": "Point", "coordinates": [111.5924306, 26.4494584]}}, {"type": "Feature", "properties": {"type": "photo", "name": "\n        ", "date": "2026-09-10", "track": "2026-09-10 0859永州冷水滩区", "photo_urls": ["track_photos_new/2026-09-10_0859永州冷水滩区_429.jpg"], "photo_count": 1}, "geometry": {"type": "Point", "coordinates": [111.5924306, 26.4494584]}}, {"type": "Feature", "properties": {"type": "photo", "name": "\n        ", "date": "2026-09-10", "track": "2026-09-10 0859永州冷水滩区", "photo_urls": ["track_photos_new/2026-09-10_0859永州冷水滩区_430.jpg"], "photo_count": 1}, "geometry": {"type": "Point", "coordinates": [111.5926533, 26.4496334]}}, {"type": "Feature", "properties": {"type": "photo", "name": "\n        ", "date": "2026-09-10", "track": "2026-09-10 0859永州冷水滩区", "photo_urls": ["track_photos_new/2026-09-10_0859永州冷水滩区_431.jpg"], "photo_count": 1}, "geometry": {"type": "Point", "coordinates": [111.5924996, 26.4498235]}}, {"type": "Feature", "properties": {"type": "photo", "name": "\n        ", "date": "2026-09-10", "track": "2026-09-10 0859永州冷水滩区", "photo_urls": ["track_photos_new/2026-09-10_0859永州冷水滩区_432.jpg"], "photo_count": 1}, "geometry": {"type": "Point", "coordinates": [111.5924996, 26.4498235]}}, {"type": "Feature", "properties": {"type": "photo", "name": "\n        ", "date": "2026-09-10", "track": "2026-09-10 0859永州冷水滩区", "photo_urls": ["track_photos_new/2026-09-10_0859永州冷水滩区_433.jpg"], "photo_count": 1}, "geometry": {"type": "Point", "coordinates": [111.5924996, 26.4498235]}}, {"type": "Feature", "properties": {"type": "photo", "name": "\n        ", "date": "2026-09-10", "track": "2026-09-10 0859永州冷水滩区", "photo_urls": ["track_photos_new/2026-09-10_0859永州冷水滩区_434.jpg"], "photo_count": 1}, "geometry": {"type": "Point", "coordinates": [111.5925096, 26.4499201]}}, {"type": "Feature", "properties": {"type": "photo", "name": "\n        ", "date": "2026-09-10", "track": "2026-09-10 0859永州冷水滩区", "photo_urls": ["track_photos_new/2026-09-10_0859永州冷水滩区_435.jpg"], "photo_count": 1}, "geometry": {"type": "Point", "coordinates": [111.5923642, 26.4499065]}}, {"type": "Feature", "properties": {"type": "photo", "name": "\n        ", "date": "2026-09-10", "track": "2026-09-10 0859永州冷水滩区", "photo_urls": ["track_photos_new/2026-09-10_0859永州冷水滩区_436.jpg"], "photo_count": 1}, "geometry": {"type": "Point", "coordinates": [111.5923642, 26.4499065]}}, {"type": "Feature", "properties": {"type": "photo", "name": "\n        ", "date": "2026-09-10", "track": "2026-09-10 0859永州冷水滩区", "photo_urls": ["track_photos_new/2026-09-10_0859永州冷水滩区_437.jpg"], "photo_count": 1}, "geometry": {"type": "Point", "coordinates": [111.5923642, 26.4499065]}}, {"type": "Feature", "properties": {"type": "photo", "name": "\n        ", "date": "2026-09-10", "track": "2026-09-10 0859永州冷水滩区", "photo_urls": ["track_photos_new/2026-09-10_0859永州冷水滩区_438.jpg"], "photo_count": 1}, "geometry": {"type": "Point", "coordinates": [111.592286, 26.4498741]}}, {"type": "Feature", "properties": {"type": "photo", "name": "\n        ", "date": "2026-09-10", "track": "2026-09-10 0859永州冷水滩区", "photo_urls": ["track_photos_new/2026-09-10_0859永州冷水滩区_439.jpg"], "photo_count": 1}, "geometry": {"type": "Point", "coordinates": [111.5921927, 26.4498225]}}, {"type": "Feature", "properties": {"type": "photo", "name": "\n        ", "date": "2026-09-10", "track": "2026-09-10 0859永州冷水滩区", "photo_urls": ["track_photos_new/2026-09-10_0859永州冷水滩区_440.jpg"], "photo_count": 1}, "geometry": {"type": "Point", "coordinates": [111.5921927, 26.4498225]}}, {"type": "Feature", "properties": {"type": "photo", "name": "\n        ", "date": "2026-09-10", "track": "2026-09-10 0859永州冷水滩区", "photo_urls": ["track_photos_new/2026-09-10_0859永州冷水滩区_441.jpg"], "photo_count": 1}, "geometry": {"type": "Point", "coordinates": [111.5922637, 26.449852]}}, {"type": "Feature", "properties": {"type": "photo", "name": "\n        ", "date": "2026-09-10", "track": "2026-09-10 0859永州冷水滩区", "photo_urls": ["track_photos_new/2026-09-10_0859永州冷水滩区_442.jpg"], "photo_count": 1}, "geometry": {"type": "Point", "coordinates": [111.5922826, 26.4499824]}}, {"type": "Feature", "properties": {"type": "photo", "name": "\n        ", "date": "2026-09-10", "track": "2026-09-10 0859永州冷水滩区", "photo_urls": ["track_photos_new/2026-09-10_0859永州冷水滩区_443.jpg"], "photo_count": 1}, "geometry": {"type": "Point", "coordinates": [111.5922826, 26.4499824]}}, {"type": "Feature", "properties": {"type": "photo", "name": "\n        ", "date": "2026-09-10", "track": "2026-09-10 0859永州冷水滩区", "photo_urls": ["track_photos_new/2026-09-10_0859永州冷水滩区_444.jpg"], "photo_count": 1}, "geometry": {"type": "Point", "coordinates": [111.5922826, 26.4499824]}}, {"type": "Feature", "properties": {"type": "photo", "name": "\n        ", "date": "2026-09-10", "track": "2026-09-10 0859永州冷水滩区", "photo_urls": ["track_photos_new/2026-09-10_0859永州冷水滩区_445.jpg"], "photo_count": 1}, "geometry": {"type": "Point", "coordinates": [111.5922826, 26.4499824]}}, {"type": "Feature", "properties": {"type": "photo", "name": "\n        ", "date": "2026-09-10", "track": "2026-09-10 0859永州冷水滩区", "photo_urls": ["track_photos_new/2026-09-10_0859永州冷水滩区_446.jpg"], "photo_count": 1}, "geometry": {"type": "Point", "coordinates": [111.5924189, 26.4501273]}}, {"type": "Feature", "properties": {"type": "photo", "name": "\n        ", "date": "2026-09-10", "track": "2026-09-10 0859永州冷水滩区", "photo_urls": ["track_photos_new/2026-09-10_0859永州冷水滩区_447.jpg"], "photo_count": 1}, "geometry": {"type": "Point", "coordinates": [111.5924189, 26.4501273]}}, {"type": "Feature", "properties": {"type": "photo", "name": "\n        ", "date": "2026-09-10", "track": "2026-09-10 0859永州冷水滩区", "photo_urls": ["track_photos_new/2026-09-10_0859永州冷水滩区_448.jpg"], "photo_count": 1}, "geometry": {"type": "Point", "coordinates": [111.5922895, 26.4508454]}}, {"type": "Feature", "properties": {"type": "photo", "name": "\n        ", "date": "2026-09-10", "track": "2026-09-10 0859永州冷水滩区", "photo_urls": ["track_photos_new/2026-09-10_0859永州冷水滩区_449.jpg"], "photo_count": 1}, "geometry": {"type": "Point", "coordinates": [111.5922895, 26.4508454]}}, {"type": "Feature", "properties": {"type": "photo", "name": "\n        ", "date": "2026-09-10", "track": "2026-09-10 0859永州冷水滩区", "photo_urls": ["track_photos_new/2026-09-10_0859永州冷水滩区_450.jpg"], "photo_count": 1}, "geometry": {"type": "Point", "coordinates": [111.5922025, 26.4508981]}}, {"type": "Feature", "properties": {"type": "photo", "name": "\n        ", "date": "2026-09-10", "track": "2026-09-10 0859永州冷水滩区", "photo_urls": ["track_photos_new/2026-09-10_0859永州冷水滩区_451.jpg"], "photo_count": 1}, "geometry": {"type": "Point", "coordinates": [111.5922025, 26.4508981]}}, {"type": "Feature", "properties": {"type": "photo", "name": "\n        ", "date": "2026-09-10", "track": "2026-09-10 0859永州冷水滩区", "photo_urls": ["track_photos_new/2026-09-10_0859永州冷水滩区_452.jpg"], "photo_count": 1}, "geometry": {"type": "Point", "coordinates": [111.5922025, 26.4508981]}}, {"type": "Feature", "properties": {"type": "photo", "name": "\n        ", "date": "2026-09-10", "track": "2026-09-10 0859永州冷水滩区", "photo_urls": ["track_photos_new/2026-09-10_0859永州冷水滩区_453.jpg"], "photo_count": 1}, "geometry": {"type": "Point", "coordinates": [111.5921458, 26.4512647]}}, {"type": "Feature", "properties": {"type": "photo", "name": "\n        ", "date": "2026-09-10", "track": "2026-09-10 0859永州冷水滩区", "photo_urls": ["track_photos_new/2026-09-10_0859永州冷水滩区_454.jpg"], "photo_count": 1}, "geometry": {"type": "Point", "coordinates": [111.5918716, 26.4515152]}}, {"type": "Feature", "properties": {"type": "photo", "name": "\n        ", "date": "2026-09-10", "track": "2026-09-10 0859永州冷水滩区", "photo_urls": ["track_photos_new/2026-09-10_0859永州冷水滩区_455.jpg"], "photo_count": 1}, "geometry": {"type": "Point", "coordinates": [111.5918109, 26.4514086]}}, {"type": "Feature", "properties": {"type": "photo", "name": "\n        ", "date": "2026-09-10", "track": "2026-09-10 0859永州冷水滩区", "photo_urls": ["track_photos_new/2026-09-10_0859永州冷水滩区_456.jpg"], "photo_count": 1}, "geometry": {"type": "Point", "coordinates": [111.5917034, 26.4511975]}}, {"type": "Feature", "properties": {"type": "photo", "name": "\n        ", "date": "2026-09-10", "track": "2026-09-10 0859永州冷水滩区", "photo_urls": ["track_photos_new/2026-09-10_0859永州冷水滩区_457.jpg"], "photo_count": 1}, "geometry": {"type": "Point", "coordinates": [111.5910972, 26.450659]}}, {"type": "Feature", "properties": {"type": "photo", "name": "\n        ", "date": "2026-09-10", "track": "2026-09-10 0859永州冷水滩区", "photo_urls": ["track_photos_new/2026-09-10_0859永州冷水滩区_458.jpg"], "photo_count": 1}, "geometry": {"type": "Point", "coordinates": [111.5910972, 26.450659]}}, {"type": "Feature", "properties": {"type": "photo", "name": "\n        ", "date": "2026-09-10", "track": "2026-09-10 0859永州冷水滩区", "photo_urls": ["track_photos_new/2026-09-10_0859永州冷水滩区_459.jpg"], "photo_count": 1}, "geometry": {"type": "Point", "coordinates": [111.5908091, 26.4503936]}}, {"type": "Feature", "properties": {"type": "photo", "name": "\n        ", "date": "2026-09-10", "track": "2026-09-10 0859永州冷水滩区", "photo_urls": ["track_photos_new/2026-09-10_0859永州冷水滩区_460.jpg"], "photo_count": 1}, "geometry": {"type": "Point", "coordinates": [111.5906542, 26.4502432]}}, {"type": "Feature", "properties": {"type": "photo", "name": "\n        ", "date": "2026-09-10", "track": "2026-09-10 0859永州冷水滩区", "photo_urls": ["track_photos_new/2026-09-10_0859永州冷水滩区_461.jpg"], "photo_count": 1}, "geometry": {"type": "Point", "coordinates": [111.5906542, 26.4502432]}}, {"type": "Feature", "properties": {"type": "photo", "name": "\n        ", "date": "2026-09-10", "track": "2026-09-10 0859永州冷水滩区", "photo_urls": ["track_photos_new/2026-09-10_0859永州冷水滩区_462.jpg"], "photo_count": 1}, "geometry": {"type": "Point", "coordinates": [111.5906469, 26.4501564]}}, {"type": "Feature", "properties": {"type": "photo", "name": "\n        ", "date": "2026-09-10", "track": "2026-09-10 0859永州冷水滩区", "photo_urls": ["track_photos_new/2026-09-10_0859永州冷水滩区_463.jpg"], "photo_count": 1}, "geometry": {"type": "Point", "coordinates": [111.5907052, 26.4500281]}}, {"type": "Feature", "properties": {"type": "photo", "name": "\n        ", "date": "2026-09-10", "track": "2026-09-10 0859永州冷水滩区", "photo_urls": ["track_photos_new/2026-09-10_0859永州冷水滩区_464.jpg"], "photo_count": 1}, "geometry": {"type": "Point", "coordinates": [111.5907878, 26.4499365]}}, {"type": "Feature", "properties": {"type": "photo", "name": "\n        ", "date": "2026-09-10", "track": "2026-09-10 0859永州冷水滩区", "photo_urls": ["track_photos_new/2026-09-10_0859永州冷水滩区_465.jpg"], "photo_count": 1}, "geometry": {"type": "Point", "coordinates": [111.591089, 26.4497892]}}, {"type": "Feature", "properties": {"type": "photo", "name": "\n        ", "date": "2026-09-10", "track": "2026-09-10 0859永州冷水滩区", "photo_urls": ["track_photos_new/2026-09-10_0859永州冷水滩区_466.jpg"], "photo_count": 1}, "geometry": {"type": "Point", "coordinates": [111.591089, 26.4497892]}}, {"type": "Feature", "properties": {"type": "photo", "name": "\n        ", "date": "2026-09-10", "track": "2026-09-10 0859永州冷水滩区", "photo_urls": ["track_photos_new/2026-09-10_0859永州冷水滩区_467.jpg"], "photo_count": 1}, "geometry": {"type": "Point", "coordinates": [111.5908481, 26.4494356]}}, {"type": "Feature", "properties": {"type": "photo", "name": "\n        ", "date": "2026-09-10", "track": "2026-09-10 0859永州冷水滩区", "photo_urls": ["track_photos_new/2026-09-10_0859永州冷水滩区_468.jpg"], "photo_count": 1}, "geometry": {"type": "Point", "coordinates": [111.5908481, 26.4494356]}}, {"type": "Feature", "properties": {"type": "photo", "name": "\n        ", "date": "2026-09-10", "track": "2026-09-10 0859永州冷水滩区", "photo_urls": ["track_photos_new/2026-09-10_0859永州冷水滩区_469.jpg"], "photo_count": 1}, "geometry": {"type": "Point", "coordinates": [111.5908481, 26.4494356]}}, {"type": "Feature", "properties": {"type": "photo", "name": "\n        ", "date": "2026-09-10", "track": "2026-09-10 0859永州冷水滩区", "photo_urls": ["track_photos_new/2026-09-10_0859永州冷水滩区_470.jpg"], "photo_count": 1}, "geometry": {"type": "Point", "coordinates": [111.5904884, 26.4499165]}}, {"type": "Feature", "properties": {"type": "photo", "name": "\n        ", "date": "2026-09-10", "track": "2026-09-10 0859永州冷水滩区", "photo_urls": ["track_photos_new/2026-09-10_0859永州冷水滩区_471.jpg"], "photo_count": 1}, "geometry": {"type": "Point", "coordinates": [111.5904601, 26.4499988]}}, {"type": "Feature", "properties": {"type": "photo", "name": "可能危房\n        ", "date": "2026-09-10", "track": "2026-09-10 0859永州冷水滩区", "photo_urls": ["track_photos_new/2026-09-10_0859永州冷水滩区_472.jpg"], "photo_count": 1}, "geometry": {"type": "Point", "coordinates": [111.5909941, 26.4502701]}}, {"type": "Feature", "properties": {"type": "photo", "name": "\n        ", "date": "2026-09-10", "track": "2026-09-10 0859永州冷水滩区", "photo_urls": ["track_photos_new/2026-09-10_0859永州冷水滩区_473.jpg"], "photo_count": 1}, "geometry": {"type": "Point", "coordinates": [111.5909941, 26.4502701]}}, {"type": "Feature", "properties": {"type": "photo", "name": "\n        ", "date": "2026-09-10", "track": "2026-09-10 0859永州冷水滩区", "photo_urls": ["track_photos_new/2026-09-10_0859永州冷水滩区_474.jpg"], "photo_count": 1}, "geometry": {"type": "Point", "coordinates": [111.5910624, 26.4501617]}}, {"type": "Feature", "properties": {"type": "photo", "name": "\n        ", "date": "2026-09-10", "track": "2026-09-10 0859永州冷水滩区", "photo_urls": ["track_photos_new/2026-09-10_0859永州冷水滩区_475.jpg"], "photo_count": 1}, "geometry": {"type": "Point", "coordinates": [111.5911653, 26.4501279]}}, {"type": "Feature", "properties": {"type": "photo", "name": "\n        ", "date": "2026-09-10", "track": "2026-09-10 0859永州冷水滩区", "photo_urls": ["track_photos_new/2026-09-10_0859永州冷水滩区_476.jpg"], "photo_count": 1}, "geometry": {"type": "Point", "coordinates": [111.5910984, 26.4501405]}}, {"type": "Feature", "properties": {"type": "photo", "name": "\n        ", "date": "2026-09-10", "track": "2026-09-10 0859永州冷水滩区", "photo_urls": ["track_photos_new/2026-09-10_0859永州冷水滩区_477.jpg"], "photo_count": 1}, "geometry": {"type": "Point", "coordinates": [111.5910984, 26.4501405]}}, {"type": "Feature", "properties": {"type": "photo", "name": "\n        ", "date": "2026-09-10", "track": "2026-09-10 0859永州冷水滩区", "photo_urls": ["track_photos_new/2026-09-10_0859永州冷水滩区_478.jpg"], "photo_count": 1}, "geometry": {"type": "Point", "coordinates": [111.5910984, 26.4501405]}}, {"type": "Feature", "properties": {"type": "photo", "name": "\n        ", "date": "2026-09-10", "track": "2026-09-10 0859永州冷水滩区", "photo_urls": ["track_photos_new/2026-09-10_0859永州冷水滩区_479.jpg"], "photo_count": 1}, "geometry": {"type": "Point", "coordinates": [111.5910984, 26.4501405]}}, {"type": "Feature", "properties": {"type": "photo", "name": "\n        ", "date": "2026-09-10", "track": "2026-09-10 0859永州冷水滩区", "photo_urls": ["track_photos_new/2026-09-10_0859永州冷水滩区_480.jpg"], "photo_count": 1}, "geometry": {"type": "Point", "coordinates": [111.5911384, 26.4501383]}}, {"type": "Feature", "properties": {"type": "photo", "name": "\n        ", "date": "2026-09-10", "track": "2026-09-10 0859永州冷水滩区", "photo_urls": ["track_photos_new/2026-09-10_0859永州冷水滩区_481.jpg"], "photo_count": 1}, "geometry": {"type": "Point", "coordinates": [111.5911384, 26.4501383]}}, {"type": "Feature", "properties": {"type": "photo", "name": "需要考虑危房改造\n        ", "date": "2026-09-10", "track": "2026-09-10 0859永州冷水滩区", "photo_urls": ["track_photos_new/2026-09-10_0859永州冷水滩区_482.jpg"], "photo_count": 1}, "geometry": {"type": "Point", "coordinates": [111.5911384, 26.4501383]}}, {"type": "Feature", "properties": {"type": "photo", "name": "时代购物广场\n        ", "date": "2026-09-10", "track": "2026-09-10 0859永州冷水滩区", "photo_urls": ["track_photos_new/2026-09-10_0859永州冷水滩区_483.jpg"], "photo_count": 1}, "geometry": {"type": "Point", "coordinates": [111.5905727, 26.4501927]}}, {"type": "Feature", "properties": {"type": "photo", "name": "\n        ", "date": "2026-09-10", "track": "2026-09-10 0859永州冷水滩区", "photo_urls": ["track_photos_new/2026-09-10_0859永州冷水滩区_484.jpg"], "photo_count": 1}, "geometry": {"type": "Point", "coordinates": [111.5903752, 26.449865]}}, {"type": "Feature", "properties": {"type": "photo", "name": "\n        ", "date": "2026-09-10", "track": "2026-09-10 0859永州冷水滩区", "photo_urls": ["track_photos_new/2026-09-10_0859永州冷水滩区_485.jpg"], "photo_count": 1}, "geometry": {"type": "Point", "coordinates": [111.5901952, 26.4497598]}}, {"type": "Feature", "properties": {"type": "photo", "name": "\n        ", "date": "2026-09-10", "track": "2026-09-10 0859永州冷水滩区", "photo_urls": ["track_photos_new/2026-09-10_0859永州冷水滩区_486.jpg"], "photo_count": 1}, "geometry": {"type": "Point", "coordinates": [111.5901952, 26.4497598]}}, {"type": "Feature", "properties": {"type": "photo", "name": "\n        ", "date": "2026-09-10", "track": "2026-09-10 0859永州冷水滩区", "photo_urls": ["track_photos_new/2026-09-10_0859永州冷水滩区_487.jpg"], "photo_count": 1}, "geometry": {"type": "Point", "coordinates": [111.5899526, 26.4493737]}}, {"type": "Feature", "properties": {"type": "photo", "name": "\n        ", "date": "2026-09-10", "track": "2026-09-10 0859永州冷水滩区", "photo_urls": ["track_photos_new/2026-09-10_0859永州冷水滩区_488.jpg"], "photo_count": 1}, "geometry": {"type": "Point", "coordinates": [111.5899526, 26.4493737]}}, {"type": "Feature", "properties": {"type": "photo", "name": "\n        ", "date": "2026-09-10", "track": "2026-09-10 0859永州冷水滩区", "photo_urls": ["track_photos_new/2026-09-10_0859永州冷水滩区_489.jpg"], "photo_count": 1}, "geometry": {"type": "Point", "coordinates": [111.5899526, 26.4493737]}}, {"type": "Feature", "properties": {"type": "photo", "name": "\n        ", "date": "2026-09-10", "track": "2026-09-10 0859永州冷水滩区", "photo_urls": ["track_photos_new/2026-09-10_0859永州冷水滩区_490.jpg"], "photo_count": 1}, "geometry": {"type": "Point", "coordinates": [111.5900079, 26.4492008]}}, {"type": "Feature", "properties": {"type": "photo", "name": "\n        ", "date": "2026-09-10", "track": "2026-09-10 0859永州冷水滩区", "photo_urls": ["track_photos_new/2026-09-10_0859永州冷水滩区_491.jpg"], "photo_count": 1}, "geometry": {"type": "Point", "coordinates": [111.5901863, 26.4492788]}}, {"type": "Feature", "properties": {"type": "photo", "name": "\n        ", "date": "2026-09-10", "track": "2026-09-10 0859永州冷水滩区", "photo_urls": ["track_photos_new/2026-09-10_0859永州冷水滩区_492.jpg"], "photo_count": 1}, "geometry": {"type": "Point", "coordinates": [111.5903624, 26.4494232]}}, {"type": "Feature", "properties": {"type": "photo", "name": "\n        ", "date": "2026-09-10", "track": "2026-09-10 0859永州冷水滩区", "photo_urls": ["track_photos_new/2026-09-10_0859永州冷水滩区_493.jpg"], "photo_count": 1}, "geometry": {"type": "Point", "coordinates": [111.5903624, 26.4494232]}}, {"type": "Feature", "properties": {"type": "photo", "name": "\n        ", "date": "2026-09-10", "track": "2026-09-10 0859永州冷水滩区", "photo_urls": ["track_photos_new/2026-09-10_0859永州冷水滩区_494.jpg"], "photo_count": 1}, "geometry": {"type": "Point", "coordinates": [111.58994, 26.4493993]}}, {"type": "Feature", "properties": {"type": "photo", "name": "\n        ", "date": "2026-09-10", "track": "2026-09-10 0859永州冷水滩区", "photo_urls": ["track_photos_new/2026-09-10_0859永州冷水滩区_495.jpg"], "photo_count": 1}, "geometry": {"type": "Point", "coordinates": [111.5903981, 26.4494714]}}, {"type": "Feature", "properties": {"type": "photo", "name": "商业\n        ", "date": "2026-09-10", "track": "2026-09-10 0859永州冷水滩区", "photo_urls": ["track_photos_new/2026-09-10_0859永州冷水滩区_496.jpg"], "photo_count": 1}, "geometry": {"type": "Point", "coordinates": [111.5904766, 26.4492879]}}, {"type": "Feature", "properties": {"type": "photo", "name": "\n        ", "date": "2026-09-10", "track": "2026-09-10 0859永州冷水滩区", "photo_urls": ["track_photos_new/2026-09-10_0859永州冷水滩区_497.jpg"], "photo_count": 1}, "geometry": {"type": "Point", "coordinates": [111.5904766, 26.4492879]}}, {"type": "Feature", "properties": {"type": "photo", "name": "\n        ", "date": "2026-09-10", "track": "2026-09-10 0859永州冷水滩区", "photo_urls": ["track_photos_new/2026-09-10_0859永州冷水滩区_498.jpg"], "photo_count": 1}, "geometry": {"type": "Point", "coordinates": [111.5904843, 26.4492959]}}, {"type": "Feature", "properties": {"type": "photo", "name": "\n        ", "date": "2026-09-10", "track": "2026-09-10 0859永州冷水滩区", "photo_urls": ["track_photos_new/2026-09-10_0859永州冷水滩区_499.jpg"], "photo_count": 1}, "geometry": {"type": "Point", "coordinates": [111.5905549, 26.4494015]}}, {"type": "Feature", "properties": {"type": "photo", "name": "\n        ", "date": "2026-09-10", "track": "2026-09-10 0859永州冷水滩区", "photo_urls": ["track_photos_new/2026-09-10_0859永州冷水滩区_500.jpg"], "photo_count": 1}, "geometry": {"type": "Point", "coordinates": [111.5905549, 26.4494015]}}, {"type": "Feature", "properties": {"type": "photo", "name": "\n        ", "date": "2026-09-10", "track": "2026-09-10 0859永州冷水滩区", "photo_urls": ["track_photos_new/2026-09-10_0859永州冷水滩区_501.jpg"], "photo_count": 1}, "geometry": {"type": "Point", "coordinates": [111.5905549, 26.4494015]}}, {"type": "Feature", "properties": {"type": "photo", "name": "\n        ", "date": "2026-09-10", "track": "2026-09-10 0859永州冷水滩区", "photo_urls": ["track_photos_new/2026-09-10_0859永州冷水滩区_502.jpg"], "photo_count": 1}, "geometry": {"type": "Point", "coordinates": [111.5905549, 26.4494015]}}, {"type": "Feature", "properties": {"type": "photo", "name": "\n        ", "date": "2026-09-10", "track": "2026-09-10 0859永州冷水滩区", "photo_urls": ["track_photos_new/2026-09-10_0859永州冷水滩区_503.jpg"], "photo_count": 1}, "geometry": {"type": "Point", "coordinates": [111.5897979, 26.449621]}}, {"type": "Feature", "properties": {"type": "photo", "name": "\n        ", "date": "2026-09-10", "track": "2026-09-10 0859永州冷水滩区", "photo_urls": ["track_photos_new/2026-09-10_0859永州冷水滩区_504.jpg"], "photo_count": 1}, "geometry": {"type": "Point", "coordinates": [111.590075, 26.4491272]}}, {"type": "Feature", "properties": {"type": "photo", "name": "\n        ", "date": "2026-09-10", "track": "2026-09-10 0859永州冷水滩区", "photo_urls": ["track_photos_new/2026-09-10_0859永州冷水滩区_505.jpg"], "photo_count": 1}, "geometry": {"type": "Point", "coordinates": [111.590075, 26.4491272]}}, {"type": "Feature", "properties": {"type": "photo", "name": "\n        ", "date": "2026-09-10", "track": "2026-09-10 0859永州冷水滩区", "photo_urls": ["track_photos_new/2026-09-10_0859永州冷水滩区_506.jpg"], "photo_count": 1}, "geometry": {"type": "Point", "coordinates": [111.590174, 26.4491032]}}, {"type": "Feature", "properties": {"type": "photo", "name": "\n        ", "date": "2026-09-10", "track": "2026-09-10 0859永州冷水滩区", "photo_urls": ["track_photos_new/2026-09-10_0859永州冷水滩区_507.jpg"], "photo_count": 1}, "geometry": {"type": "Point", "coordinates": [111.5902759, 26.4489492]}}, {"type": "Feature", "properties": {"type": "photo", "name": "\n        ", "date": "2026-09-10", "track": "2026-09-10 0859永州冷水滩区", "photo_urls": ["track_photos_new/2026-09-10_0859永州冷水滩区_508.jpg"], "photo_count": 1}, "geometry": {"type": "Point", "coordinates": [111.59042, 26.4488262]}}, {"type": "Feature", "properties": {"type": "photo", "name": "公厕\n        ", "date": "2026-09-10", "track": "2026-09-10 0859永州冷水滩区", "photo_urls": ["track_photos_new/2026-09-10_0859永州冷水滩区_509.jpg"], "photo_count": 1}, "geometry": {"type": "Point", "coordinates": [111.59042, 26.4488262]}}, {"type": "Feature", "properties": {"type": "photo", "name": "\n        ", "date": "2026-09-10", "track": "2026-09-10 0859永州冷水滩区", "photo_urls": ["track_photos_new/2026-09-10_0859永州冷水滩区_510.jpg"], "photo_count": 1}, "geometry": {"type": "Point", "coordinates": [111.59042, 26.4488262]}}, {"type": "Feature", "properties": {"type": "photo", "name": "电影公司\n        ", "date": "2026-09-10", "track": "2026-09-10 0859永州冷水滩区", "photo_urls": ["track_photos_new/2026-09-10_0859永州冷水滩区_511.jpg"], "photo_count": 1}, "geometry": {"type": "Point", "coordinates": [111.5905132, 26.4488477]}}, {"type": "Feature", "properties": {"type": "photo", "name": "\n        ", "date": "2026-09-10", "track": "2026-09-10 0859永州冷水滩区", "photo_urls": ["track_photos_new/2026-09-10_0859永州冷水滩区_512.jpg"], "photo_count": 1}, "geometry": {"type": "Point", "coordinates": [111.5906374, 26.4488374]}}, {"type": "Feature", "properties": {"type": "photo", "name": "\n        ", "date": "2026-09-10", "track": "2026-09-10 0859永州冷水滩区", "photo_urls": ["track_photos_new/2026-09-10_0859永州冷水滩区_513.jpg"], "photo_count": 1}, "geometry": {"type": "Point", "coordinates": [111.5906374, 26.4488374]}}, {"type": "Feature", "properties": {"type": "photo", "name": "电影公司\n        ", "date": "2026-09-10", "track": "2026-09-10 0859永州冷水滩区", "photo_urls": ["track_photos_new/2026-09-10_0859永州冷水滩区_514.jpg"], "photo_count": 1}, "geometry": {"type": "Point", "coordinates": [111.5907459, 26.4488545]}}, {"type": "Feature", "properties": {"type": "photo", "name": "\n        ", "date": "2026-09-10", "track": "2026-09-10 0859永州冷水滩区", "photo_urls": ["track_photos_new/2026-09-10_0859永州冷水滩区_515.jpg"], "photo_count": 1}, "geometry": {"type": "Point", "coordinates": [111.5908213, 26.4489141]}}, {"type": "Feature", "properties": {"type": "photo", "name": "\n        ", "date": "2026-09-10", "track": "2026-09-10 0859永州冷水滩区", "photo_urls": ["track_photos_new/2026-09-10_0859永州冷水滩区_516.jpg"], "photo_count": 1}, "geometry": {"type": "Point", "coordinates": [111.5908213, 26.4489141]}}, {"type": "Feature", "properties": {"type": "photo", "name": "\n        ", "date": "2026-09-10", "track": "2026-09-10 0859永州冷水滩区", "photo_urls": ["track_photos_new/2026-09-10_0859永州冷水滩区_517.jpg"], "photo_count": 1}, "geometry": {"type": "Point", "coordinates": [111.5909428, 26.4491243]}}, {"type": "Feature", "properties": {"type": "photo", "name": "\n        ", "date": "2026-09-10", "track": "2026-09-10 0859永州冷水滩区", "photo_urls": ["track_photos_new/2026-09-10_0859永州冷水滩区_518.jpg"], "photo_count": 1}, "geometry": {"type": "Point", "coordinates": [111.5909428, 26.4491243]}}, {"type": "Feature", "properties": {"type": "photo", "name": "\n        ", "date": "2026-09-10", "track": "2026-09-10 0859永州冷水滩区", "photo_urls": ["track_photos_new/2026-09-10_0859永州冷水滩区_519.jpg"], "photo_count": 1}, "geometry": {"type": "Point", "coordinates": [111.5909428, 26.4491243]}}, {"type": "Feature", "properties": {"type": "photo", "name": "\n        ", "date": "2026-09-10", "track": "2026-09-10 0859永州冷水滩区", "photo_urls": ["track_photos_new/2026-09-10_0859永州冷水滩区_520.jpg"], "photo_count": 1}, "geometry": {"type": "Point", "coordinates": [111.5909428, 26.4491243]}}, {"type": "Feature", "properties": {"type": "photo", "name": "电影公司宿舍\n        ", "date": "2026-09-10", "track": "2026-09-10 0859永州冷水滩区", "photo_urls": ["track_photos_new/2026-09-10_0859永州冷水滩区_521.jpg"], "photo_count": 1}, "geometry": {"type": "Point", "coordinates": [111.5909428, 26.4491243]}}, {"type": "Feature", "properties": {"type": "photo", "name": "\n        ", "date": "2026-09-10", "track": "2026-09-10 0859永州冷水滩区", "photo_urls": ["track_photos_new/2026-09-10_0859永州冷水滩区_522.jpg"], "photo_count": 1}, "geometry": {"type": "Point", "coordinates": [111.5909428, 26.4491243]}}, {"type": "Feature", "properties": {"type": "photo", "name": "电影公司宿舍楼本体外墙脱落\n        ", "date": "2026-09-10", "track": "2026-09-10 0859永州冷水滩区", "photo_urls": ["track_photos_new/2026-09-10_0859永州冷水滩区_523.jpg"], "photo_count": 1}, "geometry": {"type": "Point", "coordinates": [111.5907536, 26.4492323]}}, {"type": "Feature", "properties": {"type": "photo", "name": "\n        ", "date": "2026-09-10", "track": "2026-09-10 0859永州冷水滩区", "photo_urls": ["track_photos_new/2026-09-10_0859永州冷水滩区_524.jpg"], "photo_count": 1}, "geometry": {"type": "Point", "coordinates": [111.5909452, 26.4490735]}}, {"type": "Feature", "properties": {"type": "photo", "name": "\n        ", "date": "2026-09-10", "track": "2026-09-10 0859永州冷水滩区", "photo_urls": ["track_photos_new/2026-09-10_0859永州冷水滩区_525.jpg"], "photo_count": 1}, "geometry": {"type": "Point", "coordinates": [111.5909328, 26.4487761]}}, {"type": "Feature", "properties": {"type": "photo", "name": "\n        ", "date": "2026-09-10", "track": "2026-09-10 0859永州冷水滩区", "photo_urls": ["track_photos_new/2026-09-10_0859永州冷水滩区_526.jpg"], "photo_count": 1}, "geometry": {"type": "Point", "coordinates": [111.5909328, 26.4487761]}}, {"type": "Feature", "properties": {"type": "photo", "name": "\n        ", "date": "2026-09-10", "track": "2026-09-10 0859永州冷水滩区", "photo_urls": ["track_photos_new/2026-09-10_0859永州冷水滩区_527.jpg"], "photo_count": 1}, "geometry": {"type": "Point", "coordinates": [111.5909992, 26.4488589]}}, {"type": "Feature", "properties": {"type": "photo", "name": "\n        ", "date": "2026-09-10", "track": "2026-09-10 0859永州冷水滩区", "photo_urls": ["track_photos_new/2026-09-10_0859永州冷水滩区_528.jpg"], "photo_count": 1}, "geometry": {"type": "Point", "coordinates": [111.591092, 26.4488717]}}, {"type": "Feature", "properties": {"type": "photo", "name": "\n        ", "date": "2026-09-10", "track": "2026-09-10 0859永州冷水滩区", "photo_urls": ["track_photos_new/2026-09-10_0859永州冷水滩区_529.jpg"], "photo_count": 1}, "geometry": {"type": "Point", "coordinates": [111.5914273, 26.4488643]}}, {"type": "Feature", "properties": {"type": "photo", "name": "派出所\n\n        ", "date": "2026-09-10", "track": "2026-09-10 0859永州冷水滩区", "photo_urls": ["track_photos_new/2026-09-10_0859永州冷水滩区_530.jpg"], "photo_count": 1}, "geometry": {"type": "Point", "coordinates": [111.5914273, 26.4488643]}}, {"type": "Feature", "properties": {"type": "photo", "name": "\n        ", "date": "2026-09-10", "track": "2026-09-10 0859永州冷水滩区", "photo_urls": ["track_photos_new/2026-09-10_0859永州冷水滩区_531.jpg"], "photo_count": 1}, "geometry": {"type": "Point", "coordinates": [111.5914881, 26.4489313]}}, {"type": "Feature", "properties": {"type": "photo", "name": "\n        ", "date": "2026-09-10", "track": "2026-09-10 0859永州冷水滩区", "photo_urls": ["track_photos_new/2026-09-10_0859永州冷水滩区_532.jpg"], "photo_count": 1}, "geometry": {"type": "Point", "coordinates": [111.5915389, 26.4491338]}}, {"type": "Feature", "properties": {"type": "photo", "name": "\n        ", "date": "2026-09-10", "track": "2026-09-10 0859永州冷水滩区", "photo_urls": ["track_photos_new/2026-09-10_0859永州冷水滩区_533.jpg"], "photo_count": 1}, "geometry": {"type": "Point", "coordinates": [111.5914453, 26.4489999]}}, {"type": "Feature", "properties": {"type": "photo", "name": "\n        ", "date": "2026-09-10", "track": "2026-09-10 0859永州冷水滩区", "photo_urls": ["track_photos_new/2026-09-10_0859永州冷水滩区_534.jpg"], "photo_count": 1}, "geometry": {"type": "Point", "coordinates": [111.5914453, 26.4489999]}}, {"type": "Feature", "properties": {"type": "photo", "name": "\n        ", "date": "2026-09-10", "track": "2026-09-10 0859永州冷水滩区", "photo_urls": ["track_photos_new/2026-09-10_0859永州冷水滩区_535.jpg"], "photo_count": 1}, "geometry": {"type": "Point", "coordinates": [111.5916087, 26.4491249]}}, {"type": "Feature", "properties": {"type": "photo", "name": "\n        ", "date": "2026-09-10", "track": "2026-09-10 0859永州冷水滩区", "photo_urls": ["track_photos_new/2026-09-10_0859永州冷水滩区_536.jpg"], "photo_count": 1}, "geometry": {"type": "Point", "coordinates": [111.5917295, 26.4491764]}}, {"type": "Feature", "properties": {"type": "photo", "name": "安置小区\n        ", "date": "2026-09-10", "track": "2026-09-10 0859永州冷水滩区", "photo_urls": ["track_photos_new/2026-09-10_0859永州冷水滩区_537.jpg"], "photo_count": 1}, "geometry": {"type": "Point", "coordinates": [111.5918371, 26.4491792]}}, {"type": "Feature", "properties": {"type": "photo", "name": "\n        ", "date": "2026-09-10", "track": "2026-09-10 0859永州冷水滩区", "photo_urls": ["track_photos_new/2026-09-10_0859永州冷水滩区_538.jpg"], "photo_count": 1}, "geometry": {"type": "Point", "coordinates": [111.5918371, 26.4491792]}}, {"type": "Feature", "properties": {"type": "photo", "name": "\n        ", "date": "2026-09-10", "track": "2026-09-10 0859永州冷水滩区", "photo_urls": ["track_photos_new/2026-09-10_0859永州冷水滩区_539.jpg"], "photo_count": 1}, "geometry": {"type": "Point", "coordinates": [111.5921635, 26.4491099]}}, {"type": "Feature", "properties": {"type": "photo", "name": "\n        ", "date": "2026-09-10", "track": "2026-09-10 0859永州冷水滩区", "photo_urls": ["track_photos_new/2026-09-10_0859永州冷水滩区_540.jpg"], "photo_count": 1}, "geometry": {"type": "Point", "coordinates": [111.5921635, 26.4491099]}}, {"type": "Feature", "properties": {"type": "photo", "name": "\n        ", "date": "2026-09-10", "track": "2026-09-10 0859永州冷水滩区", "photo_urls": ["track_photos_new/2026-09-10_0859永州冷水滩区_541.jpg"], "photo_count": 1}, "geometry": {"type": "Point", "coordinates": [111.5922698, 26.449084]}}, {"type": "Feature", "properties": {"type": "photo", "name": "\n        ", "date": "2026-09-10", "track": "2026-09-10 0859永州冷水滩区", "photo_urls": ["track_photos_new/2026-09-10_0859永州冷水滩区_542.jpg"], "photo_count": 1}, "geometry": {"type": "Point", "coordinates": [111.5923447, 26.4491447]}}, {"type": "Feature", "properties": {"type": "photo", "name": "\n        ", "date": "2026-09-10", "track": "2026-09-10 0859永州冷水滩区", "photo_urls": ["track_photos_new/2026-09-10_0859永州冷水滩区_543.jpg"], "photo_count": 1}, "geometry": {"type": "Point", "coordinates": [111.5923447, 26.4491447]}}, {"type": "Feature", "properties": {"type": "photo", "name": "\n        ", "date": "2026-09-10", "track": "2026-09-10 0859永州冷水滩区", "photo_urls": ["track_photos_new/2026-09-10_0859永州冷水滩区_544.jpg"], "photo_count": 1}, "geometry": {"type": "Point", "coordinates": [111.5923447, 26.4491447]}}, {"type": "Feature", "properties": {"type": "photo", "name": "\n        ", "date": "2026-09-10", "track": "2026-09-10 0859永州冷水滩区", "photo_urls": ["track_photos_new/2026-09-10_0859永州冷水滩区_545.jpg"], "photo_count": 1}, "geometry": {"type": "Point", "coordinates": [111.5924705, 26.4491565]}}, {"type": "Feature", "properties": {"type": "photo", "name": "\n        ", "date": "2026-09-10", "track": "2026-09-10 0859永州冷水滩区", "photo_urls": ["track_photos_new/2026-09-10_0859永州冷水滩区_546.jpg"], "photo_count": 1}, "geometry": {"type": "Point", "coordinates": [111.5924705, 26.4491565]}}, {"type": "Feature", "properties": {"type": "photo", "name": "\n        ", "date": "2026-09-10", "track": "2026-09-10 0859永州冷水滩区", "photo_urls": ["track_photos_new/2026-09-10_0859永州冷水滩区_547.jpg"], "photo_count": 1}, "geometry": {"type": "Point", "coordinates": [111.5924705, 26.4491565]}}, {"type": "Feature", "properties": {"type": "photo", "name": "\n        ", "date": "2026-09-10", "track": "2026-09-10 0859永州冷水滩区", "photo_urls": ["track_photos_new/2026-09-10_0859永州冷水滩区_548.jpg"], "photo_count": 1}, "geometry": {"type": "Point", "coordinates": [111.5924705, 26.4491565]}}, {"type": "Feature", "properties": {"type": "photo", "name": "\n        ", "date": "2026-09-10", "track": "2026-09-10 0859永州冷水滩区", "photo_urls": ["track_photos_new/2026-09-10_0859永州冷水滩区_549.jpg"], "photo_count": 1}, "geometry": {"type": "Point", "coordinates": [111.5926883, 26.4491208]}}, {"type": "Feature", "properties": {"type": "photo", "name": "\n        ", "date": "2026-09-10", "track": "2026-09-10 0859永州冷水滩区", "photo_urls": ["track_photos_new/2026-09-10_0859永州冷水滩区_550.jpg"], "photo_count": 1}, "geometry": {"type": "Point", "coordinates": [111.5926883, 26.4491208]}}, {"type": "Feature", "properties": {"type": "photo", "name": "\n        ", "date": "2026-09-10", "track": "2026-09-10 0859永州冷水滩区", "photo_urls": ["track_photos_new/2026-09-10_0859永州冷水滩区_551.jpg"], "photo_count": 1}, "geometry": {"type": "Point", "coordinates": [111.5926883, 26.4491208]}}, {"type": "Feature", "properties": {"type": "photo", "name": "\n        ", "date": "2026-09-10", "track": "2026-09-10 0859永州冷水滩区", "photo_urls": ["track_photos_new/2026-09-10_0859永州冷水滩区_552.jpg"], "photo_count": 1}, "geometry": {"type": "Point", "coordinates": [111.5926883, 26.4491208]}}, {"type": "Feature", "properties": {"type": "photo", "name": "\n        ", "date": "2026-09-10", "track": "2026-09-10 0859永州冷水滩区", "photo_urls": ["track_photos_new/2026-09-10_0859永州冷水滩区_553.jpg"], "photo_count": 1}, "geometry": {"type": "Point", "coordinates": [111.5925476, 26.4487461]}}, {"type": "Feature", "properties": {"type": "photo", "name": "\n        ", "date": "2026-09-10", "track": "2026-09-10 0859永州冷水滩区", "photo_urls": ["track_photos_new/2026-09-10_0859永州冷水滩区_554.jpg"], "photo_count": 1}, "geometry": {"type": "Point", "coordinates": [111.5925476, 26.4487461]}}, {"type": "Feature", "properties": {"type": "photo", "name": "\n        ", "date": "2026-09-10", "track": "2026-09-10 0859永州冷水滩区", "photo_urls": ["track_photos_new/2026-09-10_0859永州冷水滩区_555.jpg"], "photo_count": 1}, "geometry": {"type": "Point", "coordinates": [111.5924419, 26.448725]}}, {"type": "Feature", "properties": {"type": "photo", "name": "\n        ", "date": "2026-09-10", "track": "2026-09-10 0859永州冷水滩区", "photo_urls": ["track_photos_new/2026-09-10_0859永州冷水滩区_556.jpg"], "photo_count": 1}, "geometry": {"type": "Point", "coordinates": [111.5923137, 26.4487115]}}, {"type": "Feature", "properties": {"type": "photo", "name": "药材公司煤棚危房\n        ", "date": "2026-09-10", "track": "2026-09-10 0859永州冷水滩区", "photo_urls": ["track_photos_new/2026-09-10_0859永州冷水滩区_557.jpg"], "photo_count": 1}, "geometry": {"type": "Point", "coordinates": [111.5923098, 26.4487145]}}, {"type": "Feature", "properties": {"type": "photo", "name": "\n        ", "date": "2026-09-10", "track": "2026-09-10 0859永州冷水滩区", "photo_urls": ["track_photos_new/2026-09-10_0859永州冷水滩区_558.jpg"], "photo_count": 1}, "geometry": {"type": "Point", "coordinates": [111.5923031, 26.448791]}}, {"type": "Feature", "properties": {"type": "photo", "name": "\n        ", "date": "2026-09-10", "track": "2026-09-10 0859永州冷水滩区", "photo_urls": ["track_photos_new/2026-09-10_0859永州冷水滩区_559.jpg"], "photo_count": 1}, "geometry": {"type": "Point", "coordinates": [111.5923031, 26.448791]}}, {"type": "Feature", "properties": {"type": "photo", "name": "\n        ", "date": "2026-09-10", "track": "2026-09-10 0859永州冷水滩区", "photo_urls": ["track_photos_new/2026-09-10_0859永州冷水滩区_560.jpg"], "photo_count": 1}, "geometry": {"type": "Point", "coordinates": [111.5923031, 26.448791]}}, {"type": "Feature", "properties": {"type": "photo", "name": "药材公司煤棚危房\n        ", "date": "2026-09-10", "track": "2026-09-10 0859永州冷水滩区", "photo_urls": ["track_photos_new/2026-09-10_0859永州冷水滩区_561.jpg"], "photo_count": 1}, "geometry": {"type": "Point", "coordinates": [111.5923031, 26.448791]}}, {"type": "Feature", "properties": {"type": "photo", "name": "\n        ", "date": "2026-09-10", "track": "2026-09-10 0859永州冷水滩区", "photo_urls": ["track_photos_new/2026-09-10_0859永州冷水滩区_562.jpg"], "photo_count": 1}, "geometry": {"type": "Point", "coordinates": [111.5923031, 26.448791]}}, {"type": "Feature", "properties": {"type": "photo", "name": "\n        ", "date": "2026-09-10", "track": "2026-09-10 0859永州冷水滩区", "photo_urls": ["track_photos_new/2026-09-10_0859永州冷水滩区_563.jpg"], "photo_count": 1}, "geometry": {"type": "Point", "coordinates": [111.5920942, 26.4487686]}}, {"type": "Feature", "properties": {"type": "photo", "name": "\n        ", "date": "2026-09-10", "track": "2026-09-10 0859永州冷水滩区", "photo_urls": ["track_photos_new/2026-09-10_0859永州冷水滩区_564.jpg"], "photo_count": 1}, "geometry": {"type": "Point", "coordinates": [111.5920942, 26.4487686]}}, {"type": "Feature", "properties": {"type": "photo", "name": "\n        ", "date": "2026-09-10", "track": "2026-09-10 0859永州冷水滩区", "photo_urls": ["track_photos_new/2026-09-10_0859永州冷水滩区_565.jpg"], "photo_count": 1}, "geometry": {"type": "Point", "coordinates": [111.5920942, 26.4487686]}}, {"type": "Feature", "properties": {"type": "photo", "name": "\n        ", "date": "2026-09-10", "track": "2026-09-10 0859永州冷水滩区", "photo_urls": ["track_photos_new/2026-09-10_0859永州冷水滩区_566.jpg"], "photo_count": 1}, "geometry": {"type": "Point", "coordinates": [111.5920942, 26.4487686]}}, {"type": "Feature", "properties": {"type": "photo", "name": "\n        ", "date": "2026-09-10", "track": "2026-09-10 0859永州冷水滩区", "photo_urls": ["track_photos_new/2026-09-10_0859永州冷水滩区_567.jpg"], "photo_count": 1}, "geometry": {"type": "Point", "coordinates": [111.5920038, 26.4489342]}}, {"type": "Feature", "properties": {"type": "photo", "name": "\n        ", "date": "2026-09-10", "track": "2026-09-10 0859永州冷水滩区", "photo_urls": ["track_photos_new/2026-09-10_0859永州冷水滩区_568.jpg"], "photo_count": 1}, "geometry": {"type": "Point", "coordinates": [111.5920038, 26.4489342]}}, {"type": "Feature", "properties": {"type": "photo", "name": "\n        ", "date": "2026-09-10", "track": "2026-09-10 0859永州冷水滩区", "photo_urls": ["track_photos_new/2026-09-10_0859永州冷水滩区_569.jpg"], "photo_count": 1}, "geometry": {"type": "Point", "coordinates": [111.5920038, 26.4489342]}}, {"type": "Feature", "properties": {"type": "photo", "name": "\n        ", "date": "2026-09-10", "track": "2026-09-10 0859永州冷水滩区", "photo_urls": ["track_photos_new/2026-09-10_0859永州冷水滩区_570.jpg"], "photo_count": 1}, "geometry": {"type": "Point", "coordinates": [111.5919213, 26.4488193]}}, {"type": "Feature", "properties": {"type": "photo", "name": "\n        ", "date": "2026-09-10", "track": "2026-09-10 0859永州冷水滩区", "photo_urls": ["track_photos_new/2026-09-10_0859永州冷水滩区_571.jpg"], "photo_count": 1}, "geometry": {"type": "Point", "coordinates": [111.5916055, 26.4486433]}}, {"type": "Feature", "properties": {"type": "photo", "name": "\n        ", "date": "2026-09-10", "track": "2026-09-10 0859永州冷水滩区", "photo_urls": ["track_photos_new/2026-09-10_0859永州冷水滩区_572.jpg"], "photo_count": 1}, "geometry": {"type": "Point", "coordinates": [111.5916055, 26.4486433]}}, {"type": "Feature", "properties": {"type": "photo", "name": "\n        ", "date": "2026-09-10", "track": "2026-09-10 0859永州冷水滩区", "photo_urls": ["track_photos_new/2026-09-10_0859永州冷水滩区_573.jpg"], "photo_count": 1}, "geometry": {"type": "Point", "coordinates": [111.5918738, 26.4488138]}}, {"type": "Feature", "properties": {"type": "photo", "name": "\n        ", "date": "2026-09-10", "track": "2026-09-10 0859永州冷水滩区", "photo_urls": ["track_photos_new/2026-09-10_0859永州冷水滩区_574.jpg"], "photo_count": 1}, "geometry": {"type": "Point", "coordinates": [111.5925545, 26.4486392]}}, {"type": "Feature", "properties": {"type": "photo", "name": "\n        ", "date": "2026-09-10", "track": "2026-09-10 0859永州冷水滩区", "photo_urls": ["track_photos_new/2026-09-10_0859永州冷水滩区_575.jpg"], "photo_count": 1}, "geometry": {"type": "Point", "coordinates": [111.5923904, 26.4485248]}}, {"type": "Feature", "properties": {"type": "photo", "name": "档管办\n        ", "date": "2026-09-10", "track": "2026-09-10 0859永州冷水滩区", "photo_urls": ["track_photos_new/2026-09-10_0859永州冷水滩区_576.jpg"], "photo_count": 1}, "geometry": {"type": "Point", "coordinates": [111.5923135, 26.4484555]}}, {"type": "Feature", "properties": {"type": "photo", "name": "\n        ", "date": "2026-09-10", "track": "2026-09-10 0859永州冷水滩区", "photo_urls": ["track_photos_new/2026-09-10_0859永州冷水滩区_577.jpg"], "photo_count": 1}, "geometry": {"type": "Point", "coordinates": [111.5922168, 26.4484052]}}, {"type": "Feature", "properties": {"type": "photo", "name": "\n        ", "date": "2026-09-10", "track": "2026-09-10 0859永州冷水滩区", "photo_urls": ["track_photos_new/2026-09-10_0859永州冷水滩区_578.jpg"], "photo_count": 1}, "geometry": {"type": "Point", "coordinates": [111.5921153, 26.4483739]}}, {"type": "Feature", "properties": {"type": "photo", "name": "\n        ", "date": "2026-09-10", "track": "2026-09-10 0859永州冷水滩区", "photo_urls": ["track_photos_new/2026-09-10_0859永州冷水滩区_579.jpg"], "photo_count": 1}, "geometry": {"type": "Point", "coordinates": [111.5921646, 26.4483797]}}, {"type": "Feature", "properties": {"type": "photo", "name": "\n        ", "date": "2026-09-10", "track": "2026-09-10 0859永州冷水滩区", "photo_urls": ["track_photos_new/2026-09-10_0859永州冷水滩区_580.jpg"], "photo_count": 1}, "geometry": {"type": "Point", "coordinates": [111.5923361, 26.4484891]}}, {"type": "Feature", "properties": {"type": "photo", "name": "\n        ", "date": "2026-09-10", "track": "2026-09-10 0859永州冷水滩区", "photo_urls": ["track_photos_new/2026-09-10_0859永州冷水滩区_581.jpg"], "photo_count": 1}, "geometry": {"type": "Point", "coordinates": [111.5926146, 26.448397]}}, {"type": "Feature", "properties": {"type": "photo", "name": "\n        ", "date": "2026-09-10", "track": "2026-09-10 0859永州冷水滩区", "photo_urls": ["track_photos_new/2026-09-10_0859永州冷水滩区_582.jpg"], "photo_count": 1}, "geometry": {"type": "Point", "coordinates": [111.5926146, 26.448397]}}, {"type": "Feature", "properties": {"type": "photo", "name": "\n        ", "date": "2026-09-10", "track": "2026-09-10 0859永州冷水滩区", "photo_urls": ["track_photos_new/2026-09-10_0859永州冷水滩区_583.jpg"], "photo_count": 1}, "geometry": {"type": "Point", "coordinates": [111.5926514, 26.448431]}}, {"type": "Feature", "properties": {"type": "photo", "name": "\n        ", "date": "2026-09-10", "track": "2026-09-10 0859永州冷水滩区", "photo_urls": ["track_photos_new/2026-09-10_0859永州冷水滩区_584.jpg"], "photo_count": 1}, "geometry": {"type": "Point", "coordinates": [111.5926514, 26.448431]}}, {"type": "Feature", "properties": {"type": "photo", "name": "\n        ", "date": "2026-09-10", "track": "2026-09-10 0859永州冷水滩区", "photo_urls": ["track_photos_new/2026-09-10_0859永州冷水滩区_585.jpg"], "photo_count": 1}, "geometry": {"type": "Point", "coordinates": [111.5926844, 26.4492075]}}, {"type": "Feature", "properties": {"type": "photo", "name": "\n        ", "date": "2026-09-10", "track": "2026-09-10 0859永州冷水滩区", "photo_urls": ["track_photos_new/2026-09-10_0859永州冷水滩区_586.jpg"], "photo_count": 1}, "geometry": {"type": "Point", "coordinates": [111.5927254, 26.4494552]}}, {"type": "Feature", "properties": {"type": "photo", "name": "生资公司宿舍\n        ", "date": "2026-09-10", "track": "2026-09-10 0859永州冷水滩区", "photo_urls": ["track_photos_new/2026-09-10_0859永州冷水滩区_587.jpg"], "photo_count": 1}, "geometry": {"type": "Point", "coordinates": [111.5926681, 26.4494719]}}, {"type": "Feature", "properties": {"type": "photo", "name": "\n        ", "date": "2026-09-10", "track": "2026-09-10 0859永州冷水滩区", "photo_urls": ["track_photos_new/2026-09-10_0859永州冷水滩区_588.jpg"], "photo_count": 1}, "geometry": {"type": "Point", "coordinates": [111.5926681, 26.4494719]}}, {"type": "Feature", "properties": {"type": "photo", "name": "\n        ", "date": "2026-09-10", "track": "2026-09-10 0859永州冷水滩区", "photo_urls": ["track_photos_new/2026-09-10_0859永州冷水滩区_589.jpg"], "photo_count": 1}, "geometry": {"type": "Point", "coordinates": [111.5926781, 26.4495624]}}, {"type": "Feature", "properties": {"type": "photo", "name": "\n        ", "date": "2026-09-10", "track": "2026-09-10 0859永州冷水滩区", "photo_urls": ["track_photos_new/2026-09-10_0859永州冷水滩区_590.jpg"], "photo_count": 1}, "geometry": {"type": "Point", "coordinates": [111.592765, 26.4495964]}}, {"type": "Feature", "properties": {"type": "photo", "name": "\n        ", "date": "2026-09-10", "track": "2026-09-10 0859永州冷水滩区", "photo_urls": ["track_photos_new/2026-09-10_0859永州冷水滩区_591.jpg"], "photo_count": 1}, "geometry": {"type": "Point", "coordinates": [111.592765, 26.4495964]}}, {"type": "Feature", "properties": {"type": "photo", "name": "\n        ", "date": "2026-09-10", "track": "2026-09-10 0859永州冷水滩区", "photo_urls": ["track_photos_new/2026-09-10_0859永州冷水滩区_592.jpg"], "photo_count": 1}, "geometry": {"type": "Point", "coordinates": [111.592765, 26.4495964]}}, {"type": "Feature", "properties": {"type": "photo", "name": "\n        ", "date": "2026-09-10", "track": "2026-09-10 0859永州冷水滩区", "photo_urls": ["track_photos_new/2026-09-10_0859永州冷水滩区_593.jpg"], "photo_count": 1}, "geometry": {"type": "Point", "coordinates": [111.592765, 26.4495964]}}, {"type": "Feature", "properties": {"type": "photo", "name": "\n        ", "date": "2026-09-10", "track": "2026-09-10 0859永州冷水滩区", "photo_urls": ["track_photos_new/2026-09-10_0859永州冷水滩区_594.jpg"], "photo_count": 1}, "geometry": {"type": "Point", "coordinates": [111.592765, 26.4495964]}}, {"type": "Feature", "properties": {"type": "photo", "name": "\n        ", "date": "2026-09-10", "track": "2026-09-10 0859永州冷水滩区", "photo_urls": ["track_photos_new/2026-09-10_0859永州冷水滩区_595.jpg"], "photo_count": 1}, "geometry": {"type": "Point", "coordinates": [111.592765, 26.4495964]}}, {"type": "Feature", "properties": {"type": "photo", "name": "\n        ", "date": "2026-09-10", "track": "2026-09-10 0859永州冷水滩区", "photo_urls": ["track_photos_new/2026-09-10_0859永州冷水滩区_596.jpg"], "photo_count": 1}, "geometry": {"type": "Point", "coordinates": [111.5927798, 26.4494171]}}, {"type": "Feature", "properties": {"type": "photo", "name": "\n        ", "date": "2026-09-10", "track": "2026-09-10 0859永州冷水滩区", "photo_urls": ["track_photos_new/2026-09-10_0859永州冷水滩区_597.jpg"], "photo_count": 1}, "geometry": {"type": "Point", "coordinates": [111.5928815, 26.4494483]}}, {"type": "Feature", "properties": {"type": "photo", "name": "\n        ", "date": "2026-09-10", "track": "2026-09-10 0859永州冷水滩区", "photo_urls": ["track_photos_new/2026-09-10_0859永州冷水滩区_598.jpg"], "photo_count": 1}, "geometry": {"type": "Point", "coordinates": [111.5929857, 26.4494893]}}, {"type": "Feature", "properties": {"type": "photo", "name": "\n        ", "date": "2026-09-10", "track": "2026-09-10 0859永州冷水滩区", "photo_urls": ["track_photos_new/2026-09-10_0859永州冷水滩区_599.jpg"], "photo_count": 1}, "geometry": {"type": "Point", "coordinates": [111.5929857, 26.4494893]}}, {"type": "Feature", "properties": {"type": "photo", "name": "\n        ", "date": "2026-09-10", "track": "2026-09-10 0859永州冷水滩区", "photo_urls": ["track_photos_new/2026-09-10_0859永州冷水滩区_600.jpg"], "photo_count": 1}, "geometry": {"type": "Point", "coordinates": [111.593323, 26.4495678]}}, {"type": "Feature", "properties": {"type": "photo", "name": "\n        ", "date": "2026-09-10", "track": "2026-09-10 0859永州冷水滩区", "photo_urls": ["track_photos_new/2026-09-10_0859永州冷水滩区_601.jpg"], "photo_count": 1}, "geometry": {"type": "Point", "coordinates": [111.593323, 26.4495678]}}, {"type": "Feature", "properties": {"type": "photo", "name": "\n        ", "date": "2026-09-10", "track": "2026-09-10 0859永州冷水滩区", "photo_urls": ["track_photos_new/2026-09-10_0859永州冷水滩区_602.jpg"], "photo_count": 1}, "geometry": {"type": "Point", "coordinates": [111.593323, 26.4495678]}}, {"type": "Feature", "properties": {"type": "photo", "name": "\n        ", "date": "2026-09-10", "track": "2026-09-10 0859永州冷水滩区", "photo_urls": ["track_photos_new/2026-09-10_0859永州冷水滩区_603.jpg"], "photo_count": 1}, "geometry": {"type": "Point", "coordinates": [111.5935083, 26.449463]}}, {"type": "Feature", "properties": {"type": "photo", "name": "\n        ", "date": "2026-09-10", "track": "2026-09-10 0859永州冷水滩区", "photo_urls": ["track_photos_new/2026-09-10_0859永州冷水滩区_604.jpg"], "photo_count": 1}, "geometry": {"type": "Point", "coordinates": [111.5935083, 26.449463]}}, {"type": "Feature", "properties": {"type": "photo", "name": "\n        ", "date": "2026-09-10", "track": "2026-09-10 0859永州冷水滩区", "photo_urls": ["track_photos_new/2026-09-10_0859永州冷水滩区_605.jpg"], "photo_count": 1}, "geometry": {"type": "Point", "coordinates": [111.5934598, 26.4493713]}}, {"type": "Feature", "properties": {"type": "photo", "name": "\n        ", "date": "2026-09-10", "track": "2026-09-10 0859永州冷水滩区", "photo_urls": ["track_photos_new/2026-09-10_0859永州冷水滩区_606.jpg"], "photo_count": 1}, "geometry": {"type": "Point", "coordinates": [111.5934225, 26.44927]}}, {"type": "Feature", "properties": {"type": "photo", "name": "\n        ", "date": "2026-09-10", "track": "2026-09-10 0859永州冷水滩区", "photo_urls": ["track_photos_new/2026-09-10_0859永州冷水滩区_607.jpg"], "photo_count": 1}, "geometry": {"type": "Point", "coordinates": [111.5933873, 26.4491739]}}, {"type": "Feature", "properties": {"type": "photo", "name": "\n        ", "date": "2026-09-10", "track": "2026-09-10 0859永州冷水滩区", "photo_urls": ["track_photos_new/2026-09-10_0859永州冷水滩区_608.jpg"], "photo_count": 1}, "geometry": {"type": "Point", "coordinates": [111.5933873, 26.4491739]}}, {"type": "Feature", "properties": {"type": "photo", "name": "\n        ", "date": "2026-09-10", "track": "2026-09-10 0859永州冷水滩区", "photo_urls": ["track_photos_new/2026-09-10_0859永州冷水滩区_609.jpg"], "photo_count": 1}, "geometry": {"type": "Point", "coordinates": [111.5933873, 26.4491739]}}, {"type": "Feature", "properties": {"type": "photo", "name": "\n        ", "date": "2026-09-10", "track": "2026-09-10 0859永州冷水滩区", "photo_urls": ["track_photos_new/2026-09-10_0859永州冷水滩区_610.jpg"], "photo_count": 1}, "geometry": {"type": "Point", "coordinates": [111.5934663, 26.4492996]}}, {"type": "Feature", "properties": {"type": "photo", "name": "供销宿舍\n        ", "date": "2026-09-10", "track": "2026-09-10 0859永州冷水滩区", "photo_urls": ["track_photos_new/2026-09-10_0859永州冷水滩区_611.jpg"], "photo_count": 1}, "geometry": {"type": "Point", "coordinates": [111.5934663, 26.4492996]}}, {"type": "Feature", "properties": {"type": "photo", "name": "\n        ", "date": "2026-09-10", "track": "2026-09-10 0859永州冷水滩区", "photo_urls": ["track_photos_new/2026-09-10_0859永州冷水滩区_612.jpg"], "photo_count": 1}, "geometry": {"type": "Point", "coordinates": [111.5934976, 26.4488445]}}, {"type": "Feature", "properties": {"type": "photo", "name": "\n        ", "date": "2026-09-10", "track": "2026-09-10 0859永州冷水滩区", "photo_urls": ["track_photos_new/2026-09-10_0859永州冷水滩区_613.jpg"], "photo_count": 1}, "geometry": {"type": "Point", "coordinates": [111.5935071, 26.4487405]}}, {"type": "Feature", "properties": {"type": "photo", "name": "金城商住楼\n        ", "date": "2026-09-10", "track": "2026-09-10 0859永州冷水滩区", "photo_urls": ["track_photos_new/2026-09-10_0859永州冷水滩区_614.jpg"], "photo_count": 1}, "geometry": {"type": "Point", "coordinates": [111.5934275, 26.4486843]}}, {"type": "Feature", "properties": {"type": "photo", "name": "\n        ", "date": "2026-09-10", "track": "2026-09-10 0859永州冷水滩区", "photo_urls": ["track_photos_new/2026-09-10_0859永州冷水滩区_615.jpg"], "photo_count": 1}, "geometry": {"type": "Point", "coordinates": [111.5932593, 26.4486144]}}, {"type": "Feature", "properties": {"type": "photo", "name": "\n        ", "date": "2026-09-10", "track": "2026-09-10 0859永州冷水滩区", "photo_urls": ["track_photos_new/2026-09-10_0859永州冷水滩区_616.jpg"], "photo_count": 1}, "geometry": {"type": "Point", "coordinates": [111.5929386, 26.448649]}}, {"type": "Feature", "properties": {"type": "photo", "name": "\n        ", "date": "2026-09-10", "track": "2026-09-10 0859永州冷水滩区", "photo_urls": ["track_photos_new/2026-09-10_0859永州冷水滩区_617.jpg"], "photo_count": 1}, "geometry": {"type": "Point", "coordinates": [111.5929386, 26.448649]}}, {"type": "Feature", "properties": {"type": "photo", "name": "\n        ", "date": "2026-09-10", "track": "2026-09-10 0859永州冷水滩区", "photo_urls": ["track_photos_new/2026-09-10_0859永州冷水滩区_618.jpg"], "photo_count": 1}, "geometry": {"type": "Point", "coordinates": [111.5929386, 26.448649]}}, {"type": "Feature", "properties": {"type": "photo", "name": "\n        ", "date": "2026-09-10", "track": "2026-09-10 0859永州冷水滩区", "photo_urls": ["track_photos_new/2026-09-10_0859永州冷水滩区_619.jpg"], "photo_count": 1}, "geometry": {"type": "Point", "coordinates": [111.5928813, 26.4487339]}}, {"type": "Feature", "properties": {"type": "photo", "name": "\n        ", "date": "2026-09-10", "track": "2026-09-10 0859永州冷水滩区", "photo_urls": ["track_photos_new/2026-09-10_0859永州冷水滩区_620.jpg"], "photo_count": 1}, "geometry": {"type": "Point", "coordinates": [111.5935419, 26.4487196]}}, {"type": "Feature", "properties": {"type": "photo", "name": "\n        ", "date": "2026-09-10", "track": "2026-09-10 0859永州冷水滩区", "photo_urls": ["track_photos_new/2026-09-10_0859永州冷水滩区_621.jpg"], "photo_count": 1}, "geometry": {"type": "Point", "coordinates": [111.5935259, 26.4487916]}}, {"type": "Feature", "properties": {"type": "photo", "name": "\n        ", "date": "2026-09-10", "track": "2026-09-10 0859永州冷水滩区", "photo_urls": ["track_photos_new/2026-09-10_0859永州冷水滩区_622.jpg"], "photo_count": 1}, "geometry": {"type": "Point", "coordinates": [111.5935218, 26.4488863]}}, {"type": "Feature", "properties": {"type": "photo", "name": "\n        ", "date": "2026-09-10", "track": "2026-09-10 0859永州冷水滩区", "photo_urls": ["track_photos_new/2026-09-10_0859永州冷水滩区_623.jpg"], "photo_count": 1}, "geometry": {"type": "Point", "coordinates": [111.5935218, 26.4488863]}}, {"type": "Feature", "properties": {"type": "photo", "name": "\n        ", "date": "2026-09-10", "track": "2026-09-10 0859永州冷水滩区", "photo_urls": ["track_photos_new/2026-09-10_0859永州冷水滩区_624.jpg"], "photo_count": 1}, "geometry": {"type": "Point", "coordinates": [111.5935471, 26.4489836]}}, {"type": "Feature", "properties": {"type": "photo", "name": "\n        ", "date": "2026-09-10", "track": "2026-09-10 0859永州冷水滩区", "photo_urls": ["track_photos_new/2026-09-10_0859永州冷水滩区_625.jpg"], "photo_count": 1}, "geometry": {"type": "Point", "coordinates": [111.5934525, 26.4491565]}}, {"type": "Feature", "properties": {"type": "photo", "name": "\n        ", "date": "2026-09-10", "track": "2026-09-10 0859永州冷水滩区", "photo_urls": ["track_photos_new/2026-09-10_0859永州冷水滩区_626.jpg"], "photo_count": 1}, "geometry": {"type": "Point", "coordinates": [111.5935873, 26.4486754]}}, {"type": "Feature", "properties": {"type": "photo", "name": "\n        ", "date": "2026-09-10", "track": "2026-09-10 0859永州冷水滩区", "photo_urls": ["track_photos_new/2026-09-10_0859永州冷水滩区_627.jpg"], "photo_count": 1}, "geometry": {"type": "Point", "coordinates": [111.5935873, 26.4486754]}}, {"type": "Feature", "properties": {"type": "photo", "name": "\n        ", "date": "2026-09-10", "track": "2026-09-10 0859永州冷水滩区", "photo_urls": ["track_photos_new/2026-09-10_0859永州冷水滩区_628.jpg"], "photo_count": 1}, "geometry": {"type": "Point", "coordinates": [111.593831, 26.4488091]}}, {"type": "Feature", "properties": {"type": "photo", "name": "\n        ", "date": "2026-09-10", "track": "2026-09-10 0859永州冷水滩区", "photo_urls": ["track_photos_new/2026-09-10_0859永州冷水滩区_629.jpg"], "photo_count": 1}, "geometry": {"type": "Point", "coordinates": [111.5945902, 26.4488697]}}, {"type": "Feature", "properties": {"type": "photo", "name": "\n        ", "date": "2026-09-10", "track": "2026-09-10 0859永州冷水滩区", "photo_urls": ["track_photos_new/2026-09-10_0859永州冷水滩区_630.jpg"], "photo_count": 1}, "geometry": {"type": "Point", "coordinates": [111.5946942, 26.4488802]}}, {"type": "Feature", "properties": {"type": "photo", "name": "\n        ", "date": "2026-09-10", "track": "2026-09-10 0859永州冷水滩区", "photo_urls": ["track_photos_new/2026-09-10_0859永州冷水滩区_631.jpg"], "photo_count": 1}, "geometry": {"type": "Point", "coordinates": [111.5946942, 26.4488802]}}, {"type": "Feature", "properties": {"type": "photo", "name": "\n        ", "date": "2026-09-10", "track": "2026-09-10 0859永州冷水滩区", "photo_urls": ["track_photos_new/2026-09-10_0859永州冷水滩区_632.jpg"], "photo_count": 1}, "geometry": {"type": "Point", "coordinates": [111.5947309, 26.4489692]}}, {"type": "Feature", "properties": {"type": "photo", "name": "\n        ", "date": "2026-09-10", "track": "2026-09-10 0859永州冷水滩区", "photo_urls": ["track_photos_new/2026-09-10_0859永州冷水滩区_633.jpg"], "photo_count": 1}, "geometry": {"type": "Point", "coordinates": [111.5947309, 26.4489692]}}, {"type": "Feature", "properties": {"type": "photo", "name": "\n        ", "date": "2026-09-10", "track": "2026-09-10 0859永州冷水滩区", "photo_urls": ["track_photos_new/2026-09-10_0859永州冷水滩区_634.jpg"], "photo_count": 1}, "geometry": {"type": "Point", "coordinates": [111.5945767, 26.4492354]}}, {"type": "Feature", "properties": {"type": "photo", "name": "\n        ", "date": "2026-09-10", "track": "2026-09-10 0859永州冷水滩区", "photo_urls": ["track_photos_new/2026-09-10_0859永州冷水滩区_635.jpg"], "photo_count": 1}, "geometry": {"type": "Point", "coordinates": [111.5945767, 26.4492354]}}, {"type": "Feature", "properties": {"type": "photo", "name": "\n        ", "date": "2026-09-10", "track": "2026-09-10 0859永州冷水滩区", "photo_urls": ["track_photos_new/2026-09-10_0859永州冷水滩区_636.jpg"], "photo_count": 1}, "geometry": {"type": "Point", "coordinates": [111.5948913, 26.4492082]}}, {"type": "Feature", "properties": {"type": "photo", "name": "外贸粮油宿舍\n        ", "date": "2026-09-10", "track": "2026-09-10 0859永州冷水滩区", "photo_urls": ["track_photos_new/2026-09-10_0859永州冷水滩区_637.jpg"], "photo_count": 1}, "geometry": {"type": "Point", "coordinates": [111.5947358, 26.4499997]}}, {"type": "Feature", "properties": {"type": "photo", "name": "\n        ", "date": "2026-09-10", "track": "2026-09-10 0859永州冷水滩区", "photo_urls": ["track_photos_new/2026-09-10_0859永州冷水滩区_638.jpg"], "photo_count": 1}, "geometry": {"type": "Point", "coordinates": [111.594972, 26.4502249]}}, {"type": "Feature", "properties": {"type": "photo", "name": "\n        ", "date": "2026-09-10", "track": "2026-09-10 0859永州冷水滩区", "photo_urls": ["track_photos_new/2026-09-10_0859永州冷水滩区_639.jpg"], "photo_count": 1}, "geometry": {"type": "Point", "coordinates": [111.594972, 26.4502249]}}, {"type": "Feature", "properties": {"type": "photo", "name": "\n        ", "date": "2026-09-10", "track": "2026-09-10 0859永州冷水滩区", "photo_urls": ["track_photos_new/2026-09-10_0859永州冷水滩区_640.jpg"], "photo_count": 1}, "geometry": {"type": "Point", "coordinates": [111.594972, 26.4502249]}}, {"type": "Feature", "properties": {"type": "photo", "name": "外贸粮油宿舍\n        ", "date": "2026-09-10", "track": "2026-09-10 0859永州冷水滩区", "photo_urls": ["track_photos_new/2026-09-10_0859永州冷水滩区_641.jpg"], "photo_count": 1}, "geometry": {"type": "Point", "coordinates": [111.5950642, 26.4502832]}}, {"type": "Feature", "properties": {"type": "photo", "name": "\n        ", "date": "2026-09-10", "track": "2026-09-10 0859永州冷水滩区", "photo_urls": ["track_photos_new/2026-09-10_0859永州冷水滩区_642.jpg"], "photo_count": 1}, "geometry": {"type": "Point", "coordinates": [111.5950642, 26.4502832]}}, {"type": "Feature", "properties": {"type": "photo", "name": "\n        ", "date": "2026-09-10", "track": "2026-09-10 0859永州冷水滩区", "photo_urls": ["track_photos_new/2026-09-10_0859永州冷水滩区_643.jpg"], "photo_count": 1}, "geometry": {"type": "Point", "coordinates": [111.5952704, 26.4502061]}}, {"type": "Feature", "properties": {"type": "photo", "name": "\n        ", "date": "2026-09-10", "track": "2026-09-10 0859永州冷水滩区", "photo_urls": ["track_photos_new/2026-09-10_0859永州冷水滩区_644.jpg"], "photo_count": 1}, "geometry": {"type": "Point", "coordinates": [111.5953753, 26.4501993]}}, {"type": "Feature", "properties": {"type": "photo", "name": "\n        ", "date": "2026-09-10", "track": "2026-09-10 0859永州冷水滩区", "photo_urls": ["track_photos_new/2026-09-10_0859永州冷水滩区_645.jpg"], "photo_count": 1}, "geometry": {"type": "Point", "coordinates": [111.5953753, 26.4501993]}}, {"type": "Feature", "properties": {"type": "photo", "name": "\n        ", "date": "2026-09-10", "track": "2026-09-10 0859永州冷水滩区", "photo_urls": ["track_photos_new/2026-09-10_0859永州冷水滩区_646.jpg"], "photo_count": 1}, "geometry": {"type": "Point", "coordinates": [111.5953753, 26.4501993]}}, {"type": "Feature", "properties": {"type": "photo", "name": "\n        ", "date": "2026-09-10", "track": "2026-09-10 0859永州冷水滩区", "photo_urls": ["track_photos_new/2026-09-10_0859永州冷水滩区_647.jpg"], "photo_count": 1}, "geometry": {"type": "Point", "coordinates": [111.5954073, 26.450282]}}, {"type": "Feature", "properties": {"type": "photo", "name": "\n        ", "date": "2026-09-10", "track": "2026-09-10 0859永州冷水滩区", "photo_urls": ["track_photos_new/2026-09-10_0859永州冷水滩区_648.jpg"], "photo_count": 1}, "geometry": {"type": "Point", "coordinates": [111.5954073, 26.450282]}}, {"type": "Feature", "properties": {"type": "photo", "name": "\n        ", "date": "2026-09-10", "track": "2026-09-10 0859永州冷水滩区", "photo_urls": ["track_photos_new/2026-09-10_0859永州冷水滩区_649.jpg"], "photo_count": 1}, "geometry": {"type": "Point", "coordinates": [111.5953927, 26.4505237]}}, {"type": "Feature", "properties": {"type": "photo", "name": "\n        ", "date": "2026-09-10", "track": "2026-09-10 0859永州冷水滩区", "photo_urls": ["track_photos_new/2026-09-10_0859永州冷水滩区_650.jpg"], "photo_count": 1}, "geometry": {"type": "Point", "coordinates": [111.5953472, 26.4506952]}}, {"type": "Feature", "properties": {"type": "photo", "name": "\n        ", "date": "2026-09-10", "track": "2026-09-10 0859永州冷水滩区", "photo_urls": ["track_photos_new/2026-09-10_0859永州冷水滩区_651.jpg"], "photo_count": 1}, "geometry": {"type": "Point", "coordinates": [111.5951547, 26.4508051]}}, {"type": "Feature", "properties": {"type": "photo", "name": "\n        ", "date": "2026-09-10", "track": "2026-09-10 0859永州冷水滩区", "photo_urls": ["track_photos_new/2026-09-10_0859永州冷水滩区_652.jpg"], "photo_count": 1}, "geometry": {"type": "Point", "coordinates": [111.5951547, 26.4508051]}}, {"type": "Feature", "properties": {"type": "photo", "name": "\n        ", "date": "2026-09-10", "track": "2026-09-10 0859永州冷水滩区", "photo_urls": ["track_photos_new/2026-09-10_0859永州冷水滩区_653.jpg"], "photo_count": 1}, "geometry": {"type": "Point", "coordinates": [111.5951547, 26.4508051]}}, {"type": "Feature", "properties": {"type": "photo", "name": "\n        ", "date": "2026-09-10", "track": "2026-09-10 0859永州冷水滩区", "photo_urls": ["track_photos_new/2026-09-10_0859永州冷水滩区_654.jpg"], "photo_count": 1}, "geometry": {"type": "Point", "coordinates": [111.5950905, 26.4508763]}}, {"type": "Feature", "properties": {"type": "photo", "name": "\n        ", "date": "2026-09-10", "track": "2026-09-10 0859永州冷水滩区", "photo_urls": ["track_photos_new/2026-09-10_0859永州冷水滩区_655.jpg"], "photo_count": 1}, "geometry": {"type": "Point", "coordinates": [111.5950905, 26.4508763]}}, {"type": "Feature", "properties": {"type": "photo", "name": "\n        ", "date": "2026-09-10", "track": "2026-09-10 0859永州冷水滩区", "photo_urls": ["track_photos_new/2026-09-10_0859永州冷水滩区_656.jpg"], "photo_count": 1}, "geometry": {"type": "Point", "coordinates": [111.5947937, 26.4507124]}}, {"type": "Feature", "properties": {"type": "photo", "name": "\n        ", "date": "2026-09-10", "track": "2026-09-10 0859永州冷水滩区", "photo_urls": ["track_photos_new/2026-09-10_0859永州冷水滩区_657.jpg"], "photo_count": 1}, "geometry": {"type": "Point", "coordinates": [111.5947203, 26.4507634]}}, {"type": "Feature", "properties": {"type": "photo", "name": "\n        ", "date": "2026-09-10", "track": "2026-09-10 0859永州冷水滩区", "photo_urls": ["track_photos_new/2026-09-10_0859永州冷水滩区_658.jpg"], "photo_count": 1}, "geometry": {"type": "Point", "coordinates": [111.5947123, 26.4507189]}}, {"type": "Feature", "properties": {"type": "photo", "name": "\n        ", "date": "2026-09-10", "track": "2026-09-10 0859永州冷水滩区", "photo_urls": ["track_photos_new/2026-09-10_0859永州冷水滩区_659.jpg"], "photo_count": 1}, "geometry": {"type": "Point", "coordinates": [111.5947123, 26.4507189]}}, {"type": "Feature", "properties": {"type": "photo", "name": "\n        ", "date": "2026-09-10", "track": "2026-09-10 0859永州冷水滩区", "photo_urls": ["track_photos_new/2026-09-10_0859永州冷水滩区_660.jpg"], "photo_count": 1}, "geometry": {"type": "Point", "coordinates": [111.5947123, 26.4507189]}}, {"type": "Feature", "properties": {"type": "photo", "name": "\n        ", "date": "2026-09-10", "track": "2026-09-10 0859永州冷水滩区", "photo_urls": ["track_photos_new/2026-09-10_0859永州冷水滩区_661.jpg"], "photo_count": 1}, "geometry": {"type": "Point", "coordinates": [111.5946219, 26.4505678]}}, {"type": "Feature", "properties": {"type": "photo", "name": "\n        ", "date": "2026-09-10", "track": "2026-09-10 0859永州冷水滩区", "photo_urls": ["track_photos_new/2026-09-10_0859永州冷水滩区_662.jpg"], "photo_count": 1}, "geometry": {"type": "Point", "coordinates": [111.5946219, 26.4505678]}}, {"type": "Feature", "properties": {"type": "photo", "name": "劳保公司\n        ", "date": "2026-09-10", "track": "2026-09-10 0859永州冷水滩区", "photo_urls": ["track_photos_new/2026-09-10_0859永州冷水滩区_663.jpg"], "photo_count": 1}, "geometry": {"type": "Point", "coordinates": [111.5945534, 26.4516951]}}, {"type": "Feature", "properties": {"type": "photo", "name": "\n        ", "date": "2026-09-10", "track": "2026-09-10 0859永州冷水滩区", "photo_urls": ["track_photos_new/2026-09-10_0859永州冷水滩区_664.jpg"], "photo_count": 1}, "geometry": {"type": "Point", "coordinates": [111.594733, 26.4514744]}}, {"type": "Feature", "properties": {"type": "photo", "name": "\n        ", "date": "2026-09-10", "track": "2026-09-10 0859永州冷水滩区", "photo_urls": ["track_photos_new/2026-09-10_0859永州冷水滩区_665.jpg"], "photo_count": 1}, "geometry": {"type": "Point", "coordinates": [111.594733, 26.4514744]}}, {"type": "Feature", "properties": {"type": "photo", "name": "\n        ", "date": "2026-09-10", "track": "2026-09-10 0859永州冷水滩区", "photo_urls": ["track_photos_new/2026-09-10_0859永州冷水滩区_666.jpg"], "photo_count": 1}, "geometry": {"type": "Point", "coordinates": [111.594733, 26.4514744]}}, {"type": "Feature", "properties": {"type": "photo", "name": "\n        ", "date": "2026-09-10", "track": "2026-09-10 0859永州冷水滩区", "photo_urls": ["track_photos_new/2026-09-10_0859永州冷水滩区_667.jpg"], "photo_count": 1}, "geometry": {"type": "Point", "coordinates": [111.594733, 26.4514744]}}, {"type": "Feature", "properties": {"type": "photo", "name": "\n        ", "date": "2026-09-10", "track": "2026-09-10 0859永州冷水滩区", "photo_urls": ["track_photos_new/2026-09-10_0859永州冷水滩区_668.jpg"], "photo_count": 1}, "geometry": {"type": "Point", "coordinates": [111.594733, 26.4514744]}}, {"type": "Feature", "properties": {"type": "photo", "name": "\n        ", "date": "2026-09-10", "track": "2026-09-10 0859永州冷水滩区", "photo_urls": ["track_photos_new/2026-09-10_0859永州冷水滩区_669.jpg"], "photo_count": 1}, "geometry": {"type": "Point", "coordinates": [111.5951302, 26.4515154]}}, {"type": "Feature", "properties": {"type": "photo", "name": "食品公司宿舍\n        ", "date": "2026-09-10", "track": "2026-09-10 0859永州冷水滩区", "photo_urls": ["track_photos_new/2026-09-10_0859永州冷水滩区_670.jpg"], "photo_count": 1}, "geometry": {"type": "Point", "coordinates": [111.5951302, 26.4515154]}}, {"type": "Feature", "properties": {"type": "photo", "name": "\n        ", "date": "2026-09-10", "track": "2026-09-10 0859永州冷水滩区", "photo_urls": ["track_photos_new/2026-09-10_0859永州冷水滩区_671.jpg"], "photo_count": 1}, "geometry": {"type": "Point", "coordinates": [111.5951642, 26.4515638]}}, {"type": "Feature", "properties": {"type": "photo", "name": "\n        ", "date": "2026-09-10", "track": "2026-09-10 0859永州冷水滩区", "photo_urls": ["track_photos_new/2026-09-10_0859永州冷水滩区_672.jpg"], "photo_count": 1}, "geometry": {"type": "Point", "coordinates": [111.5954635, 26.4516704]}}, {"type": "Feature", "properties": {"type": "photo", "name": "\n        ", "date": "2026-09-10", "track": "2026-09-10 0859永州冷水滩区", "photo_urls": ["track_photos_new/2026-09-10_0859永州冷水滩区_673.jpg"], "photo_count": 1}, "geometry": {"type": "Point", "coordinates": [111.5949929, 26.4512844]}}, {"type": "Feature", "properties": {"type": "photo", "name": "\n        ", "date": "2026-09-10", "track": "2026-09-10 0859永州冷水滩区", "photo_urls": ["track_photos_new/2026-09-10_0859永州冷水滩区_674.jpg"], "photo_count": 1}, "geometry": {"type": "Point", "coordinates": [111.5950377, 26.4512007]}}, {"type": "Feature", "properties": {"type": "photo", "name": "\n        ", "date": "2026-09-10", "track": "2026-09-10 0859永州冷水滩区", "photo_urls": ["track_photos_new/2026-09-10_0859永州冷水滩区_675.jpg"], "photo_count": 1}, "geometry": {"type": "Point", "coordinates": [111.5950377, 26.4512007]}}, {"type": "Feature", "properties": {"type": "photo", "name": "\n        ", "date": "2026-09-10", "track": "2026-09-10 0859永州冷水滩区", "photo_urls": ["track_photos_new/2026-09-10_0859永州冷水滩区_676.jpg"], "photo_count": 1}, "geometry": {"type": "Point", "coordinates": [111.5951095, 26.4511207]}}, {"type": "Feature", "properties": {"type": "photo", "name": "\n        ", "date": "2026-09-10", "track": "2026-09-10 0859永州冷水滩区", "photo_urls": ["track_photos_new/2026-09-10_0859永州冷水滩区_677.jpg"], "photo_count": 1}, "geometry": {"type": "Point", "coordinates": [111.5950842, 26.4511809]}}, {"type": "Feature", "properties": {"type": "photo", "name": "食品公司宿舍连廊开裂\n        ", "date": "2026-09-10", "track": "2026-09-10 0859永州冷水滩区", "photo_urls": ["track_photos_new/2026-09-10_0859永州冷水滩区_678.jpg"], "photo_count": 1}, "geometry": {"type": "Point", "coordinates": [111.5950683, 26.4512881]}}, {"type": "Feature", "properties": {"type": "photo", "name": "食品公司宿舍裙房顶排污管破损\n\n        ", "date": "2026-09-10", "track": "2026-09-10 0859永州冷水滩区", "photo_urls": ["track_photos_new/2026-09-10_0859永州冷水滩区_679.jpg"], "photo_count": 1}, "geometry": {"type": "Point", "coordinates": [111.5949494, 26.4516836]}}, {"type": "Feature", "properties": {"type": "photo", "name": "\n        ", "date": "2026-09-10", "track": "2026-09-10 0859永州冷水滩区", "photo_urls": ["track_photos_new/2026-09-10_0859永州冷水滩区_680.jpg"], "photo_count": 1}, "geometry": {"type": "Point", "coordinates": [111.5949494, 26.4516836]}}, {"type": "Feature", "properties": {"type": "photo", "name": "\n        ", "date": "2026-09-10", "track": "2026-09-10 0859永州冷水滩区", "photo_urls": ["track_photos_new/2026-09-10_0859永州冷水滩区_681.jpg"], "photo_count": 1}, "geometry": {"type": "Point", "coordinates": [111.5950214, 26.4516074]}}, {"type": "Feature", "properties": {"type": "photo", "name": "\n        ", "date": "2026-09-10", "track": "2026-09-10 0859永州冷水滩区", "photo_urls": ["track_photos_new/2026-09-10_0859永州冷水滩区_682.jpg"], "photo_count": 1}, "geometry": {"type": "Point", "coordinates": [111.5953411, 26.4516561]}}, {"type": "Feature", "properties": {"type": "photo", "name": "\n        ", "date": "2026-09-10", "track": "2026-09-10 0859永州冷水滩区", "photo_urls": ["track_photos_new/2026-09-10_0859永州冷水滩区_683.jpg"], "photo_count": 1}, "geometry": {"type": "Point", "coordinates": [111.5953411, 26.4516561]}}, {"type": "Feature", "properties": {"type": "photo", "name": "\n        ", "date": "2026-09-10", "track": "2026-09-10 0859永州冷水滩区", "photo_urls": ["track_photos_new/2026-09-10_0859永州冷水滩区_684.jpg"], "photo_count": 1}, "geometry": {"type": "Point", "coordinates": [111.5955325, 26.451592]}}, {"type": "Feature", "properties": {"type": "track", "name": "2026-09-10 0859永州冷水滩区 轨迹", "date": "2026-09-10", "distance_km": 4.7, "photo_count": 280}, "geometry": {"type": "LineString", "coordinates": [[111.5909225, 26.4502929], [111.5909363, 26.4502116], [111.5910056, 26.4501475], [111.5910942, 26.4500943], [111.5911625, 26.4500218], [111.5912491, 26.4499718], [111.5913593, 26.4499378], [111.5913957, 26.4498529], [111.5914842, 26.4497891], [111.5915994, 26.4497474], [111.591713, 26.4497092], [111.5917411, 26.4496139], [111.5917926, 26.4495311], [111.5918717, 26.4494216], [111.5919496, 26.4493282], [111.5920327, 26.449391], [111.5921719, 26.4493857], [111.592165, 26.4494994], [111.5921656, 26.4494603], [111.59223, 26.4494038], [111.5923338, 26.4493696], [111.5924448, 26.4493445], [111.5924486, 26.449414], [111.5924306, 26.4494584], [111.5923341, 26.4494717], [111.592381, 26.4494136], [111.5925141, 26.4493636], [111.5926472, 26.4493604], [111.5927055, 26.4494405], [111.5926774, 26.4495306], [111.5926533, 26.4496334], [111.5925741, 26.449728], [111.5924996, 26.4498235], [111.5925096, 26.4499201], [111.5923991, 26.4499367], [111.5923642, 26.4499065], [111.592286, 26.4498741], [111.5921927, 26.4498225], [111.5922637, 26.449852], [111.5922793, 26.4499417], [111.5922826, 26.4499824], [111.5923496, 26.4500519], [111.5924189, 26.4501273], [111.5924345, 26.4502308], [111.5924149, 26.4503268], [111.5923992, 26.450444], [111.5923848, 26.4505506], [111.5923671, 26.4506642], [111.5923348, 26.4507621], [111.5922895, 26.4508454], [111.5922025, 26.4508981], [111.5921343, 26.4508466], [111.5921856, 26.4508692], [111.5922032, 26.4509459], [111.5921953, 26.4510586], [111.592177, 26.4511655], [111.5921458, 26.4512647], [111.5921073, 26.4513867], [111.5920552, 26.4515151], [111.5919605, 26.4515698], [111.5918716, 26.4515152], [111.5918109, 26.4514086], [111.5917478, 26.4513044], [111.5917034, 26.4511975], [111.5916235, 26.4511229], [111.5915426, 26.4510495], [111.5914624, 26.4509787], [111.5913794, 26.4509201], [111.591278, 26.4508818], [111.5911954, 26.4508242], [111.5911463, 26.4507472], [111.5910972, 26.450659], [111.591024, 26.4505941], [111.5909684, 26.4505172], [111.5908909, 26.4504536], [111.5908091, 26.4503936], [111.5907372, 26.4503154], [111.5906542, 26.4502432], [111.5906469, 26.4501564], [111.5907052, 26.4500281], [111.5907878, 26.4499365], [111.5908985, 26.4498764], [111.591008, 26.4498499], [111.591089, 26.4497892], [111.5907482, 26.4494092], [111.5908481, 26.4494356], [111.5908486, 26.449517], [111.5908, 26.4496043], [111.5907443, 26.4496939], [111.5906749, 26.4497726], [111.5906013, 26.4498549], [111.5904884, 26.4499165], [111.5904601, 26.4499988], [111.5905067, 26.4500902], [111.5905726, 26.4501799], [111.590654, 26.4502685], [111.5907425, 26.4503358], [111.590821, 26.4504003], [111.590906, 26.4503609], [111.5909941, 26.4502701], [111.5910624, 26.4501617], [111.5911653, 26.4501279], [111.5910984, 26.4501405], [111.5911384, 26.4501383], [111.5910339, 26.450148], [111.5909381, 26.4502024], [111.5908656, 26.4502807], [111.5908062, 26.450365], [111.5907377, 26.4503313], [111.5906606, 26.4502588], [111.5905727, 26.4501927], [111.5905718, 26.450087], [111.5904892, 26.4500292], [111.5904701, 26.4499285], [111.5903752, 26.449865], [111.5902895, 26.4498055], [111.5901952, 26.4497598], [111.5901016, 26.449709], [111.5900315, 26.4496434], [111.5899834, 26.4495629], [111.5899821, 26.4494618], [111.5899526, 26.4493737], [111.5900017, 26.4492895], [111.5900079, 26.4492008], [111.5900963, 26.449219], [111.5901863, 26.4492788], [111.5902878, 26.4493247], [111.5903624, 26.4494232], [111.5903178, 26.4495144], [111.5902176, 26.4495594], [111.5901015, 26.4495458], [111.5899976, 26.4494885], [111.58994, 26.4493993], [111.5903981, 26.4494714], [111.5904766, 26.4492879], [111.5904762, 26.4493214], [111.5905549, 26.4494015], [111.5904602, 26.449353], [111.59034, 26.4492833], [111.5902342, 26.4492321], [111.5901267, 26.4492249], [111.5897979, 26.449621], [111.5897835, 26.4497238], [111.589839, 26.4496459], [111.5898596, 26.449524], [111.5898921, 26.4493984], [111.5899487, 26.4492997], [111.5900098, 26.4492072], [111.590075, 26.4491272], [111.590174, 26.4491032], [111.5902133, 26.4490306], [111.5902759, 26.4489492], [111.590364, 26.4489028], [111.59042, 26.4488262], [111.5905132, 26.4488477], [111.5906374, 26.4488374], [111.5907459, 26.4488545], [111.5908213, 26.4489141], [111.5908998, 26.4490213], [111.5909428, 26.4491243], [111.5908598, 26.4492031], [111.5907536, 26.4492323], [111.5908248, 26.4492413], [111.5909119, 26.4491713], [111.5909452, 26.4490735], [111.5908701, 26.4490066], [111.5907752, 26.4489136], [111.5907567, 26.4488196], [111.5908244, 26.4487637], [111.5909328, 26.4487761], [111.5909992, 26.4488589], [111.591092, 26.4488717], [111.5912036, 26.4488792], [111.5913148, 26.4488594], [111.5914273, 26.4488643], [111.5914881, 26.4489313], [111.5915251, 26.4490288], [111.5915389, 26.4491338], [111.591541, 26.4490283], [111.5914453, 26.4489999], [111.5915198, 26.4490797], [111.5916087, 26.4491249], [111.5917295, 26.4491764], [111.5918371, 26.4491792], [111.5919475, 26.4491775], [111.5920476, 26.4491483], [111.5921635, 26.4491099], [111.5922698, 26.449084], [111.5923447, 26.4491447], [111.5924705, 26.4491565], [111.5925812, 26.4491372], [111.5926883, 26.4491208], [111.5926665, 26.4490472], [111.5926622, 26.448935], [111.5926303, 26.4488231], [111.5925476, 26.4487461], [111.5924419, 26.448725], [111.5923137, 26.4487115], [111.5923098, 26.4487145], [111.5923031, 26.448791], [111.5921945, 26.4487943], [111.5920942, 26.4487686], [111.5920346, 26.4488371], [111.5920038, 26.4489342], [111.5919508, 26.4489114], [111.5919213, 26.4488193], [111.5918437, 26.4487321], [111.5917292, 26.4486623], [111.5916055, 26.4486433], [111.5916161, 26.448715], [111.5917345, 26.4487771], [111.5918738, 26.4488138], [111.5920175, 26.448836], [111.592144, 26.4488687], [111.5922523, 26.4488932], [111.5923171, 26.4488277], [111.5924035, 26.4487698], [111.5924995, 26.4487285], [111.5925545, 26.4486392], [111.5925073, 26.4485657], [111.5923904, 26.4485248], [111.5923135, 26.4484555], [111.5922168, 26.4484052], [111.5921153, 26.4483739], [111.5921646, 26.4483797], [111.5922255, 26.4484485], [111.5923361, 26.4484891], [111.5924292, 26.4485489], [111.5925323, 26.4485562], [111.5925692, 26.4484829], [111.5926146, 26.448397], [111.5926514, 26.448431], [111.5925509, 26.4485161], [111.59254, 26.4486229], [111.5925593, 26.4487146], [111.5926088, 26.4488074], [111.5926545, 26.4489071], [111.5926788, 26.4490037], [111.5926764, 26.4491015], [111.5926844, 26.4492075], [111.5926814, 26.4493106], [111.5926588, 26.4494066], [111.5927254, 26.4494552], [111.5926681, 26.4494719], [111.5926781, 26.4495624], [111.592765, 26.4495964], [111.5927128, 26.4496222], [111.5926239, 26.4495849], [111.5925727, 26.4495031], [111.5926578, 26.4494312], [111.5927798, 26.4494171], [111.5928815, 26.4494483], [111.5929857, 26.4494893], [111.5930965, 26.4495042], [111.59322, 26.4495344], [111.593323, 26.4495678], [111.5934341, 26.4495434], [111.5935083, 26.449463], [111.5934598, 26.4493713], [111.5934225, 26.44927], [111.5933873, 26.4491739], [111.5934413, 26.4492072], [111.5934663, 26.4492996], [111.593437, 26.4492733], [111.5934268, 26.4491853], [111.5934497, 26.4490718], [111.5934669, 26.4489564], [111.5934976, 26.4488445], [111.5935071, 26.4487405], [111.5934275, 26.4486843], [111.5933568, 26.4486168], [111.5932593, 26.4486144], [111.5931446, 26.4485829], [111.5930336, 26.4485879], [111.5929386, 26.448649], [111.5928813, 26.4487339], [111.5929335, 26.448717], [111.5930557, 26.4486846], [111.5931841, 26.4486665], [111.5933148, 26.4486739], [111.593438, 26.4486891], [111.5935419, 26.4487196], [111.5935259, 26.4487916], [111.5935218, 26.4488863], [111.5935471, 26.4489836], [111.5934817, 26.449064], [111.5934525, 26.4491565], [111.5934737, 26.4491012], [111.5935079, 26.4490004], [111.5935402, 26.4488876], [111.5935698, 26.4487854], [111.5935873, 26.4486754], [111.5936588, 26.4486754], [111.593743, 26.4487357], [111.593831, 26.4488091], [111.593931, 26.4488388], [111.5940338, 26.4488319], [111.5941366, 26.4488114], [111.5942615, 26.4487957], [111.5943795, 26.4487983], [111.5944861, 26.4488344], [111.5945902, 26.4488697], [111.5946942, 26.4488802], [111.5947309, 26.4489692], [111.5946713, 26.44904], [111.5946059, 26.4491281], [111.5945767, 26.4492354], [111.5945015, 26.4493119], [111.594458, 26.4494189], [111.594458, 26.4494189], [111.594458, 26.4494189], [111.594458, 26.4494189], [111.5947401, 26.4492798], [111.5947401, 26.4492798], [111.5946126, 26.4491943], [111.5946806, 26.4492005], [111.5947855, 26.4492345], [111.5948913, 26.4492082], [111.5949575, 26.4492834], [111.5949531, 26.449398], [111.5949481, 26.4495134], [111.5949374, 26.4496217], [111.5949228, 26.4497181], [111.5949397, 26.4498174], [111.5950209, 26.4498122], [111.5950965, 26.4497346], [111.5950965, 26.4497346], [111.5948417, 26.4498574], [111.5948417, 26.4498574], [111.5949468, 26.4498633], [111.5949576, 26.4499584], [111.5948998, 26.4500387], [111.594878, 26.4501276], [111.5948205, 26.4500554], [111.594735, 26.4499958], [111.5948032, 26.4500732], [111.5948933, 26.450141], [111.594972, 26.4502249], [111.5950642, 26.4502832], [111.595067, 26.4503712], [111.5951079, 26.450293], [111.5951722, 26.4502366], [111.5952704, 26.4502061], [111.5953753, 26.4501993], [111.5954073, 26.450282], [111.595392, 26.4504024], [111.5953927, 26.4505237], [111.5954189, 26.4506265], [111.5953472, 26.4506952], [111.5952636, 26.4507623], [111.5951547, 26.4508051], [111.5950905, 26.4508763], [111.5949848, 26.4508599], [111.5948937, 26.4507915], [111.5947937, 26.4507124], [111.5947203, 26.4507634], [111.5947123, 26.4507189], [111.5947267, 26.4506014], [111.5946219, 26.4505678], [111.5945343, 26.4506089], [111.5944803, 26.4507104], [111.5944248, 26.4508124], [111.5943578, 26.4509008], [111.5942999, 26.4509926], [111.594233, 26.45109], [111.5941728, 26.4511837], [111.5940894, 26.451273], [111.5940307, 26.4513688], [111.5939929, 26.4514586], [111.5940285, 26.4515442], [111.5941191, 26.4516051], [111.5942221, 26.4516524], [111.594336, 26.4516692], [111.5944468, 26.4516788], [111.5945534, 26.4516951], [111.594664, 26.451702], [111.5947683, 26.4516424], [111.5948138, 26.4515969], [111.5947716, 26.4515164], [111.594733, 26.4514744], [111.594698, 26.4515335], [111.59464, 26.4516228], [111.5946856, 26.4516821], [111.5947935, 26.4516987], [111.5948946, 26.4517473], [111.594962, 26.4516599], [111.5950418, 26.4515848], [111.5951302, 26.4515154], [111.5951642, 26.4515638], [111.5952491, 26.4516135], [111.59535, 26.451649], [111.5954635, 26.4516704], [111.5954501, 26.4516179], [111.5953717, 26.4515218], [111.5952498, 26.4514507], [111.595126, 26.4514013], [111.595011, 26.4513702], [111.5949929, 26.4512844], [111.5950377, 26.4512007], [111.5951095, 26.4511207], [111.5950842, 26.4511809], [111.5950683, 26.4512881], [111.5950393, 26.4513977], [111.5950028, 26.4515001], [111.5949618, 26.4515921], [111.5949494, 26.4516836], [111.5949946, 26.4515977], [111.5950214, 26.4516074], [111.5951174, 26.4516199], [111.5952242, 26.4516363], [111.5953411, 26.4516561], [111.5953411, 26.4516561], [111.595452, 26.4516496], [111.595452, 26.4516496], [111.5955325, 26.451592], [111.5954604, 26.4515785], [111.595343, 26.4516342], [111.595145, 26.4515717], [111.5951337, 26.4515964], [111.5952162, 26.4516652], [111.5953005, 26.4517573], [111.595356, 26.4518491], [111.5952981, 26.4518565], [111.5952087, 26.4518913], [111.5951483, 26.4519787], [111.5951456, 26.4520784], [111.5951018, 26.4521595], [111.5951018, 26.4521595]]}}, {"type": "Feature", "properties": {"type": "photo", "name": "\n        ", "date": "2026-09-10", "track": "2026-09-10 1521永州冷水滩区", "photo_urls": ["track_photos_new/2026-09-10_1521永州冷水滩区_685.jpg"], "photo_count": 1}, "geometry": {"type": "Point", "coordinates": [111.5908665, 26.4462433]}}, {"type": "Feature", "properties": {"type": "photo", "name": "盐业公司\n        ", "date": "2026-09-10", "track": "2026-09-10 1521永州冷水滩区", "photo_urls": ["track_photos_new/2026-09-10_1521永州冷水滩区_686.jpg"], "photo_count": 1}, "geometry": {"type": "Point", "coordinates": [111.5912678, 26.4459567]}}, {"type": "Feature", "properties": {"type": "photo", "name": "自建房\n        ", "date": "2026-09-10", "track": "2026-09-10 1521永州冷水滩区", "photo_urls": ["track_photos_new/2026-09-10_1521永州冷水滩区_687.jpg"], "photo_count": 1}, "geometry": {"type": "Point", "coordinates": [111.5913802, 26.4460622]}}, {"type": "Feature", "properties": {"type": "photo", "name": "\n        ", "date": "2026-09-10", "track": "2026-09-10 1521永州冷水滩区", "photo_urls": ["track_photos_new/2026-09-10_1521永州冷水滩区_688.jpg"], "photo_count": 1}, "geometry": {"type": "Point", "coordinates": [111.5914639, 26.4460492]}}, {"type": "Feature", "properties": {"type": "photo", "name": "\n        ", "date": "2026-09-10", "track": "2026-09-10 1521永州冷水滩区", "photo_urls": ["track_photos_new/2026-09-10_1521永州冷水滩区_689.jpg"], "photo_count": 1}, "geometry": {"type": "Point", "coordinates": [111.5914639, 26.4460492]}}, {"type": "Feature", "properties": {"type": "photo", "name": "\n        ", "date": "2026-09-10", "track": "2026-09-10 1521永州冷水滩区", "photo_urls": ["track_photos_new/2026-09-10_1521永州冷水滩区_690.jpg"], "photo_count": 1}, "geometry": {"type": "Point", "coordinates": [111.5914639, 26.4460492]}}, {"type": "Feature", "properties": {"type": "photo", "name": "\n        ", "date": "2026-09-10", "track": "2026-09-10 1521永州冷水滩区", "photo_urls": ["track_photos_new/2026-09-10_1521永州冷水滩区_691.jpg"], "photo_count": 1}, "geometry": {"type": "Point", "coordinates": [111.5912671, 26.4458258]}}, {"type": "Feature", "properties": {"type": "photo", "name": "\n        ", "date": "2026-09-10", "track": "2026-09-10 1521永州冷水滩区", "photo_urls": ["track_photos_new/2026-09-10_1521永州冷水滩区_692.jpg"], "photo_count": 1}, "geometry": {"type": "Point", "coordinates": [111.5913459, 26.4457632]}}, {"type": "Feature", "properties": {"type": "photo", "name": "\n        ", "date": "2026-09-10", "track": "2026-09-10 1521永州冷水滩区", "photo_urls": ["track_photos_new/2026-09-10_1521永州冷水滩区_693.jpg"], "photo_count": 1}, "geometry": {"type": "Point", "coordinates": [111.591397, 26.4458198]}}, {"type": "Feature", "properties": {"type": "photo", "name": "\n        ", "date": "2026-09-10", "track": "2026-09-10 1521永州冷水滩区", "photo_urls": ["track_photos_new/2026-09-10_1521永州冷水滩区_694.jpg"], "photo_count": 1}, "geometry": {"type": "Point", "coordinates": [111.591397, 26.4458198]}}, {"type": "Feature", "properties": {"type": "photo", "name": "\n        ", "date": "2026-09-10", "track": "2026-09-10 1521永州冷水滩区", "photo_urls": ["track_photos_new/2026-09-10_1521永州冷水滩区_695.jpg"], "photo_count": 1}, "geometry": {"type": "Point", "coordinates": [111.5914769, 26.445688]}}, {"type": "Feature", "properties": {"type": "photo", "name": "中间八院养身项目\n        ", "date": "2026-09-10", "track": "2026-09-10 1521永州冷水滩区", "photo_urls": ["track_photos_new/2026-09-10_1521永州冷水滩区_696.jpg"], "photo_count": 1}, "geometry": {"type": "Point", "coordinates": [111.5916547, 26.4456843]}}, {"type": "Feature", "properties": {"type": "photo", "name": "\n        ", "date": "2026-09-10", "track": "2026-09-10 1521永州冷水滩区", "photo_urls": ["track_photos_new/2026-09-10_1521永州冷水滩区_697.jpg"], "photo_count": 1}, "geometry": {"type": "Point", "coordinates": [111.5917161, 26.4457629]}}, {"type": "Feature", "properties": {"type": "photo", "name": "\n        ", "date": "2026-09-10", "track": "2026-09-10 1521永州冷水滩区", "photo_urls": ["track_photos_new/2026-09-10_1521永州冷水滩区_698.jpg"], "photo_count": 1}, "geometry": {"type": "Point", "coordinates": [111.5917161, 26.4457629]}}, {"type": "Feature", "properties": {"type": "photo", "name": "\n        ", "date": "2026-09-10", "track": "2026-09-10 1521永州冷水滩区", "photo_urls": ["track_photos_new/2026-09-10_1521永州冷水滩区_699.jpg"], "photo_count": 1}, "geometry": {"type": "Point", "coordinates": [111.5917161, 26.4457629]}}, {"type": "Feature", "properties": {"type": "photo", "name": "\n        ", "date": "2026-09-10", "track": "2026-09-10 1521永州冷水滩区", "photo_urls": ["track_photos_new/2026-09-10_1521永州冷水滩区_700.jpg"], "photo_count": 1}, "geometry": {"type": "Point", "coordinates": [111.5917161, 26.4457629]}}, {"type": "Feature", "properties": {"type": "photo", "name": "\n        ", "date": "2026-09-10", "track": "2026-09-10 1521永州冷水滩区", "photo_urls": ["track_photos_new/2026-09-10_1521永州冷水滩区_701.jpg"], "photo_count": 1}, "geometry": {"type": "Point", "coordinates": [111.5917161, 26.4457629]}}, {"type": "Feature", "properties": {"type": "photo", "name": "公厕\n        ", "date": "2026-09-10", "track": "2026-09-10 1521永州冷水滩区", "photo_urls": ["track_photos_new/2026-09-10_1521永州冷水滩区_702.jpg"], "photo_count": 1}, "geometry": {"type": "Point", "coordinates": [111.5919907, 26.4457971]}}, {"type": "Feature", "properties": {"type": "photo", "name": "驿站\n        ", "date": "2026-09-10", "track": "2026-09-10 1521永州冷水滩区", "photo_urls": ["track_photos_new/2026-09-10_1521永州冷水滩区_703.jpg"], "photo_count": 1}, "geometry": {"type": "Point", "coordinates": [111.5920771, 26.4457343]}}, {"type": "Feature", "properties": {"type": "photo", "name": "\n        ", "date": "2026-09-10", "track": "2026-09-10 1521永州冷水滩区", "photo_urls": ["track_photos_new/2026-09-10_1521永州冷水滩区_704.jpg"], "photo_count": 1}, "geometry": {"type": "Point", "coordinates": [111.5920771, 26.4457343]}}, {"type": "Feature", "properties": {"type": "photo", "name": "\n        ", "date": "2026-09-10", "track": "2026-09-10 1521永州冷水滩区", "photo_urls": ["track_photos_new/2026-09-10_1521永州冷水滩区_705.jpg"], "photo_count": 1}, "geometry": {"type": "Point", "coordinates": [111.5918435, 26.4458683]}}, {"type": "Feature", "properties": {"type": "photo", "name": "\n        ", "date": "2026-09-10", "track": "2026-09-10 1521永州冷水滩区", "photo_urls": ["track_photos_new/2026-09-10_1521永州冷水滩区_706.jpg"], "photo_count": 1}, "geometry": {"type": "Point", "coordinates": [111.5918435, 26.4458683]}}, {"type": "Feature", "properties": {"type": "photo", "name": "\n        ", "date": "2026-09-10", "track": "2026-09-10 1521永州冷水滩区", "photo_urls": ["track_photos_new/2026-09-10_1521永州冷水滩区_707.jpg"], "photo_count": 1}, "geometry": {"type": "Point", "coordinates": [111.5918435, 26.4458683]}}, {"type": "Feature", "properties": {"type": "photo", "name": "\n        ", "date": "2026-09-10", "track": "2026-09-10 1521永州冷水滩区", "photo_urls": ["track_photos_new/2026-09-10_1521永州冷水滩区_708.jpg"], "photo_count": 1}, "geometry": {"type": "Point", "coordinates": [111.591795, 26.4460638]}}, {"type": "Feature", "properties": {"type": "photo", "name": "\n        ", "date": "2026-09-10", "track": "2026-09-10 1521永州冷水滩区", "photo_urls": ["track_photos_new/2026-09-10_1521永州冷水滩区_709.jpg"], "photo_count": 1}, "geometry": {"type": "Point", "coordinates": [111.5918123, 26.4461689]}}, {"type": "Feature", "properties": {"type": "photo", "name": "\n        ", "date": "2026-09-10", "track": "2026-09-10 1521永州冷水滩区", "photo_urls": ["track_photos_new/2026-09-10_1521永州冷水滩区_710.jpg"], "photo_count": 1}, "geometry": {"type": "Point", "coordinates": [111.5918123, 26.4461689]}}, {"type": "Feature", "properties": {"type": "photo", "name": "\n        ", "date": "2026-09-10", "track": "2026-09-10 1521永州冷水滩区", "photo_urls": ["track_photos_new/2026-09-10_1521永州冷水滩区_711.jpg"], "photo_count": 1}, "geometry": {"type": "Point", "coordinates": [111.5918123, 26.4461689]}}, {"type": "Feature", "properties": {"type": "photo", "name": "\n        ", "date": "2026-09-10", "track": "2026-09-10 1521永州冷水滩区", "photo_urls": ["track_photos_new/2026-09-10_1521永州冷水滩区_712.jpg"], "photo_count": 1}, "geometry": {"type": "Point", "coordinates": [111.5918123, 26.4461689]}}, {"type": "Feature", "properties": {"type": "photo", "name": "\n        ", "date": "2026-09-10", "track": "2026-09-10 1521永州冷水滩区", "photo_urls": ["track_photos_new/2026-09-10_1521永州冷水滩区_713.jpg"], "photo_count": 1}, "geometry": {"type": "Point", "coordinates": [111.5918491, 26.4463746]}}, {"type": "Feature", "properties": {"type": "photo", "name": "桥头市场\n        ", "date": "2026-09-10", "track": "2026-09-10 1521永州冷水滩区", "photo_urls": ["track_photos_new/2026-09-10_1521永州冷水滩区_714.jpg"], "photo_count": 1}, "geometry": {"type": "Point", "coordinates": [111.5918491, 26.4463746]}}, {"type": "Feature", "properties": {"type": "photo", "name": "\n        ", "date": "2026-09-10", "track": "2026-09-10 1521永州冷水滩区", "photo_urls": ["track_photos_new/2026-09-10_1521永州冷水滩区_715.jpg"], "photo_count": 1}, "geometry": {"type": "Point", "coordinates": [111.5917541, 26.4464159]}}, {"type": "Feature", "properties": {"type": "photo", "name": "\n        ", "date": "2026-09-10", "track": "2026-09-10 1521永州冷水滩区", "photo_urls": ["track_photos_new/2026-09-10_1521永州冷水滩区_716.jpg"], "photo_count": 1}, "geometry": {"type": "Point", "coordinates": [111.5917541, 26.4464159]}}, {"type": "Feature", "properties": {"type": "photo", "name": "\n        ", "date": "2026-09-10", "track": "2026-09-10 1521永州冷水滩区", "photo_urls": ["track_photos_new/2026-09-10_1521永州冷水滩区_717.jpg"], "photo_count": 1}, "geometry": {"type": "Point", "coordinates": [111.5917541, 26.4464159]}}, {"type": "Feature", "properties": {"type": "photo", "name": "\n        ", "date": "2026-09-10", "track": "2026-09-10 1521永州冷水滩区", "photo_urls": ["track_photos_new/2026-09-10_1521永州冷水滩区_718.jpg"], "photo_count": 1}, "geometry": {"type": "Point", "coordinates": [111.5915345, 26.4464368]}}, {"type": "Feature", "properties": {"type": "photo", "name": "\n        ", "date": "2026-09-10", "track": "2026-09-10 1521永州冷水滩区", "photo_urls": ["track_photos_new/2026-09-10_1521永州冷水滩区_719.jpg"], "photo_count": 1}, "geometry": {"type": "Point", "coordinates": [111.5915345, 26.4464368]}}, {"type": "Feature", "properties": {"type": "photo", "name": "\n        ", "date": "2026-09-10", "track": "2026-09-10 1521永州冷水滩区", "photo_urls": ["track_photos_new/2026-09-10_1521永州冷水滩区_720.jpg"], "photo_count": 1}, "geometry": {"type": "Point", "coordinates": [111.5916985, 26.4463905]}}, {"type": "Feature", "properties": {"type": "photo", "name": "\n        ", "date": "2026-09-10", "track": "2026-09-10 1521永州冷水滩区", "photo_urls": ["track_photos_new/2026-09-10_1521永州冷水滩区_721.jpg"], "photo_count": 1}, "geometry": {"type": "Point", "coordinates": [111.5916985, 26.4463905]}}, {"type": "Feature", "properties": {"type": "photo", "name": "\n        ", "date": "2026-09-10", "track": "2026-09-10 1521永州冷水滩区", "photo_urls": ["track_photos_new/2026-09-10_1521永州冷水滩区_722.jpg"], "photo_count": 1}, "geometry": {"type": "Point", "coordinates": [111.5918112, 26.4463987]}}, {"type": "Feature", "properties": {"type": "photo", "name": "\n        ", "date": "2026-09-10", "track": "2026-09-10 1521永州冷水滩区", "photo_urls": ["track_photos_new/2026-09-10_1521永州冷水滩区_723.jpg"], "photo_count": 1}, "geometry": {"type": "Point", "coordinates": [111.5919022, 26.4464718]}}, {"type": "Feature", "properties": {"type": "photo", "name": "\n        ", "date": "2026-09-10", "track": "2026-09-10 1521永州冷水滩区", "photo_urls": ["track_photos_new/2026-09-10_1521永州冷水滩区_724.jpg"], "photo_count": 1}, "geometry": {"type": "Point", "coordinates": [111.5919022, 26.4464718]}}, {"type": "Feature", "properties": {"type": "photo", "name": "\n        ", "date": "2026-09-10", "track": "2026-09-10 1521永州冷水滩区", "photo_urls": ["track_photos_new/2026-09-10_1521永州冷水滩区_725.jpg"], "photo_count": 1}, "geometry": {"type": "Point", "coordinates": [111.5921175, 26.4465977]}}, {"type": "Feature", "properties": {"type": "photo", "name": "\n        ", "date": "2026-09-10", "track": "2026-09-10 1521永州冷水滩区", "photo_urls": ["track_photos_new/2026-09-10_1521永州冷水滩区_726.jpg"], "photo_count": 1}, "geometry": {"type": "Point", "coordinates": [111.5921175, 26.4465977]}}, {"type": "Feature", "properties": {"type": "photo", "name": "\n        ", "date": "2026-09-10", "track": "2026-09-10 1521永州冷水滩区", "photo_urls": ["track_photos_new/2026-09-10_1521永州冷水滩区_727.jpg"], "photo_count": 1}, "geometry": {"type": "Point", "coordinates": [111.5922026, 26.4466541]}}, {"type": "Feature", "properties": {"type": "photo", "name": "\n        ", "date": "2026-09-10", "track": "2026-09-10 1521永州冷水滩区", "photo_urls": ["track_photos_new/2026-09-10_1521永州冷水滩区_728.jpg"], "photo_count": 1}, "geometry": {"type": "Point", "coordinates": [111.5922026, 26.4466541]}}, {"type": "Feature", "properties": {"type": "photo", "name": "\n        ", "date": "2026-09-10", "track": "2026-09-10 1521永州冷水滩区", "photo_urls": ["track_photos_new/2026-09-10_1521永州冷水滩区_729.jpg"], "photo_count": 1}, "geometry": {"type": "Point", "coordinates": [111.5922184, 26.4465941]}}, {"type": "Feature", "properties": {"type": "photo", "name": "\n        ", "date": "2026-09-10", "track": "2026-09-10 1521永州冷水滩区", "photo_urls": ["track_photos_new/2026-09-10_1521永州冷水滩区_730.jpg"], "photo_count": 1}, "geometry": {"type": "Point", "coordinates": [111.5922184, 26.4465941]}}, {"type": "Feature", "properties": {"type": "photo", "name": "\n        ", "date": "2026-09-10", "track": "2026-09-10 1521永州冷水滩区", "photo_urls": ["track_photos_new/2026-09-10_1521永州冷水滩区_731.jpg"], "photo_count": 1}, "geometry": {"type": "Point", "coordinates": [111.5921539, 26.4463822]}}, {"type": "Feature", "properties": {"type": "photo", "name": "\n        ", "date": "2026-09-10", "track": "2026-09-10 1521永州冷水滩区", "photo_urls": ["track_photos_new/2026-09-10_1521永州冷水滩区_732.jpg"], "photo_count": 1}, "geometry": {"type": "Point", "coordinates": [111.5923155, 26.4465577]}}, {"type": "Feature", "properties": {"type": "photo", "name": "\n        ", "date": "2026-09-10", "track": "2026-09-10 1521永州冷水滩区", "photo_urls": ["track_photos_new/2026-09-10_1521永州冷水滩区_733.jpg"], "photo_count": 1}, "geometry": {"type": "Point", "coordinates": [111.5924163, 26.4465643]}}, {"type": "Feature", "properties": {"type": "photo", "name": "\n        ", "date": "2026-09-10", "track": "2026-09-10 1521永州冷水滩区", "photo_urls": ["track_photos_new/2026-09-10_1521永州冷水滩区_734.jpg"], "photo_count": 1}, "geometry": {"type": "Point", "coordinates": [111.5924163, 26.4465643]}}, {"type": "Feature", "properties": {"type": "photo", "name": "\n        ", "date": "2026-09-10", "track": "2026-09-10 1521永州冷水滩区", "photo_urls": ["track_photos_new/2026-09-10_1521永州冷水滩区_735.jpg"], "photo_count": 1}, "geometry": {"type": "Point", "coordinates": [111.592467, 26.4467543]}}, {"type": "Feature", "properties": {"type": "photo", "name": "\n        ", "date": "2026-09-10", "track": "2026-09-10 1521永州冷水滩区", "photo_urls": ["track_photos_new/2026-09-10_1521永州冷水滩区_736.jpg"], "photo_count": 1}, "geometry": {"type": "Point", "coordinates": [111.592467, 26.4467543]}}, {"type": "Feature", "properties": {"type": "photo", "name": "\n        ", "date": "2026-09-10", "track": "2026-09-10 1521永州冷水滩区", "photo_urls": ["track_photos_new/2026-09-10_1521永州冷水滩区_737.jpg"], "photo_count": 1}, "geometry": {"type": "Point", "coordinates": [111.592467, 26.4467543]}}, {"type": "Feature", "properties": {"type": "photo", "name": "\n        ", "date": "2026-09-10", "track": "2026-09-10 1521永州冷水滩区", "photo_urls": ["track_photos_new/2026-09-10_1521永州冷水滩区_738.jpg"], "photo_count": 1}, "geometry": {"type": "Point", "coordinates": [111.5925501, 26.4469563]}}, {"type": "Feature", "properties": {"type": "photo", "name": "\n        ", "date": "2026-09-10", "track": "2026-09-10 1521永州冷水滩区", "photo_urls": ["track_photos_new/2026-09-10_1521永州冷水滩区_739.jpg"], "photo_count": 1}, "geometry": {"type": "Point", "coordinates": [111.5925501, 26.4469563]}}, {"type": "Feature", "properties": {"type": "photo", "name": "\n        ", "date": "2026-09-10", "track": "2026-09-10 1521永州冷水滩区", "photo_urls": ["track_photos_new/2026-09-10_1521永州冷水滩区_740.jpg"], "photo_count": 1}, "geometry": {"type": "Point", "coordinates": [111.5925501, 26.4469563]}}, {"type": "Feature", "properties": {"type": "photo", "name": "\n        ", "date": "2026-09-10", "track": "2026-09-10 1521永州冷水滩区", "photo_urls": ["track_photos_new/2026-09-10_1521永州冷水滩区_741.jpg"], "photo_count": 1}, "geometry": {"type": "Point", "coordinates": [111.5927479, 26.4469465]}}, {"type": "Feature", "properties": {"type": "photo", "name": "\n        ", "date": "2026-09-10", "track": "2026-09-10 1521永州冷水滩区", "photo_urls": ["track_photos_new/2026-09-10_1521永州冷水滩区_742.jpg"], "photo_count": 1}, "geometry": {"type": "Point", "coordinates": [111.5928397, 26.4468761]}}, {"type": "Feature", "properties": {"type": "photo", "name": "\n        ", "date": "2026-09-10", "track": "2026-09-10 1521永州冷水滩区", "photo_urls": ["track_photos_new/2026-09-10_1521永州冷水滩区_743.jpg"], "photo_count": 1}, "geometry": {"type": "Point", "coordinates": [111.5928935, 26.4466449]}}, {"type": "Feature", "properties": {"type": "photo", "name": "\n        ", "date": "2026-09-10", "track": "2026-09-10 1521永州冷水滩区", "photo_urls": ["track_photos_new/2026-09-10_1521永州冷水滩区_744.jpg"], "photo_count": 1}, "geometry": {"type": "Point", "coordinates": [111.5928935, 26.4466449]}}, {"type": "Feature", "properties": {"type": "photo", "name": "\n        ", "date": "2026-09-10", "track": "2026-09-10 1521永州冷水滩区", "photo_urls": ["track_photos_new/2026-09-10_1521永州冷水滩区_745.jpg"], "photo_count": 1}, "geometry": {"type": "Point", "coordinates": [111.5930925, 26.4467165]}}, {"type": "Feature", "properties": {"type": "photo", "name": "\n        ", "date": "2026-09-10", "track": "2026-09-10 1521永州冷水滩区", "photo_urls": ["track_photos_new/2026-09-10_1521永州冷水滩区_746.jpg"], "photo_count": 1}, "geometry": {"type": "Point", "coordinates": [111.5931235, 26.4468061]}}, {"type": "Feature", "properties": {"type": "photo", "name": "\n        ", "date": "2026-09-10", "track": "2026-09-10 1521永州冷水滩区", "photo_urls": ["track_photos_new/2026-09-10_1521永州冷水滩区_747.jpg"], "photo_count": 1}, "geometry": {"type": "Point", "coordinates": [111.5931597, 26.4468942]}}, {"type": "Feature", "properties": {"type": "photo", "name": "\n        ", "date": "2026-09-10", "track": "2026-09-10 1521永州冷水滩区", "photo_urls": ["track_photos_new/2026-09-10_1521永州冷水滩区_748.jpg"], "photo_count": 1}, "geometry": {"type": "Point", "coordinates": [111.5935273, 26.4472169]}}, {"type": "Feature", "properties": {"type": "photo", "name": "\n        ", "date": "2026-09-10", "track": "2026-09-10 1521永州冷水滩区", "photo_urls": ["track_photos_new/2026-09-10_1521永州冷水滩区_749.jpg"], "photo_count": 1}, "geometry": {"type": "Point", "coordinates": [111.5935273, 26.4472169]}}, {"type": "Feature", "properties": {"type": "photo", "name": "\n        ", "date": "2026-09-10", "track": "2026-09-10 1521永州冷水滩区", "photo_urls": ["track_photos_new/2026-09-10_1521永州冷水滩区_750.jpg"], "photo_count": 1}, "geometry": {"type": "Point", "coordinates": [111.5939975, 26.4472843]}}, {"type": "Feature", "properties": {"type": "photo", "name": "\n        ", "date": "2026-09-10", "track": "2026-09-10 1521永州冷水滩区", "photo_urls": ["track_photos_new/2026-09-10_1521永州冷水滩区_751.jpg"], "photo_count": 1}, "geometry": {"type": "Point", "coordinates": [111.5939975, 26.4472843]}}, {"type": "Feature", "properties": {"type": "photo", "name": "\n        ", "date": "2026-09-10", "track": "2026-09-10 1521永州冷水滩区", "photo_urls": ["track_photos_new/2026-09-10_1521永州冷水滩区_752.jpg"], "photo_count": 1}, "geometry": {"type": "Point", "coordinates": [111.5940531, 26.447319]}}, {"type": "Feature", "properties": {"type": "photo", "name": "\n        ", "date": "2026-09-10", "track": "2026-09-10 1521永州冷水滩区", "photo_urls": ["track_photos_new/2026-09-10_1521永州冷水滩区_753.jpg"], "photo_count": 1}, "geometry": {"type": "Point", "coordinates": [111.5933831, 26.4473899]}}, {"type": "Feature", "properties": {"type": "photo", "name": "\n        ", "date": "2026-09-10", "track": "2026-09-10 1521永州冷水滩区", "photo_urls": ["track_photos_new/2026-09-10_1521永州冷水滩区_754.jpg"], "photo_count": 1}, "geometry": {"type": "Point", "coordinates": [111.5933831, 26.4473899]}}, {"type": "Feature", "properties": {"type": "photo", "name": "疾控中心宿舍\n        ", "date": "2026-09-10", "track": "2026-09-10 1521永州冷水滩区", "photo_urls": ["track_photos_new/2026-09-10_1521永州冷水滩区_755.jpg"], "photo_count": 1}, "geometry": {"type": "Point", "coordinates": [111.5933912, 26.4474973]}}, {"type": "Feature", "properties": {"type": "photo", "name": "\n        ", "date": "2026-09-10", "track": "2026-09-10 1521永州冷水滩区", "photo_urls": ["track_photos_new/2026-09-10_1521永州冷水滩区_756.jpg"], "photo_count": 1}, "geometry": {"type": "Point", "coordinates": [111.5933746, 26.4475999]}}, {"type": "Feature", "properties": {"type": "photo", "name": "\n        ", "date": "2026-09-10", "track": "2026-09-10 1521永州冷水滩区", "photo_urls": ["track_photos_new/2026-09-10_1521永州冷水滩区_757.jpg"], "photo_count": 1}, "geometry": {"type": "Point", "coordinates": [111.5933746, 26.4475999]}}, {"type": "Feature", "properties": {"type": "photo", "name": "\n        ", "date": "2026-09-10", "track": "2026-09-10 1521永州冷水滩区", "photo_urls": ["track_photos_new/2026-09-10_1521永州冷水滩区_758.jpg"], "photo_count": 1}, "geometry": {"type": "Point", "coordinates": [111.5933746, 26.4475999]}}, {"type": "Feature", "properties": {"type": "photo", "name": "\n        ", "date": "2026-09-10", "track": "2026-09-10 1521永州冷水滩区", "photo_urls": ["track_photos_new/2026-09-10_1521永州冷水滩区_759.jpg"], "photo_count": 1}, "geometry": {"type": "Point", "coordinates": [111.5932697, 26.4478672]}}, {"type": "Feature", "properties": {"type": "photo", "name": "\n        ", "date": "2026-09-10", "track": "2026-09-10 1521永州冷水滩区", "photo_urls": ["track_photos_new/2026-09-10_1521永州冷水滩区_760.jpg"], "photo_count": 1}, "geometry": {"type": "Point", "coordinates": [111.5932697, 26.4478672]}}, {"type": "Feature", "properties": {"type": "photo", "name": "\n        ", "date": "2026-09-10", "track": "2026-09-10 1521永州冷水滩区", "photo_urls": ["track_photos_new/2026-09-10_1521永州冷水滩区_761.jpg"], "photo_count": 1}, "geometry": {"type": "Point", "coordinates": [111.5932697, 26.4478672]}}, {"type": "Feature", "properties": {"type": "photo", "name": "\n        ", "date": "2026-09-10", "track": "2026-09-10 1521永州冷水滩区", "photo_urls": ["track_photos_new/2026-09-10_1521永州冷水滩区_762.jpg"], "photo_count": 1}, "geometry": {"type": "Point", "coordinates": [111.5932442, 26.4480544]}}, {"type": "Feature", "properties": {"type": "photo", "name": "海事局\n        ", "date": "2026-09-10", "track": "2026-09-10 1521永州冷水滩区", "photo_urls": ["track_photos_new/2026-09-10_1521永州冷水滩区_763.jpg"], "photo_count": 1}, "geometry": {"type": "Point", "coordinates": [111.5932442, 26.4480544]}}, {"type": "Feature", "properties": {"type": "photo", "name": "\n        ", "date": "2026-09-10", "track": "2026-09-10 1521永州冷水滩区", "photo_urls": ["track_photos_new/2026-09-10_1521永州冷水滩区_764.jpg"], "photo_count": 1}, "geometry": {"type": "Point", "coordinates": [111.5932653, 26.4476652]}}, {"type": "Feature", "properties": {"type": "photo", "name": "\n        ", "date": "2026-09-10", "track": "2026-09-10 1521永州冷水滩区", "photo_urls": ["track_photos_new/2026-09-10_1521永州冷水滩区_765.jpg"], "photo_count": 1}, "geometry": {"type": "Point", "coordinates": [111.5932653, 26.4476652]}}, {"type": "Feature", "properties": {"type": "photo", "name": "\n        ", "date": "2026-09-10", "track": "2026-09-10 1521永州冷水滩区", "photo_urls": ["track_photos_new/2026-09-10_1521永州冷水滩区_766.jpg"], "photo_count": 1}, "geometry": {"type": "Point", "coordinates": [111.5933635, 26.4473702]}}, {"type": "Feature", "properties": {"type": "photo", "name": "\n        ", "date": "2026-09-10", "track": "2026-09-10 1521永州冷水滩区", "photo_urls": ["track_photos_new/2026-09-10_1521永州冷水滩区_767.jpg"], "photo_count": 1}, "geometry": {"type": "Point", "coordinates": [111.5933635, 26.4473702]}}, {"type": "Feature", "properties": {"type": "photo", "name": "\n        ", "date": "2026-09-10", "track": "2026-09-10 1521永州冷水滩区", "photo_urls": ["track_photos_new/2026-09-10_1521永州冷水滩区_768.jpg"], "photo_count": 1}, "geometry": {"type": "Point", "coordinates": [111.5933811, 26.4471832]}}, {"type": "Feature", "properties": {"type": "photo", "name": "\n        ", "date": "2026-09-10", "track": "2026-09-10 1521永州冷水滩区", "photo_urls": ["track_photos_new/2026-09-10_1521永州冷水滩区_769.jpg"], "photo_count": 1}, "geometry": {"type": "Point", "coordinates": [111.5933811, 26.4471832]}}, {"type": "Feature", "properties": {"type": "photo", "name": "\n        ", "date": "2026-09-10", "track": "2026-09-10 1521永州冷水滩区", "photo_urls": ["track_photos_new/2026-09-10_1521永州冷水滩区_770.jpg"], "photo_count": 1}, "geometry": {"type": "Point", "coordinates": [111.5932661, 26.4477884]}}, {"type": "Feature", "properties": {"type": "photo", "name": "\n        ", "date": "2026-09-10", "track": "2026-09-10 1521永州冷水滩区", "photo_urls": ["track_photos_new/2026-09-10_1521永州冷水滩区_771.jpg"], "photo_count": 1}, "geometry": {"type": "Point", "coordinates": [111.5931731, 26.4480569]}}, {"type": "Feature", "properties": {"type": "photo", "name": "\n        ", "date": "2026-09-10", "track": "2026-09-10 1521永州冷水滩区", "photo_urls": ["track_photos_new/2026-09-10_1521永州冷水滩区_772.jpg"], "photo_count": 1}, "geometry": {"type": "Point", "coordinates": [111.5929657, 26.4480776]}}, {"type": "Feature", "properties": {"type": "photo", "name": "\n        ", "date": "2026-09-10", "track": "2026-09-10 1521永州冷水滩区", "photo_urls": ["track_photos_new/2026-09-10_1521永州冷水滩区_773.jpg"], "photo_count": 1}, "geometry": {"type": "Point", "coordinates": [111.5929657, 26.4480776]}}, {"type": "Feature", "properties": {"type": "photo", "name": "\n        ", "date": "2026-09-10", "track": "2026-09-10 1521永州冷水滩区", "photo_urls": ["track_photos_new/2026-09-10_1521永州冷水滩区_774.jpg"], "photo_count": 1}, "geometry": {"type": "Point", "coordinates": [111.5929657, 26.4480776]}}, {"type": "Feature", "properties": {"type": "photo", "name": "\n        ", "date": "2026-09-10", "track": "2026-09-10 1521永州冷水滩区", "photo_urls": ["track_photos_new/2026-09-10_1521永州冷水滩区_775.jpg"], "photo_count": 1}, "geometry": {"type": "Point", "coordinates": [111.5929657, 26.4480776]}}, {"type": "Feature", "properties": {"type": "photo", "name": "\n        ", "date": "2026-09-10", "track": "2026-09-10 1521永州冷水滩区", "photo_urls": ["track_photos_new/2026-09-10_1521永州冷水滩区_776.jpg"], "photo_count": 1}, "geometry": {"type": "Point", "coordinates": [111.5928616, 26.448031]}}, {"type": "Feature", "properties": {"type": "photo", "name": "\n        ", "date": "2026-09-10", "track": "2026-09-10 1521永州冷水滩区", "photo_urls": ["track_photos_new/2026-09-10_1521永州冷水滩区_777.jpg"], "photo_count": 1}, "geometry": {"type": "Point", "coordinates": [111.5925884, 26.4481469]}}, {"type": "Feature", "properties": {"type": "photo", "name": "\n        ", "date": "2026-09-10", "track": "2026-09-10 1521永州冷水滩区", "photo_urls": ["track_photos_new/2026-09-10_1521永州冷水滩区_778.jpg"], "photo_count": 1}, "geometry": {"type": "Point", "coordinates": [111.5924306, 26.4478598]}}, {"type": "Feature", "properties": {"type": "photo", "name": "\n        ", "date": "2026-09-10", "track": "2026-09-10 1521永州冷水滩区", "photo_urls": ["track_photos_new/2026-09-10_1521永州冷水滩区_779.jpg"], "photo_count": 1}, "geometry": {"type": "Point", "coordinates": [111.5923977, 26.4477642]}}, {"type": "Feature", "properties": {"type": "photo", "name": "\n        ", "date": "2026-09-10", "track": "2026-09-10 1521永州冷水滩区", "photo_urls": ["track_photos_new/2026-09-10_1521永州冷水滩区_780.jpg"], "photo_count": 1}, "geometry": {"type": "Point", "coordinates": [111.5923977, 26.4477642]}}, {"type": "Feature", "properties": {"type": "photo", "name": "\n        ", "date": "2026-09-10", "track": "2026-09-10 1521永州冷水滩区", "photo_urls": ["track_photos_new/2026-09-10_1521永州冷水滩区_781.jpg"], "photo_count": 1}, "geometry": {"type": "Point", "coordinates": [111.5923397, 26.4475573]}}, {"type": "Feature", "properties": {"type": "photo", "name": "\n        ", "date": "2026-09-10", "track": "2026-09-10 1521永州冷水滩区", "photo_urls": ["track_photos_new/2026-09-10_1521永州冷水滩区_782.jpg"], "photo_count": 1}, "geometry": {"type": "Point", "coordinates": [111.5923397, 26.4475573]}}, {"type": "Feature", "properties": {"type": "photo", "name": "\n        ", "date": "2026-09-10", "track": "2026-09-10 1521永州冷水滩区", "photo_urls": ["track_photos_new/2026-09-10_1521永州冷水滩区_783.jpg"], "photo_count": 1}, "geometry": {"type": "Point", "coordinates": [111.5922996, 26.4473439]}}, {"type": "Feature", "properties": {"type": "photo", "name": "\n        ", "date": "2026-09-10", "track": "2026-09-10 1521永州冷水滩区", "photo_urls": ["track_photos_new/2026-09-10_1521永州冷水滩区_784.jpg"], "photo_count": 1}, "geometry": {"type": "Point", "coordinates": [111.5922853, 26.4471601]}}, {"type": "Feature", "properties": {"type": "photo", "name": "\n        ", "date": "2026-09-10", "track": "2026-09-10 1521永州冷水滩区", "photo_urls": ["track_photos_new/2026-09-10_1521永州冷水滩区_785.jpg"], "photo_count": 1}, "geometry": {"type": "Point", "coordinates": [111.5922853, 26.4471601]}}, {"type": "Feature", "properties": {"type": "photo", "name": "\n        ", "date": "2026-09-10", "track": "2026-09-10 1521永州冷水滩区", "photo_urls": ["track_photos_new/2026-09-10_1521永州冷水滩区_786.jpg"], "photo_count": 1}, "geometry": {"type": "Point", "coordinates": [111.5922853, 26.4471601]}}, {"type": "Feature", "properties": {"type": "photo", "name": "\n        ", "date": "2026-09-10", "track": "2026-09-10 1521永州冷水滩区", "photo_urls": ["track_photos_new/2026-09-10_1521永州冷水滩区_787.jpg"], "photo_count": 1}, "geometry": {"type": "Point", "coordinates": [111.5922853, 26.4471601]}}, {"type": "Feature", "properties": {"type": "photo", "name": "\n        ", "date": "2026-09-10", "track": "2026-09-10 1521永州冷水滩区", "photo_urls": ["track_photos_new/2026-09-10_1521永州冷水滩区_788.jpg"], "photo_count": 1}, "geometry": {"type": "Point", "coordinates": [111.5923332, 26.4469821]}}, {"type": "Feature", "properties": {"type": "photo", "name": "\n        ", "date": "2026-09-10", "track": "2026-09-10 1521永州冷水滩区", "photo_urls": ["track_photos_new/2026-09-10_1521永州冷水滩区_789.jpg"], "photo_count": 1}, "geometry": {"type": "Point", "coordinates": [111.5923332, 26.4469821]}}, {"type": "Feature", "properties": {"type": "photo", "name": "\n        ", "date": "2026-09-10", "track": "2026-09-10 1521永州冷水滩区", "photo_urls": ["track_photos_new/2026-09-10_1521永州冷水滩区_790.jpg"], "photo_count": 1}, "geometry": {"type": "Point", "coordinates": [111.5923082, 26.4468956]}}, {"type": "Feature", "properties": {"type": "photo", "name": "\n        ", "date": "2026-09-10", "track": "2026-09-10 1521永州冷水滩区", "photo_urls": ["track_photos_new/2026-09-10_1521永州冷水滩区_791.jpg"], "photo_count": 1}, "geometry": {"type": "Point", "coordinates": [111.5923082, 26.4468956]}}, {"type": "Feature", "properties": {"type": "photo", "name": "\n        ", "date": "2026-09-10", "track": "2026-09-10 1521永州冷水滩区", "photo_urls": ["track_photos_new/2026-09-10_1521永州冷水滩区_792.jpg"], "photo_count": 1}, "geometry": {"type": "Point", "coordinates": [111.5920563, 26.4472061]}}, {"type": "Feature", "properties": {"type": "photo", "name": "\n        ", "date": "2026-09-10", "track": "2026-09-10 1521永州冷水滩区", "photo_urls": ["track_photos_new/2026-09-10_1521永州冷水滩区_793.jpg"], "photo_count": 1}, "geometry": {"type": "Point", "coordinates": [111.5919352, 26.4472037]}}, {"type": "Feature", "properties": {"type": "photo", "name": "危房\n        ", "date": "2026-09-10", "track": "2026-09-10 1521永州冷水滩区", "photo_urls": ["track_photos_new/2026-09-10_1521永州冷水滩区_794.jpg"], "photo_count": 1}, "geometry": {"type": "Point", "coordinates": [111.5925373, 26.4473303]}}, {"type": "Feature", "properties": {"type": "photo", "name": "公厕\n        ", "date": "2026-09-10", "track": "2026-09-10 1521永州冷水滩区", "photo_urls": ["track_photos_new/2026-09-10_1521永州冷水滩区_795.jpg"], "photo_count": 1}, "geometry": {"type": "Point", "coordinates": [111.5925373, 26.4473303]}}, {"type": "Feature", "properties": {"type": "photo", "name": "\n        ", "date": "2026-09-10", "track": "2026-09-10 1521永州冷水滩区", "photo_urls": ["track_photos_new/2026-09-10_1521永州冷水滩区_796.jpg"], "photo_count": 1}, "geometry": {"type": "Point", "coordinates": [111.5925373, 26.4473303]}}, {"type": "Feature", "properties": {"type": "photo", "name": "\n        ", "date": "2026-09-10", "track": "2026-09-10 1521永州冷水滩区", "photo_urls": ["track_photos_new/2026-09-10_1521永州冷水滩区_797.jpg"], "photo_count": 1}, "geometry": {"type": "Point", "coordinates": [111.5923526, 26.4475136]}}, {"type": "Feature", "properties": {"type": "photo", "name": "\n        ", "date": "2026-09-10", "track": "2026-09-10 1521永州冷水滩区", "photo_urls": ["track_photos_new/2026-09-10_1521永州冷水滩区_798.jpg"], "photo_count": 1}, "geometry": {"type": "Point", "coordinates": [111.5923526, 26.4475136]}}, {"type": "Feature", "properties": {"type": "photo", "name": "\n        ", "date": "2026-09-10", "track": "2026-09-10 1521永州冷水滩区", "photo_urls": ["track_photos_new/2026-09-10_1521永州冷水滩区_799.jpg"], "photo_count": 1}, "geometry": {"type": "Point", "coordinates": [111.5916448, 26.4475623]}}, {"type": "Feature", "properties": {"type": "photo", "name": "\n        ", "date": "2026-09-10", "track": "2026-09-10 1521永州冷水滩区", "photo_urls": ["track_photos_new/2026-09-10_1521永州冷水滩区_800.jpg"], "photo_count": 1}, "geometry": {"type": "Point", "coordinates": [111.5916448, 26.4475623]}}, {"type": "Feature", "properties": {"type": "photo", "name": "\n        ", "date": "2026-09-10", "track": "2026-09-10 1521永州冷水滩区", "photo_urls": ["track_photos_new/2026-09-10_1521永州冷水滩区_801.jpg"], "photo_count": 1}, "geometry": {"type": "Point", "coordinates": [111.5916448, 26.4475623]}}, {"type": "Feature", "properties": {"type": "photo", "name": "\n        ", "date": "2026-09-10", "track": "2026-09-10 1521永州冷水滩区", "photo_urls": ["track_photos_new/2026-09-10_1521永州冷水滩区_802.jpg"], "photo_count": 1}, "geometry": {"type": "Point", "coordinates": [111.5914961, 26.4476861]}}, {"type": "Feature", "properties": {"type": "photo", "name": "\n        ", "date": "2026-09-10", "track": "2026-09-10 1521永州冷水滩区", "photo_urls": ["track_photos_new/2026-09-10_1521永州冷水滩区_803.jpg"], "photo_count": 1}, "geometry": {"type": "Point", "coordinates": [111.5911541, 26.4480059]}}, {"type": "Feature", "properties": {"type": "photo", "name": "\n        ", "date": "2026-09-10", "track": "2026-09-10 1521永州冷水滩区", "photo_urls": ["track_photos_new/2026-09-10_1521永州冷水滩区_804.jpg"], "photo_count": 1}, "geometry": {"type": "Point", "coordinates": [111.5909501, 26.4486309]}}, {"type": "Feature", "properties": {"type": "photo", "name": "\n        ", "date": "2026-09-10", "track": "2026-09-10 1521永州冷水滩区", "photo_urls": ["track_photos_new/2026-09-10_1521永州冷水滩区_805.jpg"], "photo_count": 1}, "geometry": {"type": "Point", "coordinates": [111.5904923, 26.4486257]}}, {"type": "Feature", "properties": {"type": "photo", "name": "\n        ", "date": "2026-09-10", "track": "2026-09-10 1521永州冷水滩区", "photo_urls": ["track_photos_new/2026-09-10_1521永州冷水滩区_806.jpg"], "photo_count": 1}, "geometry": {"type": "Point", "coordinates": [111.5903172, 26.448608]}}, {"type": "Feature", "properties": {"type": "photo", "name": "\n        ", "date": "2026-09-10", "track": "2026-09-10 1521永州冷水滩区", "photo_urls": ["track_photos_new/2026-09-10_1521永州冷水滩区_807.jpg"], "photo_count": 1}, "geometry": {"type": "Point", "coordinates": [111.5896678, 26.4492469]}}, {"type": "Feature", "properties": {"type": "photo", "name": "\n        ", "date": "2026-09-10", "track": "2026-09-10 1521永州冷水滩区", "photo_urls": ["track_photos_new/2026-09-10_1521永州冷水滩区_808.jpg"], "photo_count": 1}, "geometry": {"type": "Point", "coordinates": [111.5896678, 26.4492469]}}, {"type": "Feature", "properties": {"type": "photo", "name": "\n        ", "date": "2026-09-10", "track": "2026-09-10 1521永州冷水滩区", "photo_urls": ["track_photos_new/2026-09-10_1521永州冷水滩区_809.jpg"], "photo_count": 1}, "geometry": {"type": "Point", "coordinates": [111.5896678, 26.4492469]}}, {"type": "Feature", "properties": {"type": "photo", "name": "金都大厦\n        ", "date": "2026-09-10", "track": "2026-09-10 1521永州冷水滩区", "photo_urls": ["track_photos_new/2026-09-10_1521永州冷水滩区_810.jpg"], "photo_count": 1}, "geometry": {"type": "Point", "coordinates": [111.5892236, 26.4487196]}}, {"type": "Feature", "properties": {"type": "photo", "name": "\n        ", "date": "2026-09-10", "track": "2026-09-10 1521永州冷水滩区", "photo_urls": ["track_photos_new/2026-09-10_1521永州冷水滩区_811.jpg"], "photo_count": 1}, "geometry": {"type": "Point", "coordinates": [111.5891598, 26.4484562]}}, {"type": "Feature", "properties": {"type": "photo", "name": "\n        ", "date": "2026-09-10", "track": "2026-09-10 1521永州冷水滩区", "photo_urls": ["track_photos_new/2026-09-10_1521永州冷水滩区_812.jpg"], "photo_count": 1}, "geometry": {"type": "Point", "coordinates": [111.5891823, 26.4483578]}}, {"type": "Feature", "properties": {"type": "photo", "name": "\n        ", "date": "2026-09-10", "track": "2026-09-10 1521永州冷水滩区", "photo_urls": ["track_photos_new/2026-09-10_1521永州冷水滩区_813.jpg"], "photo_count": 1}, "geometry": {"type": "Point", "coordinates": [111.5893053, 26.4482013]}}, {"type": "Feature", "properties": {"type": "photo", "name": "\n        ", "date": "2026-09-10", "track": "2026-09-10 1521永州冷水滩区", "photo_urls": ["track_photos_new/2026-09-10_1521永州冷水滩区_814.jpg"], "photo_count": 1}, "geometry": {"type": "Point", "coordinates": [111.5896053, 26.4483571]}}, {"type": "Feature", "properties": {"type": "photo", "name": "市副食品公司宿舍\n        ", "date": "2026-09-10", "track": "2026-09-10 1521永州冷水滩区", "photo_urls": ["track_photos_new/2026-09-10_1521永州冷水滩区_815.jpg"], "photo_count": 1}, "geometry": {"type": "Point", "coordinates": [111.5896053, 26.4483571]}}, {"type": "Feature", "properties": {"type": "photo", "name": "\n        ", "date": "2026-09-10", "track": "2026-09-10 1521永州冷水滩区", "photo_urls": ["track_photos_new/2026-09-10_1521永州冷水滩区_816.jpg"], "photo_count": 1}, "geometry": {"type": "Point", "coordinates": [111.5896053, 26.4483571]}}, {"type": "Feature", "properties": {"type": "photo", "name": "\n        ", "date": "2026-09-10", "track": "2026-09-10 1521永州冷水滩区", "photo_urls": ["track_photos_new/2026-09-10_1521永州冷水滩区_817.jpg"], "photo_count": 1}, "geometry": {"type": "Point", "coordinates": [111.5896053, 26.4483571]}}, {"type": "Feature", "properties": {"type": "photo", "name": "\n        ", "date": "2026-09-10", "track": "2026-09-10 1521永州冷水滩区", "photo_urls": ["track_photos_new/2026-09-10_1521永州冷水滩区_818.jpg"], "photo_count": 1}, "geometry": {"type": "Point", "coordinates": [111.5896713, 26.4484283]}}, {"type": "Feature", "properties": {"type": "photo", "name": "\n        ", "date": "2026-09-10", "track": "2026-09-10 1521永州冷水滩区", "photo_urls": ["track_photos_new/2026-09-10_1521永州冷水滩区_819.jpg"], "photo_count": 1}, "geometry": {"type": "Point", "coordinates": [111.5893943, 26.4481161]}}, {"type": "Feature", "properties": {"type": "photo", "name": "\n        ", "date": "2026-09-10", "track": "2026-09-10 1521永州冷水滩区", "photo_urls": ["track_photos_new/2026-09-10_1521永州冷水滩区_820.jpg"], "photo_count": 1}, "geometry": {"type": "Point", "coordinates": [111.5895627, 26.4481755]}}, {"type": "Feature", "properties": {"type": "photo", "name": "\n        ", "date": "2026-09-10", "track": "2026-09-10 1521永州冷水滩区", "photo_urls": ["track_photos_new/2026-09-10_1521永州冷水滩区_821.jpg"], "photo_count": 1}, "geometry": {"type": "Point", "coordinates": [111.5897567, 26.4481273]}}, {"type": "Feature", "properties": {"type": "photo", "name": "\n        ", "date": "2026-09-10", "track": "2026-09-10 1521永州冷水滩区", "photo_urls": ["track_photos_new/2026-09-10_1521永州冷水滩区_822.jpg"], "photo_count": 1}, "geometry": {"type": "Point", "coordinates": [111.5897567, 26.4481273]}}, {"type": "Feature", "properties": {"type": "photo", "name": "\n        ", "date": "2026-09-10", "track": "2026-09-10 1521永州冷水滩区", "photo_urls": ["track_photos_new/2026-09-10_1521永州冷水滩区_823.jpg"], "photo_count": 1}, "geometry": {"type": "Point", "coordinates": [111.5897567, 26.4481273]}}, {"type": "Feature", "properties": {"type": "photo", "name": "\n        ", "date": "2026-09-10", "track": "2026-09-10 1521永州冷水滩区", "photo_urls": ["track_photos_new/2026-09-10_1521永州冷水滩区_824.jpg"], "photo_count": 1}, "geometry": {"type": "Point", "coordinates": [111.5897567, 26.4481273]}}, {"type": "Feature", "properties": {"type": "photo", "name": "\n        ", "date": "2026-09-10", "track": "2026-09-10 1521永州冷水滩区", "photo_urls": ["track_photos_new/2026-09-10_1521永州冷水滩区_825.jpg"], "photo_count": 1}, "geometry": {"type": "Point", "coordinates": [111.5897567, 26.4481273]}}, {"type": "Feature", "properties": {"type": "photo", "name": "\n        ", "date": "2026-09-10", "track": "2026-09-10 1521永州冷水滩区", "photo_urls": ["track_photos_new/2026-09-10_1521永州冷水滩区_826.jpg"], "photo_count": 1}, "geometry": {"type": "Point", "coordinates": [111.5899649, 26.4476724]}}, {"type": "Feature", "properties": {"type": "photo", "name": "\n        ", "date": "2026-09-10", "track": "2026-09-10 1521永州冷水滩区", "photo_urls": ["track_photos_new/2026-09-10_1521永州冷水滩区_827.jpg"], "photo_count": 1}, "geometry": {"type": "Point", "coordinates": [111.5899649, 26.4476724]}}, {"type": "Feature", "properties": {"type": "photo", "name": "物资局\n        ", "date": "2026-09-10", "track": "2026-09-10 1521永州冷水滩区", "photo_urls": ["track_photos_new/2026-09-10_1521永州冷水滩区_828.jpg"], "photo_count": 1}, "geometry": {"type": "Point", "coordinates": [111.5899649, 26.4476724]}}, {"type": "Feature", "properties": {"type": "photo", "name": "\n        ", "date": "2026-09-10", "track": "2026-09-10 1521永州冷水滩区", "photo_urls": ["track_photos_new/2026-09-10_1521永州冷水滩区_829.jpg"], "photo_count": 1}, "geometry": {"type": "Point", "coordinates": [111.5899649, 26.4476724]}}, {"type": "Feature", "properties": {"type": "photo", "name": "\n        ", "date": "2026-09-10", "track": "2026-09-10 1521永州冷水滩区", "photo_urls": ["track_photos_new/2026-09-10_1521永州冷水滩区_830.jpg"], "photo_count": 1}, "geometry": {"type": "Point", "coordinates": [111.5899917, 26.4479637]}}, {"type": "Feature", "properties": {"type": "photo", "name": "\n        ", "date": "2026-09-10", "track": "2026-09-10 1521永州冷水滩区", "photo_urls": ["track_photos_new/2026-09-10_1521永州冷水滩区_831.jpg"], "photo_count": 1}, "geometry": {"type": "Point", "coordinates": [111.5899917, 26.4479637]}}, {"type": "Feature", "properties": {"type": "photo", "name": "\n        ", "date": "2026-09-10", "track": "2026-09-10 1521永州冷水滩区", "photo_urls": ["track_photos_new/2026-09-10_1521永州冷水滩区_832.jpg"], "photo_count": 1}, "geometry": {"type": "Point", "coordinates": [111.5899917, 26.4479637]}}, {"type": "Feature", "properties": {"type": "photo", "name": "\n        ", "date": "2026-09-10", "track": "2026-09-10 1521永州冷水滩区", "photo_urls": ["track_photos_new/2026-09-10_1521永州冷水滩区_833.jpg"], "photo_count": 1}, "geometry": {"type": "Point", "coordinates": [111.5899917, 26.4479637]}}, {"type": "Feature", "properties": {"type": "photo", "name": "\n        ", "date": "2026-09-10", "track": "2026-09-10 1521永州冷水滩区", "photo_urls": ["track_photos_new/2026-09-10_1521永州冷水滩区_834.jpg"], "photo_count": 1}, "geometry": {"type": "Point", "coordinates": [111.5901464, 26.4479401]}}, {"type": "Feature", "properties": {"type": "photo", "name": "\n        ", "date": "2026-09-10", "track": "2026-09-10 1521永州冷水滩区", "photo_urls": ["track_photos_new/2026-09-10_1521永州冷水滩区_835.jpg"], "photo_count": 1}, "geometry": {"type": "Point", "coordinates": [111.5900455, 26.4476489]}}, {"type": "Feature", "properties": {"type": "photo", "name": "\n        ", "date": "2026-09-10", "track": "2026-09-10 1521永州冷水滩区", "photo_urls": ["track_photos_new/2026-09-10_1521永州冷水滩区_836.jpg"], "photo_count": 1}, "geometry": {"type": "Point", "coordinates": [111.5899107, 26.4474348]}}, {"type": "Feature", "properties": {"type": "photo", "name": "\n        ", "date": "2026-09-10", "track": "2026-09-10 1521永州冷水滩区", "photo_urls": ["track_photos_new/2026-09-10_1521永州冷水滩区_837.jpg"], "photo_count": 1}, "geometry": {"type": "Point", "coordinates": [111.5899405, 26.4473365]}}, {"type": "Feature", "properties": {"type": "photo", "name": "\n        ", "date": "2026-09-10", "track": "2026-09-10 1521永州冷水滩区", "photo_urls": ["track_photos_new/2026-09-10_1521永州冷水滩区_838.jpg"], "photo_count": 1}, "geometry": {"type": "Point", "coordinates": [111.5901824, 26.447071]}}, {"type": "Feature", "properties": {"type": "photo", "name": "\n        ", "date": "2026-09-10", "track": "2026-09-10 1521永州冷水滩区", "photo_urls": ["track_photos_new/2026-09-10_1521永州冷水滩区_839.jpg"], "photo_count": 1}, "geometry": {"type": "Point", "coordinates": [111.5903044, 26.4470474]}}, {"type": "Feature", "properties": {"type": "photo", "name": "电力局宿舍\n        ", "date": "2026-09-10", "track": "2026-09-10 1521永州冷水滩区", "photo_urls": ["track_photos_new/2026-09-10_1521永州冷水滩区_840.jpg"], "photo_count": 1}, "geometry": {"type": "Point", "coordinates": [111.5903932, 26.4470975]}}, {"type": "Feature", "properties": {"type": "photo", "name": "\n        ", "date": "2026-09-10", "track": "2026-09-10 1521永州冷水滩区", "photo_urls": ["track_photos_new/2026-09-10_1521永州冷水滩区_841.jpg"], "photo_count": 1}, "geometry": {"type": "Point", "coordinates": [111.5904673, 26.4471766]}}, {"type": "Feature", "properties": {"type": "photo", "name": "\n        ", "date": "2026-09-10", "track": "2026-09-10 1521永州冷水滩区", "photo_urls": ["track_photos_new/2026-09-10_1521永州冷水滩区_842.jpg"], "photo_count": 1}, "geometry": {"type": "Point", "coordinates": [111.5904673, 26.4471766]}}, {"type": "Feature", "properties": {"type": "photo", "name": "\n        ", "date": "2026-09-10", "track": "2026-09-10 1521永州冷水滩区", "photo_urls": ["track_photos_new/2026-09-10_1521永州冷水滩区_843.jpg"], "photo_count": 1}, "geometry": {"type": "Point", "coordinates": [111.5905442, 26.4474209]}}, {"type": "Feature", "properties": {"type": "photo", "name": "\n        ", "date": "2026-09-10", "track": "2026-09-10 1521永州冷水滩区", "photo_urls": ["track_photos_new/2026-09-10_1521永州冷水滩区_844.jpg"], "photo_count": 1}, "geometry": {"type": "Point", "coordinates": [111.590535, 26.4475375]}}, {"type": "Feature", "properties": {"type": "photo", "name": "\n        ", "date": "2026-09-10", "track": "2026-09-10 1521永州冷水滩区", "photo_urls": ["track_photos_new/2026-09-10_1521永州冷水滩区_845.jpg"], "photo_count": 1}, "geometry": {"type": "Point", "coordinates": [111.5904637, 26.4474877]}}, {"type": "Feature", "properties": {"type": "photo", "name": "\n        ", "date": "2026-09-10", "track": "2026-09-10 1521永州冷水滩区", "photo_urls": ["track_photos_new/2026-09-10_1521永州冷水滩区_846.jpg"], "photo_count": 1}, "geometry": {"type": "Point", "coordinates": [111.5905311, 26.4469788]}}, {"type": "Feature", "properties": {"type": "photo", "name": "\n        ", "date": "2026-09-10", "track": "2026-09-10 1521永州冷水滩区", "photo_urls": ["track_photos_new/2026-09-10_1521永州冷水滩区_847.jpg"], "photo_count": 1}, "geometry": {"type": "Point", "coordinates": [111.5905311, 26.4469788]}}, {"type": "Feature", "properties": {"type": "photo", "name": "\n        ", "date": "2026-09-10", "track": "2026-09-10 1521永州冷水滩区", "photo_urls": ["track_photos_new/2026-09-10_1521永州冷水滩区_848.jpg"], "photo_count": 1}, "geometry": {"type": "Point", "coordinates": [111.5905311, 26.4469788]}}, {"type": "Feature", "properties": {"type": "photo", "name": "电力局\n        ", "date": "2026-09-10", "track": "2026-09-10 1521永州冷水滩区", "photo_urls": ["track_photos_new/2026-09-10_1521永州冷水滩区_849.jpg"], "photo_count": 1}, "geometry": {"type": "Point", "coordinates": [111.5905311, 26.4469788]}}, {"type": "Feature", "properties": {"type": "photo", "name": "\n        ", "date": "2026-09-10", "track": "2026-09-10 1521永州冷水滩区", "photo_urls": ["track_photos_new/2026-09-10_1521永州冷水滩区_850.jpg"], "photo_count": 1}, "geometry": {"type": "Point", "coordinates": [111.5903258, 26.4470182]}}, {"type": "Feature", "properties": {"type": "photo", "name": "\n        ", "date": "2026-09-10", "track": "2026-09-10 1521永州冷水滩区", "photo_urls": ["track_photos_new/2026-09-10_1521永州冷水滩区_851.jpg"], "photo_count": 1}, "geometry": {"type": "Point", "coordinates": [111.5903103, 26.4469532]}}, {"type": "Feature", "properties": {"type": "photo", "name": "\n        ", "date": "2026-09-10", "track": "2026-09-10 1521永州冷水滩区", "photo_urls": ["track_photos_new/2026-09-10_1521永州冷水滩区_852.jpg"], "photo_count": 1}, "geometry": {"type": "Point", "coordinates": [111.590725, 26.4466477]}}, {"type": "Feature", "properties": {"type": "photo", "name": "\n        ", "date": "2026-09-10", "track": "2026-09-10 1521永州冷水滩区", "photo_urls": ["track_photos_new/2026-09-10_1521永州冷水滩区_853.jpg"], "photo_count": 1}, "geometry": {"type": "Point", "coordinates": [111.5911026, 26.4468731]}}, {"type": "Feature", "properties": {"type": "photo", "name": "\n        ", "date": "2026-09-10", "track": "2026-09-10 1521永州冷水滩区", "photo_urls": ["track_photos_new/2026-09-10_1521永州冷水滩区_854.jpg"], "photo_count": 1}, "geometry": {"type": "Point", "coordinates": [111.5911026, 26.4468731]}}, {"type": "Feature", "properties": {"type": "photo", "name": "\n        ", "date": "2026-09-10", "track": "2026-09-10 1521永州冷水滩区", "photo_urls": ["track_photos_new/2026-09-10_1521永州冷水滩区_855.jpg"], "photo_count": 1}, "geometry": {"type": "Point", "coordinates": [111.5911026, 26.4468731]}}, {"type": "Feature", "properties": {"type": "photo", "name": "\n        ", "date": "2026-09-10", "track": "2026-09-10 1521永州冷水滩区", "photo_urls": ["track_photos_new/2026-09-10_1521永州冷水滩区_856.jpg"], "photo_count": 1}, "geometry": {"type": "Point", "coordinates": [111.590866, 26.4464693]}}, {"type": "Feature", "properties": {"type": "photo", "name": "\n        ", "date": "2026-09-10", "track": "2026-09-10 1521永州冷水滩区", "photo_urls": ["track_photos_new/2026-09-10_1521永州冷水滩区_857.jpg"], "photo_count": 1}, "geometry": {"type": "Point", "coordinates": [111.590866, 26.4464693]}}, {"type": "Feature", "properties": {"type": "track", "name": "2026-09-10 1521永州冷水滩区 轨迹", "date": "2026-09-10", "distance_km": 3.07, "photo_count": 173}, "geometry": {"type": "LineString", "coordinates": [[111.5908665, 26.4462433], [111.5909249, 26.4461726], [111.5910125, 26.4461084], [111.5910613, 26.4460277], [111.5911609, 26.4459689], [111.5912678, 26.4459567], [111.5912112, 26.4459404], [111.5912527, 26.445968], [111.5913447, 26.4459792], [111.5913802, 26.4460622], [111.5914639, 26.4460492], [111.5914043, 26.4459923], [111.5912849, 26.4459262], [111.5912671, 26.4458258], [111.5913459, 26.4457632], [111.591397, 26.4458198], [111.5914251, 26.4457632], [111.5914769, 26.445688], [111.5915676, 26.4456489], [111.5916547, 26.4456843], [111.5917161, 26.4457629], [111.5917751, 26.4458755], [111.591888, 26.4458562], [111.5919907, 26.4457971], [111.5920771, 26.4457343], [111.5920391, 26.4457611], [111.5919426, 26.4458012], [111.5918435, 26.4458683], [111.5917926, 26.4459617], [111.591795, 26.4460638], [111.5918123, 26.4461689], [111.591844, 26.4462753], [111.5918491, 26.4463746], [111.5917541, 26.4464159], [111.5916489, 26.4464021], [111.5915345, 26.4464368], [111.5915957, 26.4464235], [111.5916985, 26.4463905], [111.5918112, 26.4463987], [111.5919022, 26.4464718], [111.5919981, 26.4465639], [111.5921175, 26.4465977], [111.5922026, 26.4466541], [111.5922184, 26.4465941], [111.5921961, 26.4464869], [111.5921539, 26.4463822], [111.5922359, 26.4464056], [111.5922219, 26.446508], [111.5923155, 26.4465577], [111.5924163, 26.4465643], [111.5924349, 26.4466556], [111.592467, 26.4467543], [111.5924865, 26.4468548], [111.5925501, 26.4469563], [111.5926453, 26.4469709], [111.5927479, 26.4469465], [111.5928397, 26.4468761], [111.5928597, 26.4467489], [111.5928935, 26.4466449], [111.5929882, 26.4466649], [111.5930925, 26.4467165], [111.5931235, 26.4468061], [111.5931597, 26.4468942], [111.5932602, 26.4469424], [111.5933553, 26.4469931], [111.5934603, 26.4470371], [111.5935187, 26.4471124], [111.5935273, 26.4472169], [111.5935976, 26.4472665], [111.5936978, 26.4472581], [111.5938145, 26.4472388], [111.5939307, 26.4472245], [111.5939975, 26.4472843], [111.5940626, 26.4473621], [111.5940531, 26.447319], [111.5939578, 26.4472685], [111.5938401, 26.4472445], [111.59372, 26.4472338], [111.5936044, 26.4472139], [111.5934942, 26.447222], [111.5934135, 26.447291], [111.5933831, 26.4473899], [111.5933912, 26.4474973], [111.5933746, 26.4475999], [111.5933013, 26.4476671], [111.5932549, 26.4477672], [111.5932697, 26.4478672], [111.5932968, 26.4479673], [111.5932442, 26.4480544], [111.5932533, 26.4479825], [111.5932485, 26.4478833], [111.5932605, 26.4477742], [111.5932653, 26.4476652], [111.5932918, 26.4475701], [111.5933274, 26.4474675], [111.5933635, 26.4473702], [111.593344, 26.4472638], [111.5933811, 26.4471832], [111.5933977, 26.4472431], [111.5934011, 26.447347], [111.593373, 26.4474677], [111.5933328, 26.447574], [111.5933072, 26.4476937], [111.5932661, 26.4477884], [111.5932294, 26.4478788], [111.5932103, 26.4479712], [111.5931731, 26.4480569], [111.5930863, 26.4480739], [111.5929657, 26.4480776], [111.5928616, 26.448031], [111.5927766, 26.4480718], [111.5926829, 26.4481086], [111.5925884, 26.4481469], [111.5925276, 26.44822], [111.5925521, 26.448306], [111.5925929, 26.4484011], [111.5925607, 26.4483625], [111.5925409, 26.4482607], [111.5924979, 26.4481611], [111.5924641, 26.448056], [111.5924478, 26.4479537], [111.5924306, 26.4478598], [111.5923977, 26.4477642], [111.5923586, 26.4476586], [111.5923397, 26.4475573], [111.5923183, 26.4474488], [111.5922996, 26.4473439], [111.5922942, 26.4472502], [111.5922853, 26.4471601], [111.5923215, 26.4470756], [111.5923332, 26.4469821], [111.5923082, 26.4468956], [111.5923101, 26.4469555], [111.5923253, 26.447062], [111.5922704, 26.4471597], [111.5921694, 26.4472019], [111.5920563, 26.4472061], [111.5919352, 26.4472037], [111.591827, 26.4472298], [111.5918775, 26.4472187], [111.5919941, 26.4471926], [111.5921219, 26.447182], [111.5922452, 26.4472136], [111.5923253, 26.4473045], [111.5924331, 26.4473485], [111.5925373, 26.4473303], [111.5924401, 26.4473257], [111.5923595, 26.4474178], [111.5923526, 26.4475136], [111.5923297, 26.4474268], [111.5922692, 26.4473282], [111.5921842, 26.447262], [111.5920808, 26.4472671], [111.5919664, 26.4473066], [111.5918613, 26.4473512], [111.5917567, 26.4473887], [111.5916897, 26.447469], [111.5916448, 26.4475623], [111.5915873, 26.4476481], [111.5914961, 26.4476861], [111.5915774, 26.4476339], [111.5915783, 26.4477451], [111.5915472, 26.4478459], [111.5914736, 26.44793], [111.5913732, 26.4479694], [111.5912637, 26.4479822], [111.5911541, 26.4480059], [111.5911079, 26.4481285], [111.591099, 26.4482563], [111.5911063, 26.4483838], [111.5911128, 26.4484913], [111.5911357, 26.4485914], [111.59106, 26.4486329], [111.5909501, 26.4486309], [111.590832, 26.4486283], [111.5907241, 26.4486449], [111.5906159, 26.448662], [111.5904994, 26.4486639], [111.5905219, 26.4485751], [111.5905492, 26.4484813], [111.5905331, 26.448532], [111.5904923, 26.4486257], [111.5904285, 26.4486088], [111.5903172, 26.448608], [111.5902046, 26.448642], [111.5901018, 26.4487216], [111.5900224, 26.4488073], [111.5899609, 26.4489058], [111.5898911, 26.4489936], [111.5898297, 26.4490847], [111.589748, 26.4491652], [111.5896678, 26.4492469], [111.5895675, 26.4492509], [111.5895152, 26.4491702], [111.5894683, 26.4490577], [111.5894103, 26.4489626], [111.5893591, 26.4488755], [111.5892924, 26.4487933], [111.5892236, 26.4487196], [111.5891661, 26.4486397], [111.5891504, 26.4485494], [111.5891598, 26.4484562], [111.5891823, 26.4483578], [111.5892313, 26.4482714], [111.5893053, 26.4482013], [111.589414, 26.4482036], [111.5895402, 26.4482878], [111.5896053, 26.4483571], [111.5896713, 26.4484283], [111.5896161, 26.4483914], [111.5895331, 26.4483204], [111.5894401, 26.4482422], [111.5893783, 26.4482028], [111.5893943, 26.4481161], [111.5894907, 26.4481639], [111.5895627, 26.4481755], [111.5896564, 26.4481626], [111.5897567, 26.4481273], [111.5896601, 26.4481099], [111.5895619, 26.4480631], [111.5894877, 26.4480007], [111.5895284, 26.4479272], [111.5896107, 26.4478582], [111.5896871, 26.447775], [111.5897388, 26.4476879], [111.5897965, 26.4476076], [111.5898865, 26.4476037], [111.5899649, 26.4476724], [111.5900229, 26.4477617], [111.5900226, 26.4478654], [111.5899917, 26.4479637], [111.5899016, 26.4480203], [111.5900149, 26.4480065], [111.5901464, 26.4479401], [111.5901717, 26.4478014], [111.5901431, 26.4476835], [111.5900455, 26.4476489], [111.5899258, 26.447621], [111.5898765, 26.4475363], [111.5899107, 26.4474348], [111.5899405, 26.4473365], [111.5899876, 26.4472305], [111.5900602, 26.4471307], [111.5901824, 26.447071], [111.5903044, 26.4470474], [111.5903932, 26.4470975], [111.5904673, 26.4471766], [111.5905159, 26.4473214], [111.5905442, 26.4474209], [111.590534, 26.4475126], [111.590535, 26.4475375], [111.5904637, 26.4474877], [111.5903748, 26.4473971], [111.5904234, 26.4473087], [111.5904104, 26.4472093], [111.5904488, 26.447059], [111.5905311, 26.4469788], [111.5904454, 26.4470039], [111.5903258, 26.4470182], [111.5903103, 26.4469532], [111.5903657, 26.4468744], [111.5904576, 26.4467868], [111.5905456, 26.4466786], [111.5906172, 26.4465902], [111.590686, 26.4465162], [111.5906696, 26.4465717], [111.590725, 26.4466477], [111.590822, 26.4466964], [111.5909325, 26.4467325], [111.5910511, 26.4467876], [111.5911026, 26.4468731], [111.5909955, 26.4468279], [111.5910145, 26.4466121], [111.5909588, 26.4465055], [111.590866, 26.4464693], [111.5907901, 26.4465291], [111.5906973, 26.4465891], [111.5906727, 26.4465398], [111.5907662, 26.4464332], [111.5908027, 26.4463375], [111.5908027, 26.4463375]]}}, {"type": "Feature", "properties": {"type": "photo", "name": "\n        ", "date": "2026-09-11", "track": "2026-09-11 0854永州冷水滩区", "photo_urls": ["track_photos_new/2026-09-11_0854永州冷水滩区_858.jpg"], "photo_count": 1}, "geometry": {"type": "Point", "coordinates": [111.6105152, 26.451132]}}, {"type": "Feature", "properties": {"type": "photo", "name": "\n        ", "date": "2026-09-11", "track": "2026-09-11 0854永州冷水滩区", "photo_urls": ["track_photos_new/2026-09-11_0854永州冷水滩区_859.jpg"], "photo_count": 1}, "geometry": {"type": "Point", "coordinates": [111.6102651, 26.4517485]}}, {"type": "Feature", "properties": {"type": "photo", "name": "\n        ", "date": "2026-09-11", "track": "2026-09-11 0854永州冷水滩区", "photo_urls": ["track_photos_new/2026-09-11_0854永州冷水滩区_860.jpg"], "photo_count": 1}, "geometry": {"type": "Point", "coordinates": [111.6099941, 26.4523301]}}, {"type": "Feature", "properties": {"type": "photo", "name": "\n        ", "date": "2026-09-11", "track": "2026-09-11 0854永州冷水滩区", "photo_urls": ["track_photos_new/2026-09-11_0854永州冷水滩区_861.jpg"], "photo_count": 1}, "geometry": {"type": "Point", "coordinates": [111.6098843, 26.4525862]}}, {"type": "Feature", "properties": {"type": "photo", "name": "\n        ", "date": "2026-09-11", "track": "2026-09-11 0854永州冷水滩区", "photo_urls": ["track_photos_new/2026-09-11_0854永州冷水滩区_862.jpg"], "photo_count": 1}, "geometry": {"type": "Point", "coordinates": [111.6097159, 26.4526843]}}, {"type": "Feature", "properties": {"type": "photo", "name": "\n        ", "date": "2026-09-11", "track": "2026-09-11 0854永州冷水滩区", "photo_urls": ["track_photos_new/2026-09-11_0854永州冷水滩区_863.jpg"], "photo_count": 1}, "geometry": {"type": "Point", "coordinates": [111.6091615, 26.4522439]}}, {"type": "Feature", "properties": {"type": "photo", "name": "\n        ", "date": "2026-09-11", "track": "2026-09-11 0854永州冷水滩区", "photo_urls": ["track_photos_new/2026-09-11_0854永州冷水滩区_864.jpg"], "photo_count": 1}, "geometry": {"type": "Point", "coordinates": [111.6087773, 26.4520608]}}, {"type": "Feature", "properties": {"type": "photo", "name": "\n        ", "date": "2026-09-11", "track": "2026-09-11 0854永州冷水滩区", "photo_urls": ["track_photos_new/2026-09-11_0854永州冷水滩区_865.jpg"], "photo_count": 1}, "geometry": {"type": "Point", "coordinates": [111.608244, 26.4518465]}}, {"type": "Feature", "properties": {"type": "photo", "name": "\n        ", "date": "2026-09-11", "track": "2026-09-11 0854永州冷水滩区", "photo_urls": ["track_photos_new/2026-09-11_0854永州冷水滩区_866.jpg"], "photo_count": 1}, "geometry": {"type": "Point", "coordinates": [111.6075342, 26.4515855]}}, {"type": "Feature", "properties": {"type": "photo", "name": "\n        ", "date": "2026-09-11", "track": "2026-09-11 0854永州冷水滩区", "photo_urls": ["track_photos_new/2026-09-11_0854永州冷水滩区_867.jpg"], "photo_count": 1}, "geometry": {"type": "Point", "coordinates": [111.6066338, 26.4511036]}}, {"type": "Feature", "properties": {"type": "photo", "name": "\n        ", "date": "2026-09-11", "track": "2026-09-11 0854永州冷水滩区", "photo_urls": ["track_photos_new/2026-09-11_0854永州冷水滩区_868.jpg"], "photo_count": 1}, "geometry": {"type": "Point", "coordinates": [111.6061876, 26.4504763]}}, {"type": "Feature", "properties": {"type": "photo", "name": "\n        ", "date": "2026-09-11", "track": "2026-09-11 0854永州冷水滩区", "photo_urls": ["track_photos_new/2026-09-11_0854永州冷水滩区_869.jpg"], "photo_count": 1}, "geometry": {"type": "Point", "coordinates": [111.6058064, 26.4498495]}}, {"type": "Feature", "properties": {"type": "photo", "name": "\n        ", "date": "2026-09-11", "track": "2026-09-11 0854永州冷水滩区", "photo_urls": ["track_photos_new/2026-09-11_0854永州冷水滩区_870.jpg"], "photo_count": 1}, "geometry": {"type": "Point", "coordinates": [111.6055034, 26.4498498]}}, {"type": "Feature", "properties": {"type": "photo", "name": "\n        ", "date": "2026-09-11", "track": "2026-09-11 0854永州冷水滩区", "photo_urls": ["track_photos_new/2026-09-11_0854永州冷水滩区_871.jpg"], "photo_count": 1}, "geometry": {"type": "Point", "coordinates": [111.6052071, 26.4498746]}}, {"type": "Feature", "properties": {"type": "photo", "name": "\n        ", "date": "2026-09-11", "track": "2026-09-11 0854永州冷水滩区", "photo_urls": ["track_photos_new/2026-09-11_0854永州冷水滩区_872.jpg"], "photo_count": 1}, "geometry": {"type": "Point", "coordinates": [111.6046237, 26.449894]}}, {"type": "Feature", "properties": {"type": "photo", "name": "\n        ", "date": "2026-09-11", "track": "2026-09-11 0854永州冷水滩区", "photo_urls": ["track_photos_new/2026-09-11_0854永州冷水滩区_873.jpg"], "photo_count": 1}, "geometry": {"type": "Point", "coordinates": [111.6025337, 26.4500448]}}, {"type": "Feature", "properties": {"type": "photo", "name": "\n        ", "date": "2026-09-11", "track": "2026-09-11 0854永州冷水滩区", "photo_urls": ["track_photos_new/2026-09-11_0854永州冷水滩区_874.jpg"], "photo_count": 1}, "geometry": {"type": "Point", "coordinates": [111.6022588, 26.4500941]}}, {"type": "Feature", "properties": {"type": "photo", "name": "\n        ", "date": "2026-09-11", "track": "2026-09-11 0854永州冷水滩区", "photo_urls": ["track_photos_new/2026-09-11_0854永州冷水滩区_875.jpg"], "photo_count": 1}, "geometry": {"type": "Point", "coordinates": [111.6022299, 26.4503975]}}, {"type": "Feature", "properties": {"type": "photo", "name": "\n        ", "date": "2026-09-11", "track": "2026-09-11 0854永州冷水滩区", "photo_urls": ["track_photos_new/2026-09-11_0854永州冷水滩区_876.jpg"], "photo_count": 1}, "geometry": {"type": "Point", "coordinates": [111.6023301, 26.450964]}}, {"type": "Feature", "properties": {"type": "photo", "name": "\n        ", "date": "2026-09-11", "track": "2026-09-11 0854永州冷水滩区", "photo_urls": ["track_photos_new/2026-09-11_0854永州冷水滩区_877.jpg"], "photo_count": 1}, "geometry": {"type": "Point", "coordinates": [111.6024457, 26.4513781]}}, {"type": "Feature", "properties": {"type": "photo", "name": "\n        ", "date": "2026-09-11", "track": "2026-09-11 0854永州冷水滩区", "photo_urls": ["track_photos_new/2026-09-11_0854永州冷水滩区_878.jpg"], "photo_count": 1}, "geometry": {"type": "Point", "coordinates": [111.6026851, 26.4520575]}}, {"type": "Feature", "properties": {"type": "photo", "name": "\n        ", "date": "2026-09-11", "track": "2026-09-11 0854永州冷水滩区", "photo_urls": ["track_photos_new/2026-09-11_0854永州冷水滩区_879.jpg"], "photo_count": 1}, "geometry": {"type": "Point", "coordinates": [111.6027418, 26.4521931]}}, {"type": "Feature", "properties": {"type": "photo", "name": "\n        ", "date": "2026-09-11", "track": "2026-09-11 0854永州冷水滩区", "photo_urls": ["track_photos_new/2026-09-11_0854永州冷水滩区_880.jpg"], "photo_count": 1}, "geometry": {"type": "Point", "coordinates": [111.602937, 26.4526218]}}, {"type": "Feature", "properties": {"type": "photo", "name": "\n        ", "date": "2026-09-11", "track": "2026-09-11 0854永州冷水滩区", "photo_urls": ["track_photos_new/2026-09-11_0854永州冷水滩区_881.jpg"], "photo_count": 1}, "geometry": {"type": "Point", "coordinates": [111.6029875, 26.4527379]}}, {"type": "Feature", "properties": {"type": "photo", "name": "\n        ", "date": "2026-09-11", "track": "2026-09-11 0854永州冷水滩区", "photo_urls": ["track_photos_new/2026-09-11_0854永州冷水滩区_882.jpg"], "photo_count": 1}, "geometry": {"type": "Point", "coordinates": [111.60304, 26.4528408]}}, {"type": "Feature", "properties": {"type": "photo", "name": "\n        ", "date": "2026-09-11", "track": "2026-09-11 0854永州冷水滩区", "photo_urls": ["track_photos_new/2026-09-11_0854永州冷水滩区_883.jpg"], "photo_count": 1}, "geometry": {"type": "Point", "coordinates": [111.6031127, 26.453046]}}, {"type": "Feature", "properties": {"type": "photo", "name": "\n        ", "date": "2026-09-11", "track": "2026-09-11 0854永州冷水滩区", "photo_urls": ["track_photos_new/2026-09-11_0854永州冷水滩区_884.jpg"], "photo_count": 1}, "geometry": {"type": "Point", "coordinates": [111.6031016, 26.4531379]}}, {"type": "Feature", "properties": {"type": "photo", "name": "\n        ", "date": "2026-09-11", "track": "2026-09-11 0854永州冷水滩区", "photo_urls": ["track_photos_new/2026-09-11_0854永州冷水滩区_885.jpg"], "photo_count": 1}, "geometry": {"type": "Point", "coordinates": [111.6029039, 26.4538106]}}, {"type": "Feature", "properties": {"type": "photo", "name": "\n        ", "date": "2026-09-11", "track": "2026-09-11 0854永州冷水滩区", "photo_urls": ["track_photos_new/2026-09-11_0854永州冷水滩区_886.jpg"], "photo_count": 1}, "geometry": {"type": "Point", "coordinates": [111.6028297, 26.4539407]}}, {"type": "Feature", "properties": {"type": "photo", "name": "\n        ", "date": "2026-09-11", "track": "2026-09-11 0854永州冷水滩区", "photo_urls": ["track_photos_new/2026-09-11_0854永州冷水滩区_887.jpg"], "photo_count": 1}, "geometry": {"type": "Point", "coordinates": [111.6026869, 26.4542373]}}, {"type": "Feature", "properties": {"type": "photo", "name": "\n        ", "date": "2026-09-11", "track": "2026-09-11 0854永州冷水滩区", "photo_urls": ["track_photos_new/2026-09-11_0854永州冷水滩区_888.jpg"], "photo_count": 1}, "geometry": {"type": "Point", "coordinates": [111.6026457, 26.4543691]}}, {"type": "Feature", "properties": {"type": "photo", "name": "\n        ", "date": "2026-09-11", "track": "2026-09-11 0854永州冷水滩区", "photo_urls": ["track_photos_new/2026-09-11_0854永州冷水滩区_889.jpg"], "photo_count": 1}, "geometry": {"type": "Point", "coordinates": [111.6028401, 26.4545997]}}, {"type": "Feature", "properties": {"type": "photo", "name": "\n        ", "date": "2026-09-11", "track": "2026-09-11 0854永州冷水滩区", "photo_urls": ["track_photos_new/2026-09-11_0854永州冷水滩区_890.jpg"], "photo_count": 1}, "geometry": {"type": "Point", "coordinates": [111.6032649, 26.4547412]}}, {"type": "Feature", "properties": {"type": "photo", "name": "\n        ", "date": "2026-09-11", "track": "2026-09-11 0854永州冷水滩区", "photo_urls": ["track_photos_new/2026-09-11_0854永州冷水滩区_891.jpg"], "photo_count": 1}, "geometry": {"type": "Point", "coordinates": [111.6039635, 26.4549796]}}, {"type": "Feature", "properties": {"type": "photo", "name": "\n        ", "date": "2026-09-11", "track": "2026-09-11 0854永州冷水滩区", "photo_urls": ["track_photos_new/2026-09-11_0854永州冷水滩区_892.jpg"], "photo_count": 1}, "geometry": {"type": "Point", "coordinates": [111.604443, 26.4551424]}}, {"type": "Feature", "properties": {"type": "photo", "name": "\n        ", "date": "2026-09-11", "track": "2026-09-11 0854永州冷水滩区", "photo_urls": ["track_photos_new/2026-09-11_0854永州冷水滩区_893.jpg"], "photo_count": 1}, "geometry": {"type": "Point", "coordinates": [111.6046728, 26.4552338]}}, {"type": "Feature", "properties": {"type": "photo", "name": "\n        ", "date": "2026-09-11", "track": "2026-09-11 0854永州冷水滩区", "photo_urls": ["track_photos_new/2026-09-11_0854永州冷水滩区_894.jpg"], "photo_count": 1}, "geometry": {"type": "Point", "coordinates": [111.6051165, 26.4553611]}}, {"type": "Feature", "properties": {"type": "photo", "name": "\n        ", "date": "2026-09-11", "track": "2026-09-11 0854永州冷水滩区", "photo_urls": ["track_photos_new/2026-09-11_0854永州冷水滩区_895.jpg"], "photo_count": 1}, "geometry": {"type": "Point", "coordinates": [111.6052836, 26.4551552]}}, {"type": "Feature", "properties": {"type": "photo", "name": "\n        ", "date": "2026-09-11", "track": "2026-09-11 0854永州冷水滩区", "photo_urls": ["track_photos_new/2026-09-11_0854永州冷水滩区_896.jpg"], "photo_count": 1}, "geometry": {"type": "Point", "coordinates": [111.6053398, 26.4550468]}}, {"type": "Feature", "properties": {"type": "photo", "name": "\n        ", "date": "2026-09-11", "track": "2026-09-11 0854永州冷水滩区", "photo_urls": ["track_photos_new/2026-09-11_0854永州冷水滩区_897.jpg"], "photo_count": 1}, "geometry": {"type": "Point", "coordinates": [111.6053768, 26.4549238]}}, {"type": "Feature", "properties": {"type": "photo", "name": "\n        ", "date": "2026-09-11", "track": "2026-09-11 0854永州冷水滩区", "photo_urls": ["track_photos_new/2026-09-11_0854永州冷水滩区_898.jpg"], "photo_count": 1}, "geometry": {"type": "Point", "coordinates": [111.605676, 26.4545889]}}, {"type": "Feature", "properties": {"type": "photo", "name": "\n        ", "date": "2026-09-11", "track": "2026-09-11 0854永州冷水滩区", "photo_urls": ["track_photos_new/2026-09-11_0854永州冷水滩区_899.jpg"], "photo_count": 1}, "geometry": {"type": "Point", "coordinates": [111.605774, 26.4543558]}}, {"type": "Feature", "properties": {"type": "photo", "name": "\n        ", "date": "2026-09-11", "track": "2026-09-11 0854永州冷水滩区", "photo_urls": ["track_photos_new/2026-09-11_0854永州冷水滩区_900.jpg"], "photo_count": 1}, "geometry": {"type": "Point", "coordinates": [111.6058908, 26.4534526]}}, {"type": "Feature", "properties": {"type": "photo", "name": "\n        ", "date": "2026-09-11", "track": "2026-09-11 0854永州冷水滩区", "photo_urls": ["track_photos_new/2026-09-11_0854永州冷水滩区_901.jpg"], "photo_count": 1}, "geometry": {"type": "Point", "coordinates": [111.6059007, 26.4533297]}}, {"type": "Feature", "properties": {"type": "photo", "name": "\n        ", "date": "2026-09-11", "track": "2026-09-11 0854永州冷水滩区", "photo_urls": ["track_photos_new/2026-09-11_0854永州冷水滩区_902.jpg"], "photo_count": 1}, "geometry": {"type": "Point", "coordinates": [111.6059022, 26.4532142]}}, {"type": "Feature", "properties": {"type": "photo", "name": "\n        ", "date": "2026-09-11", "track": "2026-09-11 0854永州冷水滩区", "photo_urls": ["track_photos_new/2026-09-11_0854永州冷水滩区_903.jpg"], "photo_count": 1}, "geometry": {"type": "Point", "coordinates": [111.6058897, 26.4531135]}}, {"type": "Feature", "properties": {"type": "photo", "name": "\n        ", "date": "2026-09-11", "track": "2026-09-11 0854永州冷水滩区", "photo_urls": ["track_photos_new/2026-09-11_0854永州冷水滩区_904.jpg"], "photo_count": 1}, "geometry": {"type": "Point", "coordinates": [111.6058654, 26.4528911]}}, {"type": "Feature", "properties": {"type": "photo", "name": "\n        ", "date": "2026-09-11", "track": "2026-09-11 0854永州冷水滩区", "photo_urls": ["track_photos_new/2026-09-11_0854永州冷水滩区_905.jpg"], "photo_count": 1}, "geometry": {"type": "Point", "coordinates": [111.6058665, 26.4527736]}}, {"type": "Feature", "properties": {"type": "photo", "name": "\n        ", "date": "2026-09-11", "track": "2026-09-11 0854永州冷水滩区", "photo_urls": ["track_photos_new/2026-09-11_0854永州冷水滩区_906.jpg"], "photo_count": 1}, "geometry": {"type": "Point", "coordinates": [111.6059627, 26.4525194]}}, {"type": "Feature", "properties": {"type": "photo", "name": "\n        ", "date": "2026-09-11", "track": "2026-09-11 0854永州冷水滩区", "photo_urls": ["track_photos_new/2026-09-11_0854永州冷水滩区_907.jpg"], "photo_count": 1}, "geometry": {"type": "Point", "coordinates": [111.6061904, 26.4522041]}}, {"type": "Feature", "properties": {"type": "photo", "name": "\n        ", "date": "2026-09-11", "track": "2026-09-11 0854永州冷水滩区", "photo_urls": ["track_photos_new/2026-09-11_0854永州冷水滩区_908.jpg"], "photo_count": 1}, "geometry": {"type": "Point", "coordinates": [111.6062034, 26.4521067]}}, {"type": "Feature", "properties": {"type": "photo", "name": "\n        ", "date": "2026-09-11", "track": "2026-09-11 0854永州冷水滩区", "photo_urls": ["track_photos_new/2026-09-11_0854永州冷水滩区_909.jpg"], "photo_count": 1}, "geometry": {"type": "Point", "coordinates": [111.6062034, 26.4521067]}}, {"type": "Feature", "properties": {"type": "photo", "name": "\n        ", "date": "2026-09-11", "track": "2026-09-11 0854永州冷水滩区", "photo_urls": ["track_photos_new/2026-09-11_0854永州冷水滩区_910.jpg"], "photo_count": 1}, "geometry": {"type": "Point", "coordinates": [111.6063643, 26.4516776]}}, {"type": "Feature", "properties": {"type": "photo", "name": "\n        ", "date": "2026-09-11", "track": "2026-09-11 0854永州冷水滩区", "photo_urls": ["track_photos_new/2026-09-11_0854永州冷水滩区_911.jpg"], "photo_count": 1}, "geometry": {"type": "Point", "coordinates": [111.6065396, 26.451333]}}, {"type": "Feature", "properties": {"type": "photo", "name": "\n        ", "date": "2026-09-11", "track": "2026-09-11 0854永州冷水滩区", "photo_urls": ["track_photos_new/2026-09-11_0854永州冷水滩区_912.jpg"], "photo_count": 1}, "geometry": {"type": "Point", "coordinates": [111.6051818, 26.4498414]}}, {"type": "Feature", "properties": {"type": "photo", "name": "\n        ", "date": "2026-09-11", "track": "2026-09-11 0854永州冷水滩区", "photo_urls": ["track_photos_new/2026-09-11_0854永州冷水滩区_913.jpg"], "photo_count": 1}, "geometry": {"type": "Point", "coordinates": [111.6045415, 26.449873]}}, {"type": "Feature", "properties": {"type": "photo", "name": "\n        ", "date": "2026-09-11", "track": "2026-09-11 0854永州冷水滩区", "photo_urls": ["track_photos_new/2026-09-11_0854永州冷水滩区_914.jpg"], "photo_count": 1}, "geometry": {"type": "Point", "coordinates": [111.6011017, 26.4499854]}}, {"type": "Feature", "properties": {"type": "photo", "name": "\n        ", "date": "2026-09-11", "track": "2026-09-11 0854永州冷水滩区", "photo_urls": ["track_photos_new/2026-09-11_0854永州冷水滩区_915.jpg"], "photo_count": 1}, "geometry": {"type": "Point", "coordinates": [111.6010521, 26.4500509]}}, {"type": "Feature", "properties": {"type": "photo", "name": "\n        ", "date": "2026-09-11", "track": "2026-09-11 0854永州冷水滩区", "photo_urls": ["track_photos_new/2026-09-11_0854永州冷水滩区_916.jpg"], "photo_count": 1}, "geometry": {"type": "Point", "coordinates": [111.6011053, 26.4501648]}}, {"type": "Feature", "properties": {"type": "photo", "name": "\n        ", "date": "2026-09-11", "track": "2026-09-11 0854永州冷水滩区", "photo_urls": ["track_photos_new/2026-09-11_0854永州冷水滩区_917.jpg"], "photo_count": 1}, "geometry": {"type": "Point", "coordinates": [111.6011508, 26.450276]}}, {"type": "Feature", "properties": {"type": "photo", "name": "\n        ", "date": "2026-09-11", "track": "2026-09-11 0854永州冷水滩区", "photo_urls": ["track_photos_new/2026-09-11_0854永州冷水滩区_918.jpg"], "photo_count": 1}, "geometry": {"type": "Point", "coordinates": [111.5996464, 26.4496489]}}, {"type": "Feature", "properties": {"type": "photo", "name": "\n        ", "date": "2026-09-11", "track": "2026-09-11 0854永州冷水滩区", "photo_urls": ["track_photos_new/2026-09-11_0854永州冷水滩区_919.jpg"], "photo_count": 1}, "geometry": {"type": "Point", "coordinates": [111.5981023, 26.4493071]}}, {"type": "Feature", "properties": {"type": "photo", "name": "\n        ", "date": "2026-09-11", "track": "2026-09-11 0854永州冷水滩区", "photo_urls": ["track_photos_new/2026-09-11_0854永州冷水滩区_920.jpg"], "photo_count": 1}, "geometry": {"type": "Point", "coordinates": [111.5979617, 26.449426]}}, {"type": "Feature", "properties": {"type": "photo", "name": "\n        ", "date": "2026-09-11", "track": "2026-09-11 0854永州冷水滩区", "photo_urls": ["track_photos_new/2026-09-11_0854永州冷水滩区_921.jpg"], "photo_count": 1}, "geometry": {"type": "Point", "coordinates": [111.5980331, 26.4499028]}}, {"type": "Feature", "properties": {"type": "photo", "name": "\n        ", "date": "2026-09-11", "track": "2026-09-11 0854永州冷水滩区", "photo_urls": ["track_photos_new/2026-09-11_0854永州冷水滩区_922.jpg"], "photo_count": 1}, "geometry": {"type": "Point", "coordinates": [111.5978682, 26.4505487]}}, {"type": "Feature", "properties": {"type": "photo", "name": "\n        ", "date": "2026-09-11", "track": "2026-09-11 0854永州冷水滩区", "photo_urls": ["track_photos_new/2026-09-11_0854永州冷水滩区_923.jpg"], "photo_count": 1}, "geometry": {"type": "Point", "coordinates": [111.5972112, 26.4505594]}}, {"type": "Feature", "properties": {"type": "photo", "name": "\n        ", "date": "2026-09-11", "track": "2026-09-11 0854永州冷水滩区", "photo_urls": ["track_photos_new/2026-09-11_0854永州冷水滩区_924.jpg"], "photo_count": 1}, "geometry": {"type": "Point", "coordinates": [111.5969506, 26.4510896]}}, {"type": "Feature", "properties": {"type": "photo", "name": "\n        ", "date": "2026-09-11", "track": "2026-09-11 0854永州冷水滩区", "photo_urls": ["track_photos_new/2026-09-11_0854永州冷水滩区_925.jpg"], "photo_count": 1}, "geometry": {"type": "Point", "coordinates": [111.5967493, 26.4515461]}}, {"type": "Feature", "properties": {"type": "photo", "name": "\n        ", "date": "2026-09-11", "track": "2026-09-11 0854永州冷水滩区", "photo_urls": ["track_photos_new/2026-09-11_0854永州冷水滩区_926.jpg"], "photo_count": 1}, "geometry": {"type": "Point", "coordinates": [111.5966551, 26.4518528]}}, {"type": "Feature", "properties": {"type": "photo", "name": "\n        ", "date": "2026-09-11", "track": "2026-09-11 0854永州冷水滩区", "photo_urls": ["track_photos_new/2026-09-11_0854永州冷水滩区_927.jpg"], "photo_count": 1}, "geometry": {"type": "Point", "coordinates": [111.5966295, 26.4519496]}}, {"type": "Feature", "properties": {"type": "photo", "name": "\n        ", "date": "2026-09-11", "track": "2026-09-11 0854永州冷水滩区", "photo_urls": ["track_photos_new/2026-09-11_0854永州冷水滩区_928.jpg"], "photo_count": 1}, "geometry": {"type": "Point", "coordinates": [111.5965232, 26.4529006]}}, {"type": "Feature", "properties": {"type": "photo", "name": "\n        ", "date": "2026-09-11", "track": "2026-09-11 0854永州冷水滩区", "photo_urls": ["track_photos_new/2026-09-11_0854永州冷水滩区_929.jpg"], "photo_count": 1}, "geometry": {"type": "Point", "coordinates": [111.5965156, 26.4531736]}}, {"type": "Feature", "properties": {"type": "photo", "name": "\n        ", "date": "2026-09-11", "track": "2026-09-11 0854永州冷水滩区", "photo_urls": ["track_photos_new/2026-09-11_0854永州冷水滩区_930.jpg"], "photo_count": 1}, "geometry": {"type": "Point", "coordinates": [111.5965139, 26.4532642]}}, {"type": "Feature", "properties": {"type": "photo", "name": "\n        ", "date": "2026-09-11", "track": "2026-09-11 0854永州冷水滩区", "photo_urls": ["track_photos_new/2026-09-11_0854永州冷水滩区_931.jpg"], "photo_count": 1}, "geometry": {"type": "Point", "coordinates": [111.5964798, 26.4545215]}}, {"type": "Feature", "properties": {"type": "photo", "name": "\n        ", "date": "2026-09-11", "track": "2026-09-11 0854永州冷水滩区", "photo_urls": ["track_photos_new/2026-09-11_0854永州冷水滩区_932.jpg"], "photo_count": 1}, "geometry": {"type": "Point", "coordinates": [111.5964793, 26.4546284]}}, {"type": "Feature", "properties": {"type": "photo", "name": "\n        ", "date": "2026-09-11", "track": "2026-09-11 0854永州冷水滩区", "photo_urls": ["track_photos_new/2026-09-11_0854永州冷水滩区_933.jpg"], "photo_count": 1}, "geometry": {"type": "Point", "coordinates": [111.5964967, 26.4549588]}}, {"type": "Feature", "properties": {"type": "photo", "name": "\n        ", "date": "2026-09-11", "track": "2026-09-11 0854永州冷水滩区", "photo_urls": ["track_photos_new/2026-09-11_0854永州冷水滩区_934.jpg"], "photo_count": 1}, "geometry": {"type": "Point", "coordinates": [111.596395, 26.4555161]}}, {"type": "Feature", "properties": {"type": "photo", "name": "\n        ", "date": "2026-09-11", "track": "2026-09-11 0854永州冷水滩区", "photo_urls": ["track_photos_new/2026-09-11_0854永州冷水滩区_935.jpg"], "photo_count": 1}, "geometry": {"type": "Point", "coordinates": [111.596395, 26.4555161]}}, {"type": "Feature", "properties": {"type": "photo", "name": "\n        ", "date": "2026-09-11", "track": "2026-09-11 0854永州冷水滩区", "photo_urls": ["track_photos_new/2026-09-11_0854永州冷水滩区_936.jpg"], "photo_count": 1}, "geometry": {"type": "Point", "coordinates": [111.5966236, 26.4556982]}}, {"type": "Feature", "properties": {"type": "photo", "name": "\n        ", "date": "2026-09-11", "track": "2026-09-11 0854永州冷水滩区", "photo_urls": ["track_photos_new/2026-09-11_0854永州冷水滩区_937.jpg"], "photo_count": 1}, "geometry": {"type": "Point", "coordinates": [111.5968519, 26.4557987]}}, {"type": "Feature", "properties": {"type": "photo", "name": "\n        ", "date": "2026-09-11", "track": "2026-09-11 0854永州冷水滩区", "photo_urls": ["track_photos_new/2026-09-11_0854永州冷水滩区_938.jpg"], "photo_count": 1}, "geometry": {"type": "Point", "coordinates": [111.5971108, 26.4557983]}}, {"type": "Feature", "properties": {"type": "photo", "name": "\n        ", "date": "2026-09-11", "track": "2026-09-11 0854永州冷水滩区", "photo_urls": ["track_photos_new/2026-09-11_0854永州冷水滩区_939.jpg"], "photo_count": 1}, "geometry": {"type": "Point", "coordinates": [111.598083, 26.4557649]}}, {"type": "Feature", "properties": {"type": "photo", "name": "\n        ", "date": "2026-09-11", "track": "2026-09-11 0854永州冷水滩区", "photo_urls": ["track_photos_new/2026-09-11_0854永州冷水滩区_940.jpg"], "photo_count": 1}, "geometry": {"type": "Point", "coordinates": [111.5982513, 26.4557825]}}, {"type": "Feature", "properties": {"type": "photo", "name": "\n        ", "date": "2026-09-11", "track": "2026-09-11 0854永州冷水滩区", "photo_urls": ["track_photos_new/2026-09-11_0854永州冷水滩区_941.jpg"], "photo_count": 1}, "geometry": {"type": "Point", "coordinates": [111.5985939, 26.4556669]}}, {"type": "Feature", "properties": {"type": "photo", "name": "\n        ", "date": "2026-09-11", "track": "2026-09-11 0854永州冷水滩区", "photo_urls": ["track_photos_new/2026-09-11_0854永州冷水滩区_942.jpg"], "photo_count": 1}, "geometry": {"type": "Point", "coordinates": [111.5987956, 26.4554612]}}, {"type": "Feature", "properties": {"type": "photo", "name": "\n        ", "date": "2026-09-11", "track": "2026-09-11 0854永州冷水滩区", "photo_urls": ["track_photos_new/2026-09-11_0854永州冷水滩区_943.jpg"], "photo_count": 1}, "geometry": {"type": "Point", "coordinates": [111.5989003, 26.4554091]}}, {"type": "Feature", "properties": {"type": "photo", "name": "\n        ", "date": "2026-09-11", "track": "2026-09-11 0854永州冷水滩区", "photo_urls": ["track_photos_new/2026-09-11_0854永州冷水滩区_944.jpg"], "photo_count": 1}, "geometry": {"type": "Point", "coordinates": [111.5989003, 26.4554091]}}, {"type": "Feature", "properties": {"type": "photo", "name": "\n        ", "date": "2026-09-11", "track": "2026-09-11 0854永州冷水滩区", "photo_urls": ["track_photos_new/2026-09-11_0854永州冷水滩区_945.jpg"], "photo_count": 1}, "geometry": {"type": "Point", "coordinates": [111.5989003, 26.4554091]}}, {"type": "Feature", "properties": {"type": "photo", "name": "\n        ", "date": "2026-09-11", "track": "2026-09-11 0854永州冷水滩区", "photo_urls": ["track_photos_new/2026-09-11_0854永州冷水滩区_946.jpg"], "photo_count": 1}, "geometry": {"type": "Point", "coordinates": [111.5989003, 26.4554091]}}, {"type": "Feature", "properties": {"type": "photo", "name": "\n        ", "date": "2026-09-11", "track": "2026-09-11 0854永州冷水滩区", "photo_urls": ["track_photos_new/2026-09-11_0854永州冷水滩区_947.jpg"], "photo_count": 1}, "geometry": {"type": "Point", "coordinates": [111.5989003, 26.4554091]}}, {"type": "Feature", "properties": {"type": "photo", "name": "\n        ", "date": "2026-09-11", "track": "2026-09-11 0854永州冷水滩区", "photo_urls": ["track_photos_new/2026-09-11_0854永州冷水滩区_948.jpg"], "photo_count": 1}, "geometry": {"type": "Point", "coordinates": [111.5989003, 26.4554091]}}, {"type": "Feature", "properties": {"type": "photo", "name": "\n        ", "date": "2026-09-11", "track": "2026-09-11 0854永州冷水滩区", "photo_urls": ["track_photos_new/2026-09-11_0854永州冷水滩区_949.jpg"], "photo_count": 1}, "geometry": {"type": "Point", "coordinates": [111.5989003, 26.4554091]}}, {"type": "Feature", "properties": {"type": "photo", "name": "\n        ", "date": "2026-09-11", "track": "2026-09-11 0854永州冷水滩区", "photo_urls": ["track_photos_new/2026-09-11_0854永州冷水滩区_950.jpg"], "photo_count": 1}, "geometry": {"type": "Point", "coordinates": [111.5989003, 26.4554091]}}, {"type": "Feature", "properties": {"type": "photo", "name": "\n        ", "date": "2026-09-11", "track": "2026-09-11 0854永州冷水滩区", "photo_urls": ["track_photos_new/2026-09-11_0854永州冷水滩区_951.jpg"], "photo_count": 1}, "geometry": {"type": "Point", "coordinates": [111.5989777, 26.4554872]}}, {"type": "Feature", "properties": {"type": "photo", "name": "\n        ", "date": "2026-09-11", "track": "2026-09-11 0854永州冷水滩区", "photo_urls": ["track_photos_new/2026-09-11_0854永州冷水滩区_952.jpg"], "photo_count": 1}, "geometry": {"type": "Point", "coordinates": [111.5989777, 26.4554872]}}, {"type": "Feature", "properties": {"type": "photo", "name": "\n        ", "date": "2026-09-11", "track": "2026-09-11 0854永州冷水滩区", "photo_urls": ["track_photos_new/2026-09-11_0854永州冷水滩区_953.jpg"], "photo_count": 1}, "geometry": {"type": "Point", "coordinates": [111.5988207, 26.4556836]}}, {"type": "Feature", "properties": {"type": "photo", "name": "\n        ", "date": "2026-09-11", "track": "2026-09-11 0854永州冷水滩区", "photo_urls": ["track_photos_new/2026-09-11_0854永州冷水滩区_954.jpg"], "photo_count": 1}, "geometry": {"type": "Point", "coordinates": [111.5987714, 26.4557535]}}, {"type": "Feature", "properties": {"type": "photo", "name": "\n        ", "date": "2026-09-11", "track": "2026-09-11 0854永州冷水滩区", "photo_urls": ["track_photos_new/2026-09-11_0854永州冷水滩区_955.jpg"], "photo_count": 1}, "geometry": {"type": "Point", "coordinates": [111.5987714, 26.4557535]}}, {"type": "Feature", "properties": {"type": "photo", "name": "\n        ", "date": "2026-09-11", "track": "2026-09-11 0854永州冷水滩区", "photo_urls": ["track_photos_new/2026-09-11_0854永州冷水滩区_956.jpg"], "photo_count": 1}, "geometry": {"type": "Point", "coordinates": [111.5987714, 26.4557535]}}, {"type": "Feature", "properties": {"type": "photo", "name": "\n        ", "date": "2026-09-11", "track": "2026-09-11 0854永州冷水滩区", "photo_urls": ["track_photos_new/2026-09-11_0854永州冷水滩区_957.jpg"], "photo_count": 1}, "geometry": {"type": "Point", "coordinates": [111.5983067, 26.4558832]}}, {"type": "Feature", "properties": {"type": "photo", "name": "\n        ", "date": "2026-09-11", "track": "2026-09-11 0854永州冷水滩区", "photo_urls": ["track_photos_new/2026-09-11_0854永州冷水滩区_958.jpg"], "photo_count": 1}, "geometry": {"type": "Point", "coordinates": [111.5972489, 26.4558123]}}, {"type": "Feature", "properties": {"type": "photo", "name": "\n        ", "date": "2026-09-11", "track": "2026-09-11 0854永州冷水滩区", "photo_urls": ["track_photos_new/2026-09-11_0854永州冷水滩区_959.jpg"], "photo_count": 1}, "geometry": {"type": "Point", "coordinates": [111.5972489, 26.4558123]}}, {"type": "Feature", "properties": {"type": "photo", "name": "\n        ", "date": "2026-09-11", "track": "2026-09-11 0854永州冷水滩区", "photo_urls": ["track_photos_new/2026-09-11_0854永州冷水滩区_960.jpg"], "photo_count": 1}, "geometry": {"type": "Point", "coordinates": [111.597037, 26.455852]}}, {"type": "Feature", "properties": {"type": "photo", "name": "\n        ", "date": "2026-09-11", "track": "2026-09-11 0854永州冷水滩区", "photo_urls": ["track_photos_new/2026-09-11_0854永州冷水滩区_961.jpg"], "photo_count": 1}, "geometry": {"type": "Point", "coordinates": [111.597037, 26.455852]}}, {"type": "Feature", "properties": {"type": "photo", "name": "\n        ", "date": "2026-09-11", "track": "2026-09-11 0854永州冷水滩区", "photo_urls": ["track_photos_new/2026-09-11_0854永州冷水滩区_962.jpg"], "photo_count": 1}, "geometry": {"type": "Point", "coordinates": [111.597037, 26.455852]}}, {"type": "Feature", "properties": {"type": "photo", "name": "\n        ", "date": "2026-09-11", "track": "2026-09-11 0854永州冷水滩区", "photo_urls": ["track_photos_new/2026-09-11_0854永州冷水滩区_963.jpg"], "photo_count": 1}, "geometry": {"type": "Point", "coordinates": [111.5968134, 26.4558494]}}, {"type": "Feature", "properties": {"type": "photo", "name": "\n        ", "date": "2026-09-11", "track": "2026-09-11 0854永州冷水滩区", "photo_urls": ["track_photos_new/2026-09-11_0854永州冷水滩区_964.jpg"], "photo_count": 1}, "geometry": {"type": "Point", "coordinates": [111.5967868, 26.4559225]}}, {"type": "Feature", "properties": {"type": "photo", "name": "\n        ", "date": "2026-09-11", "track": "2026-09-11 0854永州冷水滩区", "photo_urls": ["track_photos_new/2026-09-11_0854永州冷水滩区_965.jpg"], "photo_count": 1}, "geometry": {"type": "Point", "coordinates": [111.5968356, 26.4560198]}}, {"type": "Feature", "properties": {"type": "photo", "name": "\n        ", "date": "2026-09-11", "track": "2026-09-11 0854永州冷水滩区", "photo_urls": ["track_photos_new/2026-09-11_0854永州冷水滩区_966.jpg"], "photo_count": 1}, "geometry": {"type": "Point", "coordinates": [111.5968356, 26.4560198]}}, {"type": "Feature", "properties": {"type": "photo", "name": "\n        ", "date": "2026-09-11", "track": "2026-09-11 0854永州冷水滩区", "photo_urls": ["track_photos_new/2026-09-11_0854永州冷水滩区_967.jpg"], "photo_count": 1}, "geometry": {"type": "Point", "coordinates": [111.5969158, 26.4561143]}}, {"type": "Feature", "properties": {"type": "photo", "name": "\n        ", "date": "2026-09-11", "track": "2026-09-11 0854永州冷水滩区", "photo_urls": ["track_photos_new/2026-09-11_0854永州冷水滩区_968.jpg"], "photo_count": 1}, "geometry": {"type": "Point", "coordinates": [111.5969158, 26.4561143]}}, {"type": "Feature", "properties": {"type": "photo", "name": "\n        ", "date": "2026-09-11", "track": "2026-09-11 0854永州冷水滩区", "photo_urls": ["track_photos_new/2026-09-11_0854永州冷水滩区_969.jpg"], "photo_count": 1}, "geometry": {"type": "Point", "coordinates": [111.5969158, 26.4561143]}}, {"type": "Feature", "properties": {"type": "photo", "name": "\n        ", "date": "2026-09-11", "track": "2026-09-11 0854永州冷水滩区", "photo_urls": ["track_photos_new/2026-09-11_0854永州冷水滩区_970.jpg"], "photo_count": 1}, "geometry": {"type": "Point", "coordinates": [111.5968158, 26.4557825]}}, {"type": "Feature", "properties": {"type": "photo", "name": "\n        ", "date": "2026-09-11", "track": "2026-09-11 0854永州冷水滩区", "photo_urls": ["track_photos_new/2026-09-11_0854永州冷水滩区_971.jpg"], "photo_count": 1}, "geometry": {"type": "Point", "coordinates": [111.5965209, 26.4557055]}}, {"type": "Feature", "properties": {"type": "photo", "name": "\n        ", "date": "2026-09-11", "track": "2026-09-11 0854永州冷水滩区", "photo_urls": ["track_photos_new/2026-09-11_0854永州冷水滩区_972.jpg"], "photo_count": 1}, "geometry": {"type": "Point", "coordinates": [111.5963531, 26.4559716]}}, {"type": "Feature", "properties": {"type": "photo", "name": "\n        ", "date": "2026-09-11", "track": "2026-09-11 0854永州冷水滩区", "photo_urls": ["track_photos_new/2026-09-11_0854永州冷水滩区_973.jpg"], "photo_count": 1}, "geometry": {"type": "Point", "coordinates": [111.5964299, 26.4560369]}}, {"type": "Feature", "properties": {"type": "photo", "name": "\n        ", "date": "2026-09-11", "track": "2026-09-11 0854永州冷水滩区", "photo_urls": ["track_photos_new/2026-09-11_0854永州冷水滩区_974.jpg"], "photo_count": 1}, "geometry": {"type": "Point", "coordinates": [111.5964299, 26.4560369]}}, {"type": "Feature", "properties": {"type": "photo", "name": "\n        ", "date": "2026-09-11", "track": "2026-09-11 0854永州冷水滩区", "photo_urls": ["track_photos_new/2026-09-11_0854永州冷水滩区_975.jpg"], "photo_count": 1}, "geometry": {"type": "Point", "coordinates": [111.596503, 26.4561324]}}, {"type": "Feature", "properties": {"type": "photo", "name": "\n        ", "date": "2026-09-11", "track": "2026-09-11 0854永州冷水滩区", "photo_urls": ["track_photos_new/2026-09-11_0854永州冷水滩区_976.jpg"], "photo_count": 1}, "geometry": {"type": "Point", "coordinates": [111.596503, 26.4561324]}}, {"type": "Feature", "properties": {"type": "photo", "name": "\n        ", "date": "2026-09-11", "track": "2026-09-11 0854永州冷水滩区", "photo_urls": ["track_photos_new/2026-09-11_0854永州冷水滩区_977.jpg"], "photo_count": 1}, "geometry": {"type": "Point", "coordinates": [111.5964749, 26.4562096]}}, {"type": "Feature", "properties": {"type": "photo", "name": "\n        ", "date": "2026-09-11", "track": "2026-09-11 0854永州冷水滩区", "photo_urls": ["track_photos_new/2026-09-11_0854永州冷水滩区_978.jpg"], "photo_count": 1}, "geometry": {"type": "Point", "coordinates": [111.5964749, 26.4562096]}}, {"type": "Feature", "properties": {"type": "photo", "name": "\n        ", "date": "2026-09-11", "track": "2026-09-11 0854永州冷水滩区", "photo_urls": ["track_photos_new/2026-09-11_0854永州冷水滩区_979.jpg"], "photo_count": 1}, "geometry": {"type": "Point", "coordinates": [111.5964749, 26.4562096]}}, {"type": "Feature", "properties": {"type": "photo", "name": "\n        ", "date": "2026-09-11", "track": "2026-09-11 0854永州冷水滩区", "photo_urls": ["track_photos_new/2026-09-11_0854永州冷水滩区_980.jpg"], "photo_count": 1}, "geometry": {"type": "Point", "coordinates": [111.5965361, 26.4562313]}}, {"type": "Feature", "properties": {"type": "photo", "name": "\n        ", "date": "2026-09-11", "track": "2026-09-11 0854永州冷水滩区", "photo_urls": ["track_photos_new/2026-09-11_0854永州冷水滩区_981.jpg"], "photo_count": 1}, "geometry": {"type": "Point", "coordinates": [111.5965361, 26.4562313]}}, {"type": "Feature", "properties": {"type": "photo", "name": "\n        ", "date": "2026-09-11", "track": "2026-09-11 0854永州冷水滩区", "photo_urls": ["track_photos_new/2026-09-11_0854永州冷水滩区_982.jpg"], "photo_count": 1}, "geometry": {"type": "Point", "coordinates": [111.5965361, 26.4562313]}}, {"type": "Feature", "properties": {"type": "photo", "name": "\n        ", "date": "2026-09-11", "track": "2026-09-11 0854永州冷水滩区", "photo_urls": ["track_photos_new/2026-09-11_0854永州冷水滩区_983.jpg"], "photo_count": 1}, "geometry": {"type": "Point", "coordinates": [111.5967448, 26.4564339]}}, {"type": "Feature", "properties": {"type": "photo", "name": "\n        ", "date": "2026-09-11", "track": "2026-09-11 0854永州冷水滩区", "photo_urls": ["track_photos_new/2026-09-11_0854永州冷水滩区_984.jpg"], "photo_count": 1}, "geometry": {"type": "Point", "coordinates": [111.5966102, 26.4563268]}}, {"type": "Feature", "properties": {"type": "photo", "name": "\n        ", "date": "2026-09-11", "track": "2026-09-11 0854永州冷水滩区", "photo_urls": ["track_photos_new/2026-09-11_0854永州冷水滩区_985.jpg"], "photo_count": 1}, "geometry": {"type": "Point", "coordinates": [111.5965522, 26.4562245]}}, {"type": "Feature", "properties": {"type": "photo", "name": "\n        ", "date": "2026-09-11", "track": "2026-09-11 0854永州冷水滩区", "photo_urls": ["track_photos_new/2026-09-11_0854永州冷水滩区_986.jpg"], "photo_count": 1}, "geometry": {"type": "Point", "coordinates": [111.5959982, 26.4563663]}}, {"type": "Feature", "properties": {"type": "photo", "name": "\n        ", "date": "2026-09-11", "track": "2026-09-11 0854永州冷水滩区", "photo_urls": ["track_photos_new/2026-09-11_0854永州冷水滩区_987.jpg"], "photo_count": 1}, "geometry": {"type": "Point", "coordinates": [111.5959982, 26.4563663]}}, {"type": "Feature", "properties": {"type": "photo", "name": "\n        ", "date": "2026-09-11", "track": "2026-09-11 0854永州冷水滩区", "photo_urls": ["track_photos_new/2026-09-11_0854永州冷水滩区_988.jpg"], "photo_count": 1}, "geometry": {"type": "Point", "coordinates": [111.5958559, 26.4565317]}}, {"type": "Feature", "properties": {"type": "photo", "name": "\n        ", "date": "2026-09-11", "track": "2026-09-11 0854永州冷水滩区", "photo_urls": ["track_photos_new/2026-09-11_0854永州冷水滩区_989.jpg"], "photo_count": 1}, "geometry": {"type": "Point", "coordinates": [111.5959444, 26.4566113]}}, {"type": "Feature", "properties": {"type": "photo", "name": "\n        ", "date": "2026-09-11", "track": "2026-09-11 0854永州冷水滩区", "photo_urls": ["track_photos_new/2026-09-11_0854永州冷水滩区_990.jpg"], "photo_count": 1}, "geometry": {"type": "Point", "coordinates": [111.5960239, 26.4566414]}}, {"type": "Feature", "properties": {"type": "photo", "name": "\n        ", "date": "2026-09-11", "track": "2026-09-11 0854永州冷水滩区", "photo_urls": ["track_photos_new/2026-09-11_0854永州冷水滩区_991.jpg"], "photo_count": 1}, "geometry": {"type": "Point", "coordinates": [111.5960239, 26.4566414]}}, {"type": "Feature", "properties": {"type": "photo", "name": "\n        ", "date": "2026-09-11", "track": "2026-09-11 0854永州冷水滩区", "photo_urls": ["track_photos_new/2026-09-11_0854永州冷水滩区_992.jpg"], "photo_count": 1}, "geometry": {"type": "Point", "coordinates": [111.5960239, 26.4566414]}}, {"type": "Feature", "properties": {"type": "photo", "name": "\n        ", "date": "2026-09-11", "track": "2026-09-11 0854永州冷水滩区", "photo_urls": ["track_photos_new/2026-09-11_0854永州冷水滩区_993.jpg"], "photo_count": 1}, "geometry": {"type": "Point", "coordinates": [111.5963891, 26.4568368]}}, {"type": "Feature", "properties": {"type": "photo", "name": "\n        ", "date": "2026-09-11", "track": "2026-09-11 0854永州冷水滩区", "photo_urls": ["track_photos_new/2026-09-11_0854永州冷水滩区_994.jpg"], "photo_count": 1}, "geometry": {"type": "Point", "coordinates": [111.5965578, 26.4569561]}}, {"type": "Feature", "properties": {"type": "photo", "name": "\n        ", "date": "2026-09-11", "track": "2026-09-11 0854永州冷水滩区", "photo_urls": ["track_photos_new/2026-09-11_0854永州冷水滩区_995.jpg"], "photo_count": 1}, "geometry": {"type": "Point", "coordinates": [111.5965578, 26.4569561]}}, {"type": "Feature", "properties": {"type": "photo", "name": "\n        ", "date": "2026-09-11", "track": "2026-09-11 0854永州冷水滩区", "photo_urls": ["track_photos_new/2026-09-11_0854永州冷水滩区_996.jpg"], "photo_count": 1}, "geometry": {"type": "Point", "coordinates": [111.5965578, 26.4569561]}}, {"type": "Feature", "properties": {"type": "photo", "name": "\n        ", "date": "2026-09-11", "track": "2026-09-11 0854永州冷水滩区", "photo_urls": ["track_photos_new/2026-09-11_0854永州冷水滩区_997.jpg"], "photo_count": 1}, "geometry": {"type": "Point", "coordinates": [111.5967412, 26.4570802]}}, {"type": "Feature", "properties": {"type": "photo", "name": "\n        ", "date": "2026-09-11", "track": "2026-09-11 0854永州冷水滩区", "photo_urls": ["track_photos_new/2026-09-11_0854永州冷水滩区_998.jpg"], "photo_count": 1}, "geometry": {"type": "Point", "coordinates": [111.5967018, 26.4570377]}}, {"type": "Feature", "properties": {"type": "photo", "name": "\n        ", "date": "2026-09-11", "track": "2026-09-11 0854永州冷水滩区", "photo_urls": ["track_photos_new/2026-09-11_0854永州冷水滩区_999.jpg"], "photo_count": 1}, "geometry": {"type": "Point", "coordinates": [111.5957619, 26.4566432]}}, {"type": "Feature", "properties": {"type": "photo", "name": "\n        ", "date": "2026-09-11", "track": "2026-09-11 0854永州冷水滩区", "photo_urls": ["track_photos_new/2026-09-11_0854永州冷水滩区_1000.jpg"], "photo_count": 1}, "geometry": {"type": "Point", "coordinates": [111.5957619, 26.4566432]}}, {"type": "Feature", "properties": {"type": "photo", "name": "\n        ", "date": "2026-09-11", "track": "2026-09-11 0854永州冷水滩区", "photo_urls": ["track_photos_new/2026-09-11_0854永州冷水滩区_1001.jpg"], "photo_count": 1}, "geometry": {"type": "Point", "coordinates": [111.5957703, 26.4569352]}}, {"type": "Feature", "properties": {"type": "photo", "name": "\n        ", "date": "2026-09-11", "track": "2026-09-11 0854永州冷水滩区", "photo_urls": ["track_photos_new/2026-09-11_0854永州冷水滩区_1002.jpg"], "photo_count": 1}, "geometry": {"type": "Point", "coordinates": [111.5957703, 26.4569352]}}, {"type": "Feature", "properties": {"type": "photo", "name": "\n        ", "date": "2026-09-11", "track": "2026-09-11 0854永州冷水滩区", "photo_urls": ["track_photos_new/2026-09-11_0854永州冷水滩区_1003.jpg"], "photo_count": 1}, "geometry": {"type": "Point", "coordinates": [111.5959321, 26.4574315]}}, {"type": "Feature", "properties": {"type": "photo", "name": "\n        ", "date": "2026-09-11", "track": "2026-09-11 0854永州冷水滩区", "photo_urls": ["track_photos_new/2026-09-11_0854永州冷水滩区_1004.jpg"], "photo_count": 1}, "geometry": {"type": "Point", "coordinates": [111.5959321, 26.4574315]}}, {"type": "Feature", "properties": {"type": "photo", "name": "\n        ", "date": "2026-09-11", "track": "2026-09-11 0854永州冷水滩区", "photo_urls": ["track_photos_new/2026-09-11_0854永州冷水滩区_1005.jpg"], "photo_count": 1}, "geometry": {"type": "Point", "coordinates": [111.5959432, 26.4575312]}}, {"type": "Feature", "properties": {"type": "photo", "name": "\n        ", "date": "2026-09-11", "track": "2026-09-11 0854永州冷水滩区", "photo_urls": ["track_photos_new/2026-09-11_0854永州冷水滩区_1006.jpg"], "photo_count": 1}, "geometry": {"type": "Point", "coordinates": [111.5959376, 26.4576264]}}, {"type": "Feature", "properties": {"type": "photo", "name": "\n        ", "date": "2026-09-11", "track": "2026-09-11 0854永州冷水滩区", "photo_urls": ["track_photos_new/2026-09-11_0854永州冷水滩区_1007.jpg"], "photo_count": 1}, "geometry": {"type": "Point", "coordinates": [111.5959602, 26.4577136]}}, {"type": "Feature", "properties": {"type": "photo", "name": "\n        ", "date": "2026-09-11", "track": "2026-09-11 0854永州冷水滩区", "photo_urls": ["track_photos_new/2026-09-11_0854永州冷水滩区_1008.jpg"], "photo_count": 1}, "geometry": {"type": "Point", "coordinates": [111.5961567, 26.4577362]}}, {"type": "Feature", "properties": {"type": "photo", "name": "\n        ", "date": "2026-09-11", "track": "2026-09-11 0854永州冷水滩区", "photo_urls": ["track_photos_new/2026-09-11_0854永州冷水滩区_1009.jpg"], "photo_count": 1}, "geometry": {"type": "Point", "coordinates": [111.5961567, 26.4577362]}}, {"type": "Feature", "properties": {"type": "photo", "name": "\n        ", "date": "2026-09-11", "track": "2026-09-11 0854永州冷水滩区", "photo_urls": ["track_photos_new/2026-09-11_0854永州冷水滩区_1010.jpg"], "photo_count": 1}, "geometry": {"type": "Point", "coordinates": [111.5958406, 26.4565239]}}, {"type": "Feature", "properties": {"type": "photo", "name": "\n        ", "date": "2026-09-11", "track": "2026-09-11 0854永州冷水滩区", "photo_urls": ["track_photos_new/2026-09-11_0854永州冷水滩区_1011.jpg"], "photo_count": 1}, "geometry": {"type": "Point", "coordinates": [111.5963353, 26.4559282]}}, {"type": "Feature", "properties": {"type": "photo", "name": "\n        ", "date": "2026-09-11", "track": "2026-09-11 0854永州冷水滩区", "photo_urls": ["track_photos_new/2026-09-11_0854永州冷水滩区_1012.jpg"], "photo_count": 1}, "geometry": {"type": "Point", "coordinates": [111.5971528, 26.4552223]}}, {"type": "Feature", "properties": {"type": "photo", "name": "\n        ", "date": "2026-09-11", "track": "2026-09-11 0854永州冷水滩区", "photo_urls": ["track_photos_new/2026-09-11_0854永州冷水滩区_1013.jpg"], "photo_count": 1}, "geometry": {"type": "Point", "coordinates": [111.5971647, 26.4551283]}}, {"type": "Feature", "properties": {"type": "photo", "name": "\n        ", "date": "2026-09-11", "track": "2026-09-11 0854永州冷水滩区", "photo_urls": ["track_photos_new/2026-09-11_0854永州冷水滩区_1014.jpg"], "photo_count": 1}, "geometry": {"type": "Point", "coordinates": [111.5983443, 26.4550825]}}, {"type": "Feature", "properties": {"type": "photo", "name": "\n        ", "date": "2026-09-11", "track": "2026-09-11 0854永州冷水滩区", "photo_urls": ["track_photos_new/2026-09-11_0854永州冷水滩区_1015.jpg"], "photo_count": 1}, "geometry": {"type": "Point", "coordinates": [111.5983443, 26.4550825]}}, {"type": "Feature", "properties": {"type": "photo", "name": "\n        ", "date": "2026-09-11", "track": "2026-09-11 0854永州冷水滩区", "photo_urls": ["track_photos_new/2026-09-11_0854永州冷水滩区_1016.jpg"], "photo_count": 1}, "geometry": {"type": "Point", "coordinates": [111.5989963, 26.4549794]}}, {"type": "Feature", "properties": {"type": "photo", "name": "\n        ", "date": "2026-09-11", "track": "2026-09-11 0854永州冷水滩区", "photo_urls": ["track_photos_new/2026-09-11_0854永州冷水滩区_1017.jpg"], "photo_count": 1}, "geometry": {"type": "Point", "coordinates": [111.5990543, 26.4547802]}}, {"type": "Feature", "properties": {"type": "photo", "name": "\n        ", "date": "2026-09-11", "track": "2026-09-11 0854永州冷水滩区", "photo_urls": ["track_photos_new/2026-09-11_0854永州冷水滩区_1018.jpg"], "photo_count": 1}, "geometry": {"type": "Point", "coordinates": [111.5990543, 26.4547802]}}, {"type": "Feature", "properties": {"type": "photo", "name": "\n        ", "date": "2026-09-11", "track": "2026-09-11 0854永州冷水滩区", "photo_urls": ["track_photos_new/2026-09-11_0854永州冷水滩区_1019.jpg"], "photo_count": 1}, "geometry": {"type": "Point", "coordinates": [111.5990086, 26.4544726]}}, {"type": "Feature", "properties": {"type": "photo", "name": "\n        ", "date": "2026-09-11", "track": "2026-09-11 0854永州冷水滩区", "photo_urls": ["track_photos_new/2026-09-11_0854永州冷水滩区_1020.jpg"], "photo_count": 1}, "geometry": {"type": "Point", "coordinates": [111.5990086, 26.4544726]}}, {"type": "Feature", "properties": {"type": "photo", "name": "\n        ", "date": "2026-09-11", "track": "2026-09-11 0854永州冷水滩区", "photo_urls": ["track_photos_new/2026-09-11_0854永州冷水滩区_1021.jpg"], "photo_count": 1}, "geometry": {"type": "Point", "coordinates": [111.5984463, 26.4537715]}}, {"type": "Feature", "properties": {"type": "photo", "name": "\n        ", "date": "2026-09-11", "track": "2026-09-11 0854永州冷水滩区", "photo_urls": ["track_photos_new/2026-09-11_0854永州冷水滩区_1022.jpg"], "photo_count": 1}, "geometry": {"type": "Point", "coordinates": [111.5984463, 26.4537715]}}, {"type": "Feature", "properties": {"type": "photo", "name": "\n        ", "date": "2026-09-11", "track": "2026-09-11 0854永州冷水滩区", "photo_urls": ["track_photos_new/2026-09-11_0854永州冷水滩区_1023.jpg"], "photo_count": 1}, "geometry": {"type": "Point", "coordinates": [111.5982884, 26.4537617]}}, {"type": "Feature", "properties": {"type": "photo", "name": "\n        ", "date": "2026-09-11", "track": "2026-09-11 0854永州冷水滩区", "photo_urls": ["track_photos_new/2026-09-11_0854永州冷水滩区_1024.jpg"], "photo_count": 1}, "geometry": {"type": "Point", "coordinates": [111.5982018, 26.4537093]}}, {"type": "Feature", "properties": {"type": "photo", "name": "\n        ", "date": "2026-09-11", "track": "2026-09-11 0854永州冷水滩区", "photo_urls": ["track_photos_new/2026-09-11_0854永州冷水滩区_1025.jpg"], "photo_count": 1}, "geometry": {"type": "Point", "coordinates": [111.5973902, 26.4535199]}}, {"type": "Feature", "properties": {"type": "photo", "name": "\n        ", "date": "2026-09-11", "track": "2026-09-11 0854永州冷水滩区", "photo_urls": ["track_photos_new/2026-09-11_0854永州冷水滩区_1026.jpg"], "photo_count": 1}, "geometry": {"type": "Point", "coordinates": [111.5972949, 26.4535717]}}, {"type": "Feature", "properties": {"type": "photo", "name": "\n        ", "date": "2026-09-11", "track": "2026-09-11 0854永州冷水滩区", "photo_urls": ["track_photos_new/2026-09-11_0854永州冷水滩区_1027.jpg"], "photo_count": 1}, "geometry": {"type": "Point", "coordinates": [111.5971948, 26.4535991]}}, {"type": "Feature", "properties": {"type": "photo", "name": "\n        ", "date": "2026-09-11", "track": "2026-09-11 0854永州冷水滩区", "photo_urls": ["track_photos_new/2026-09-11_0854永州冷水滩区_1028.jpg"], "photo_count": 1}, "geometry": {"type": "Point", "coordinates": [111.5966122, 26.4531534]}}, {"type": "Feature", "properties": {"type": "photo", "name": "\n        ", "date": "2026-09-11", "track": "2026-09-11 0854永州冷水滩区", "photo_urls": ["track_photos_new/2026-09-11_0854永州冷水滩区_1029.jpg"], "photo_count": 1}, "geometry": {"type": "Point", "coordinates": [111.5966122, 26.4531534]}}, {"type": "Feature", "properties": {"type": "photo", "name": "\n        ", "date": "2026-09-11", "track": "2026-09-11 0854永州冷水滩区", "photo_urls": ["track_photos_new/2026-09-11_0854永州冷水滩区_1030.jpg"], "photo_count": 1}, "geometry": {"type": "Point", "coordinates": [111.5966038, 26.453328]}}, {"type": "Feature", "properties": {"type": "photo", "name": "\n        ", "date": "2026-09-11", "track": "2026-09-11 0854永州冷水滩区", "photo_urls": ["track_photos_new/2026-09-11_0854永州冷水滩区_1031.jpg"], "photo_count": 1}, "geometry": {"type": "Point", "coordinates": [111.5966003, 26.4537819]}}, {"type": "Feature", "properties": {"type": "photo", "name": "\n        ", "date": "2026-09-11", "track": "2026-09-11 0854永州冷水滩区", "photo_urls": ["track_photos_new/2026-09-11_0854永州冷水滩区_1032.jpg"], "photo_count": 1}, "geometry": {"type": "Point", "coordinates": [111.5966754, 26.4538178]}}, {"type": "Feature", "properties": {"type": "photo", "name": "\n        ", "date": "2026-09-11", "track": "2026-09-11 0854永州冷水滩区", "photo_urls": ["track_photos_new/2026-09-11_0854永州冷水滩区_1033.jpg"], "photo_count": 1}, "geometry": {"type": "Point", "coordinates": [111.5972559, 26.453835]}}, {"type": "Feature", "properties": {"type": "photo", "name": "\n        ", "date": "2026-09-11", "track": "2026-09-11 0854永州冷水滩区", "photo_urls": ["track_photos_new/2026-09-11_0854永州冷水滩区_1034.jpg"], "photo_count": 1}, "geometry": {"type": "Point", "coordinates": [111.5975807, 26.4539107]}}, {"type": "Feature", "properties": {"type": "photo", "name": "\n        ", "date": "2026-09-11", "track": "2026-09-11 0854永州冷水滩区", "photo_urls": ["track_photos_new/2026-09-11_0854永州冷水滩区_1035.jpg"], "photo_count": 1}, "geometry": {"type": "Point", "coordinates": [111.5976171, 26.4539973]}}, {"type": "Feature", "properties": {"type": "photo", "name": "\n        ", "date": "2026-09-11", "track": "2026-09-11 0854永州冷水滩区", "photo_urls": ["track_photos_new/2026-09-11_0854永州冷水滩区_1036.jpg"], "photo_count": 1}, "geometry": {"type": "Point", "coordinates": [111.5976105, 26.4540993]}}, {"type": "Feature", "properties": {"type": "photo", "name": "\n        ", "date": "2026-09-11", "track": "2026-09-11 0854永州冷水滩区", "photo_urls": ["track_photos_new/2026-09-11_0854永州冷水滩区_1037.jpg"], "photo_count": 1}, "geometry": {"type": "Point", "coordinates": [111.5976105, 26.4540993]}}, {"type": "Feature", "properties": {"type": "photo", "name": "\n        ", "date": "2026-09-11", "track": "2026-09-11 0854永州冷水滩区", "photo_urls": ["track_photos_new/2026-09-11_0854永州冷水滩区_1038.jpg"], "photo_count": 1}, "geometry": {"type": "Point", "coordinates": [111.5976016, 26.4542112]}}, {"type": "Feature", "properties": {"type": "photo", "name": "\n        ", "date": "2026-09-11", "track": "2026-09-11 0854永州冷水滩区", "photo_urls": ["track_photos_new/2026-09-11_0854永州冷水滩区_1039.jpg"], "photo_count": 1}, "geometry": {"type": "Point", "coordinates": [111.5976016, 26.4542112]}}, {"type": "Feature", "properties": {"type": "photo", "name": "\n        ", "date": "2026-09-11", "track": "2026-09-11 0854永州冷水滩区", "photo_urls": ["track_photos_new/2026-09-11_0854永州冷水滩区_1040.jpg"], "photo_count": 1}, "geometry": {"type": "Point", "coordinates": [111.5976031, 26.4543315]}}, {"type": "Feature", "properties": {"type": "photo", "name": "\n        ", "date": "2026-09-11", "track": "2026-09-11 0854永州冷水滩区", "photo_urls": ["track_photos_new/2026-09-11_0854永州冷水滩区_1041.jpg"], "photo_count": 1}, "geometry": {"type": "Point", "coordinates": [111.5976291, 26.4545539]}}, {"type": "Feature", "properties": {"type": "photo", "name": "\n        ", "date": "2026-09-11", "track": "2026-09-11 0854永州冷水滩区", "photo_urls": ["track_photos_new/2026-09-11_0854永州冷水滩区_1042.jpg"], "photo_count": 1}, "geometry": {"type": "Point", "coordinates": [111.5976291, 26.4545539]}}, {"type": "Feature", "properties": {"type": "photo", "name": "\n        ", "date": "2026-09-11", "track": "2026-09-11 0854永州冷水滩区", "photo_urls": ["track_photos_new/2026-09-11_0854永州冷水滩区_1043.jpg"], "photo_count": 1}, "geometry": {"type": "Point", "coordinates": [111.5976356, 26.454789]}}, {"type": "Feature", "properties": {"type": "photo", "name": "\n        ", "date": "2026-09-11", "track": "2026-09-11 0854永州冷水滩区", "photo_urls": ["track_photos_new/2026-09-11_0854永州冷水滩区_1044.jpg"], "photo_count": 1}, "geometry": {"type": "Point", "coordinates": [111.5976356, 26.454789]}}, {"type": "Feature", "properties": {"type": "photo", "name": "\n        ", "date": "2026-09-11", "track": "2026-09-11 0854永州冷水滩区", "photo_urls": ["track_photos_new/2026-09-11_0854永州冷水滩区_1045.jpg"], "photo_count": 1}, "geometry": {"type": "Point", "coordinates": [111.5976483, 26.4548971]}}, {"type": "Feature", "properties": {"type": "photo", "name": "\n        ", "date": "2026-09-11", "track": "2026-09-11 0854永州冷水滩区", "photo_urls": ["track_photos_new/2026-09-11_0854永州冷水滩区_1046.jpg"], "photo_count": 1}, "geometry": {"type": "Point", "coordinates": [111.5976483, 26.4548971]}}, {"type": "Feature", "properties": {"type": "photo", "name": "\n        ", "date": "2026-09-11", "track": "2026-09-11 0854永州冷水滩区", "photo_urls": ["track_photos_new/2026-09-11_0854永州冷水滩区_1047.jpg"], "photo_count": 1}, "geometry": {"type": "Point", "coordinates": [111.5978331, 26.4549906]}}, {"type": "Feature", "properties": {"type": "photo", "name": "\n        ", "date": "2026-09-11", "track": "2026-09-11 0854永州冷水滩区", "photo_urls": ["track_photos_new/2026-09-11_0854永州冷水滩区_1048.jpg"], "photo_count": 1}, "geometry": {"type": "Point", "coordinates": [111.598301, 26.4550027]}}, {"type": "Feature", "properties": {"type": "photo", "name": "\n        ", "date": "2026-09-11", "track": "2026-09-11 0854永州冷水滩区", "photo_urls": ["track_photos_new/2026-09-11_0854永州冷水滩区_1049.jpg"], "photo_count": 1}, "geometry": {"type": "Point", "coordinates": [111.6001566, 26.4558555]}}, {"type": "Feature", "properties": {"type": "photo", "name": "\n        ", "date": "2026-09-11", "track": "2026-09-11 0854永州冷水滩区", "photo_urls": ["track_photos_new/2026-09-11_0854永州冷水滩区_1050.jpg"], "photo_count": 1}, "geometry": {"type": "Point", "coordinates": [111.6002556, 26.4558727]}}, {"type": "Feature", "properties": {"type": "photo", "name": "\n        ", "date": "2026-09-11", "track": "2026-09-11 0854永州冷水滩区", "photo_urls": ["track_photos_new/2026-09-11_0854永州冷水滩区_1051.jpg"], "photo_count": 1}, "geometry": {"type": "Point", "coordinates": [111.6004446, 26.455948]}}, {"type": "Feature", "properties": {"type": "photo", "name": "\n        ", "date": "2026-09-11", "track": "2026-09-11 0854永州冷水滩区", "photo_urls": ["track_photos_new/2026-09-11_0854永州冷水滩区_1052.jpg"], "photo_count": 1}, "geometry": {"type": "Point", "coordinates": [111.6004446, 26.455948]}}, {"type": "Feature", "properties": {"type": "photo", "name": "\n        ", "date": "2026-09-11", "track": "2026-09-11 0854永州冷水滩区", "photo_urls": ["track_photos_new/2026-09-11_0854永州冷水滩区_1053.jpg"], "photo_count": 1}, "geometry": {"type": "Point", "coordinates": [111.6004446, 26.455948]}}, {"type": "Feature", "properties": {"type": "photo", "name": "\n        ", "date": "2026-09-11", "track": "2026-09-11 0854永州冷水滩区", "photo_urls": ["track_photos_new/2026-09-11_0854永州冷水滩区_1054.jpg"], "photo_count": 1}, "geometry": {"type": "Point", "coordinates": [111.6003943, 26.4560183]}}, {"type": "Feature", "properties": {"type": "photo", "name": "\n        ", "date": "2026-09-11", "track": "2026-09-11 0854永州冷水滩区", "photo_urls": ["track_photos_new/2026-09-11_0854永州冷水滩区_1055.jpg"], "photo_count": 1}, "geometry": {"type": "Point", "coordinates": [111.6003741, 26.4561212]}}, {"type": "Feature", "properties": {"type": "photo", "name": "\n        ", "date": "2026-09-11", "track": "2026-09-11 0854永州冷水滩区", "photo_urls": ["track_photos_new/2026-09-11_0854永州冷水滩区_1056.jpg"], "photo_count": 1}, "geometry": {"type": "Point", "coordinates": [111.5998107, 26.4558398]}}, {"type": "Feature", "properties": {"type": "photo", "name": "\n        ", "date": "2026-09-11", "track": "2026-09-11 0854永州冷水滩区", "photo_urls": ["track_photos_new/2026-09-11_0854永州冷水滩区_1057.jpg"], "photo_count": 1}, "geometry": {"type": "Point", "coordinates": [111.5962511, 26.4557633]}}, {"type": "Feature", "properties": {"type": "photo", "name": "\n        ", "date": "2026-09-11", "track": "2026-09-11 0854永州冷水滩区", "photo_urls": ["track_photos_new/2026-09-11_0854永州冷水滩区_1058.jpg"], "photo_count": 1}, "geometry": {"type": "Point", "coordinates": [111.5956748, 26.4566303]}}, {"type": "Feature", "properties": {"type": "photo", "name": "\n        ", "date": "2026-09-11", "track": "2026-09-11 0854永州冷水滩区", "photo_urls": ["track_photos_new/2026-09-11_0854永州冷水滩区_1059.jpg"], "photo_count": 1}, "geometry": {"type": "Point", "coordinates": [111.5951782, 26.4574632]}}, {"type": "Feature", "properties": {"type": "photo", "name": "\n        ", "date": "2026-09-11", "track": "2026-09-11 0854永州冷水滩区", "photo_urls": ["track_photos_new/2026-09-11_0854永州冷水滩区_1060.jpg"], "photo_count": 1}, "geometry": {"type": "Point", "coordinates": [111.5955397, 26.4577258]}}, {"type": "Feature", "properties": {"type": "photo", "name": "\n        ", "date": "2026-09-11", "track": "2026-09-11 0854永州冷水滩区", "photo_urls": ["track_photos_new/2026-09-11_0854永州冷水滩区_1061.jpg"], "photo_count": 1}, "geometry": {"type": "Point", "coordinates": [111.5990506, 26.4580201]}}, {"type": "Feature", "properties": {"type": "photo", "name": "\n        ", "date": "2026-09-11", "track": "2026-09-11 0854永州冷水滩区", "photo_urls": ["track_photos_new/2026-09-11_0854永州冷水滩区_1062.jpg"], "photo_count": 1}, "geometry": {"type": "Point", "coordinates": [111.6000512, 26.4581146]}}, {"type": "Feature", "properties": {"type": "photo", "name": "\n        ", "date": "2026-09-11", "track": "2026-09-11 0854永州冷水滩区", "photo_urls": ["track_photos_new/2026-09-11_0854永州冷水滩区_1063.jpg"], "photo_count": 1}, "geometry": {"type": "Point", "coordinates": [111.6006305, 26.4581881]}}, {"type": "Feature", "properties": {"type": "photo", "name": "\n        ", "date": "2026-09-11", "track": "2026-09-11 0854永州冷水滩区", "photo_urls": ["track_photos_new/2026-09-11_0854永州冷水滩区_1064.jpg"], "photo_count": 1}, "geometry": {"type": "Point", "coordinates": [111.6008731, 26.4582443]}}, {"type": "Feature", "properties": {"type": "photo", "name": "\n        ", "date": "2026-09-11", "track": "2026-09-11 0854永州冷水滩区", "photo_urls": ["track_photos_new/2026-09-11_0854永州冷水滩区_1065.jpg"], "photo_count": 1}, "geometry": {"type": "Point", "coordinates": [111.6040025, 26.46025]}}, {"type": "Feature", "properties": {"type": "photo", "name": "\n        ", "date": "2026-09-11", "track": "2026-09-11 0854永州冷水滩区", "photo_urls": ["track_photos_new/2026-09-11_0854永州冷水滩区_1066.jpg"], "photo_count": 1}, "geometry": {"type": "Point", "coordinates": [111.6042374, 26.4604805]}}, {"type": "Feature", "properties": {"type": "photo", "name": "\n        ", "date": "2026-09-11", "track": "2026-09-11 0854永州冷水滩区", "photo_urls": ["track_photos_new/2026-09-11_0854永州冷水滩区_1067.jpg"], "photo_count": 1}, "geometry": {"type": "Point", "coordinates": [111.6043291, 26.4605645]}}, {"type": "Feature", "properties": {"type": "photo", "name": "\n        ", "date": "2026-09-11", "track": "2026-09-11 0854永州冷水滩区", "photo_urls": ["track_photos_new/2026-09-11_0854永州冷水滩区_1068.jpg"], "photo_count": 1}, "geometry": {"type": "Point", "coordinates": [111.6063606, 26.4586433]}}, {"type": "Feature", "properties": {"type": "photo", "name": "\n        ", "date": "2026-09-11", "track": "2026-09-11 0854永州冷水滩区", "photo_urls": ["track_photos_new/2026-09-11_0854永州冷水滩区_1069.jpg"], "photo_count": 1}, "geometry": {"type": "Point", "coordinates": [111.6066274, 26.4582724]}}, {"type": "Feature", "properties": {"type": "photo", "name": "\n        ", "date": "2026-09-11", "track": "2026-09-11 0854永州冷水滩区", "photo_urls": ["track_photos_new/2026-09-11_0854永州冷水滩区_1070.jpg"], "photo_count": 1}, "geometry": {"type": "Point", "coordinates": [111.6067345, 26.4581528]}}, {"type": "Feature", "properties": {"type": "photo", "name": "\n        ", "date": "2026-09-11", "track": "2026-09-11 0854永州冷水滩区", "photo_urls": ["track_photos_new/2026-09-11_0854永州冷水滩区_1071.jpg"], "photo_count": 1}, "geometry": {"type": "Point", "coordinates": [111.6077199, 26.4569271]}}, {"type": "Feature", "properties": {"type": "photo", "name": "\n        ", "date": "2026-09-11", "track": "2026-09-11 0854永州冷水滩区", "photo_urls": ["track_photos_new/2026-09-11_0854永州冷水滩区_1072.jpg"], "photo_count": 1}, "geometry": {"type": "Point", "coordinates": [111.6076721, 26.4566153]}}, {"type": "Feature", "properties": {"type": "photo", "name": "\n        ", "date": "2026-09-11", "track": "2026-09-11 0854永州冷水滩区", "photo_urls": ["track_photos_new/2026-09-11_0854永州冷水滩区_1073.jpg"], "photo_count": 1}, "geometry": {"type": "Point", "coordinates": [111.6072665, 26.4564537]}}, {"type": "Feature", "properties": {"type": "photo", "name": "\n        ", "date": "2026-09-11", "track": "2026-09-11 0854永州冷水滩区", "photo_urls": ["track_photos_new/2026-09-11_0854永州冷水滩区_1074.jpg"], "photo_count": 1}, "geometry": {"type": "Point", "coordinates": [111.606696, 26.4562549]}}, {"type": "Feature", "properties": {"type": "photo", "name": "\n        ", "date": "2026-09-11", "track": "2026-09-11 0854永州冷水滩区", "photo_urls": ["track_photos_new/2026-09-11_0854永州冷水滩区_1075.jpg"], "photo_count": 1}, "geometry": {"type": "Point", "coordinates": [111.6065432, 26.4562051]}}, {"type": "Feature", "properties": {"type": "photo", "name": "\n        ", "date": "2026-09-11", "track": "2026-09-11 0854永州冷水滩区", "photo_urls": ["track_photos_new/2026-09-11_0854永州冷水滩区_1076.jpg"], "photo_count": 1}, "geometry": {"type": "Point", "coordinates": [111.6062924, 26.4561161]}}, {"type": "Feature", "properties": {"type": "photo", "name": "\n        ", "date": "2026-09-11", "track": "2026-09-11 0854永州冷水滩区", "photo_urls": ["track_photos_new/2026-09-11_0854永州冷水滩区_1077.jpg"], "photo_count": 1}, "geometry": {"type": "Point", "coordinates": [111.6060927, 26.4561889]}}, {"type": "Feature", "properties": {"type": "photo", "name": "\n        ", "date": "2026-09-11", "track": "2026-09-11 0854永州冷水滩区", "photo_urls": ["track_photos_new/2026-09-11_0854永州冷水滩区_1078.jpg"], "photo_count": 1}, "geometry": {"type": "Point", "coordinates": [111.6060044, 26.456304]}}, {"type": "Feature", "properties": {"type": "photo", "name": "\n        ", "date": "2026-09-11", "track": "2026-09-11 0854永州冷水滩区", "photo_urls": ["track_photos_new/2026-09-11_0854永州冷水滩区_1079.jpg"], "photo_count": 1}, "geometry": {"type": "Point", "coordinates": [111.60588, 26.4565326]}}, {"type": "Feature", "properties": {"type": "photo", "name": "\n        ", "date": "2026-09-11", "track": "2026-09-11 0854永州冷水滩区", "photo_urls": ["track_photos_new/2026-09-11_0854永州冷水滩区_1080.jpg"], "photo_count": 1}, "geometry": {"type": "Point", "coordinates": [111.6056924, 26.4573576]}}, {"type": "Feature", "properties": {"type": "photo", "name": "\n        ", "date": "2026-09-11", "track": "2026-09-11 0854永州冷水滩区", "photo_urls": ["track_photos_new/2026-09-11_0854永州冷水滩区_1081.jpg"], "photo_count": 1}, "geometry": {"type": "Point", "coordinates": [111.6055352, 26.4579017]}}, {"type": "Feature", "properties": {"type": "photo", "name": "\n        ", "date": "2026-09-11", "track": "2026-09-11 0854永州冷水滩区", "photo_urls": ["track_photos_new/2026-09-11_0854永州冷水滩区_1082.jpg"], "photo_count": 1}, "geometry": {"type": "Point", "coordinates": [111.6055144, 26.457933]}}, {"type": "Feature", "properties": {"type": "photo", "name": "\n        ", "date": "2026-09-11", "track": "2026-09-11 0854永州冷水滩区", "photo_urls": ["track_photos_new/2026-09-11_0854永州冷水滩区_1083.jpg"], "photo_count": 1}, "geometry": {"type": "Point", "coordinates": [111.6055144, 26.457933]}}, {"type": "Feature", "properties": {"type": "photo", "name": "\n        ", "date": "2026-09-11", "track": "2026-09-11 0854永州冷水滩区", "photo_urls": ["track_photos_new/2026-09-11_0854永州冷水滩区_1084.jpg"], "photo_count": 1}, "geometry": {"type": "Point", "coordinates": [111.6057571, 26.4580676]}}, {"type": "Feature", "properties": {"type": "photo", "name": "\n        ", "date": "2026-09-11", "track": "2026-09-11 0854永州冷水滩区", "photo_urls": ["track_photos_new/2026-09-11_0854永州冷水滩区_1085.jpg"], "photo_count": 1}, "geometry": {"type": "Point", "coordinates": [111.6060525, 26.4581141]}}, {"type": "Feature", "properties": {"type": "photo", "name": "\n        ", "date": "2026-09-11", "track": "2026-09-11 0854永州冷水滩区", "photo_urls": ["track_photos_new/2026-09-11_0854永州冷水滩区_1086.jpg"], "photo_count": 1}, "geometry": {"type": "Point", "coordinates": [111.6060525, 26.4581141]}}, {"type": "Feature", "properties": {"type": "photo", "name": "\n        ", "date": "2026-09-11", "track": "2026-09-11 0854永州冷水滩区", "photo_urls": ["track_photos_new/2026-09-11_0854永州冷水滩区_1087.jpg"], "photo_count": 1}, "geometry": {"type": "Point", "coordinates": [111.6060525, 26.4581141]}}, {"type": "Feature", "properties": {"type": "photo", "name": "\n        ", "date": "2026-09-11", "track": "2026-09-11 0854永州冷水滩区", "photo_urls": ["track_photos_new/2026-09-11_0854永州冷水滩区_1088.jpg"], "photo_count": 1}, "geometry": {"type": "Point", "coordinates": [111.6047397, 26.4576981]}}, {"type": "Feature", "properties": {"type": "photo", "name": "\n        ", "date": "2026-09-11", "track": "2026-09-11 0854永州冷水滩区", "photo_urls": ["track_photos_new/2026-09-11_0854永州冷水滩区_1089.jpg"], "photo_count": 1}, "geometry": {"type": "Point", "coordinates": [111.604494, 26.4576268]}}, {"type": "Feature", "properties": {"type": "photo", "name": "\n        ", "date": "2026-09-11", "track": "2026-09-11 0854永州冷水滩区", "photo_urls": ["track_photos_new/2026-09-11_0854永州冷水滩区_1090.jpg"], "photo_count": 1}, "geometry": {"type": "Point", "coordinates": [111.6043383, 26.4575833]}}, {"type": "Feature", "properties": {"type": "photo", "name": "\n        ", "date": "2026-09-11", "track": "2026-09-11 0854永州冷水滩区", "photo_urls": ["track_photos_new/2026-09-11_0854永州冷水滩区_1091.jpg"], "photo_count": 1}, "geometry": {"type": "Point", "coordinates": [111.6034971, 26.4573523]}}, {"type": "Feature", "properties": {"type": "photo", "name": "\n        ", "date": "2026-09-11", "track": "2026-09-11 0854永州冷水滩区", "photo_urls": ["track_photos_new/2026-09-11_0854永州冷水滩区_1092.jpg"], "photo_count": 1}, "geometry": {"type": "Point", "coordinates": [111.6031352, 26.4572012]}}, {"type": "Feature", "properties": {"type": "photo", "name": "\n        ", "date": "2026-09-11", "track": "2026-09-11 0854永州冷水滩区", "photo_urls": ["track_photos_new/2026-09-11_0854永州冷水滩区_1093.jpg"], "photo_count": 1}, "geometry": {"type": "Point", "coordinates": [111.6027323, 26.4573964]}}, {"type": "Feature", "properties": {"type": "photo", "name": "\n        ", "date": "2026-09-11", "track": "2026-09-11 0854永州冷水滩区", "photo_urls": ["track_photos_new/2026-09-11_0854永州冷水滩区_1094.jpg"], "photo_count": 1}, "geometry": {"type": "Point", "coordinates": [111.6026652, 26.4574799]}}, {"type": "Feature", "properties": {"type": "photo", "name": "\n        ", "date": "2026-09-11", "track": "2026-09-11 0854永州冷水滩区", "photo_urls": ["track_photos_new/2026-09-11_0854永州冷水滩区_1095.jpg"], "photo_count": 1}, "geometry": {"type": "Point", "coordinates": [111.6035445, 26.4580848]}}, {"type": "Feature", "properties": {"type": "photo", "name": "\n        ", "date": "2026-09-11", "track": "2026-09-11 0854永州冷水滩区", "photo_urls": ["track_photos_new/2026-09-11_0854永州冷水滩区_1096.jpg"], "photo_count": 1}, "geometry": {"type": "Point", "coordinates": [111.6039533, 26.458137]}}, {"type": "Feature", "properties": {"type": "photo", "name": "\n        ", "date": "2026-09-11", "track": "2026-09-11 0854永州冷水滩区", "photo_urls": ["track_photos_new/2026-09-11_0854永州冷水滩区_1097.jpg"], "photo_count": 1}, "geometry": {"type": "Point", "coordinates": [111.6048351, 26.4583946]}}, {"type": "Feature", "properties": {"type": "photo", "name": "\n        ", "date": "2026-09-11", "track": "2026-09-11 0854永州冷水滩区", "photo_urls": ["track_photos_new/2026-09-11_0854永州冷水滩区_1098.jpg"], "photo_count": 1}, "geometry": {"type": "Point", "coordinates": [111.6052278, 26.458503]}}, {"type": "Feature", "properties": {"type": "photo", "name": "\n        ", "date": "2026-09-11", "track": "2026-09-11 0854永州冷水滩区", "photo_urls": ["track_photos_new/2026-09-11_0854永州冷水滩区_1099.jpg"], "photo_count": 1}, "geometry": {"type": "Point", "coordinates": [111.6052278, 26.458503]}}, {"type": "Feature", "properties": {"type": "photo", "name": "\n        ", "date": "2026-09-11", "track": "2026-09-11 0854永州冷水滩区", "photo_urls": ["track_photos_new/2026-09-11_0854永州冷水滩区_1100.jpg"], "photo_count": 1}, "geometry": {"type": "Point", "coordinates": [111.6052278, 26.458503]}}, {"type": "Feature", "properties": {"type": "photo", "name": "\n        ", "date": "2026-09-11", "track": "2026-09-11 0854永州冷水滩区", "photo_urls": ["track_photos_new/2026-09-11_0854永州冷水滩区_1101.jpg"], "photo_count": 1}, "geometry": {"type": "Point", "coordinates": [111.6023376, 26.4574529]}}, {"type": "Feature", "properties": {"type": "photo", "name": "\n        ", "date": "2026-09-11", "track": "2026-09-11 0854永州冷水滩区", "photo_urls": ["track_photos_new/2026-09-11_0854永州冷水滩区_1102.jpg"], "photo_count": 1}, "geometry": {"type": "Point", "coordinates": [111.6019825, 26.4573256]}}, {"type": "Feature", "properties": {"type": "photo", "name": "\n        ", "date": "2026-09-11", "track": "2026-09-11 0854永州冷水滩区", "photo_urls": ["track_photos_new/2026-09-11_0854永州冷水滩区_1103.jpg"], "photo_count": 1}, "geometry": {"type": "Point", "coordinates": [111.6017926, 26.4576767]}}, {"type": "Feature", "properties": {"type": "photo", "name": "\n        ", "date": "2026-09-11", "track": "2026-09-11 0854永州冷水滩区", "photo_urls": ["track_photos_new/2026-09-11_0854永州冷水滩区_1104.jpg"], "photo_count": 1}, "geometry": {"type": "Point", "coordinates": [111.6011933, 26.4576128]}}, {"type": "Feature", "properties": {"type": "photo", "name": "\n        ", "date": "2026-09-11", "track": "2026-09-11 0854永州冷水滩区", "photo_urls": ["track_photos_new/2026-09-11_0854永州冷水滩区_1105.jpg"], "photo_count": 1}, "geometry": {"type": "Point", "coordinates": [111.6011325, 26.4575867]}}, {"type": "Feature", "properties": {"type": "photo", "name": "\n        ", "date": "2026-09-11", "track": "2026-09-11 0854永州冷水滩区", "photo_urls": ["track_photos_new/2026-09-11_0854永州冷水滩区_1106.jpg"], "photo_count": 1}, "geometry": {"type": "Point", "coordinates": [111.6011246, 26.4574886]}}, {"type": "Feature", "properties": {"type": "photo", "name": "\n        ", "date": "2026-09-11", "track": "2026-09-11 0854永州冷水滩区", "photo_urls": ["track_photos_new/2026-09-11_0854永州冷水滩区_1107.jpg"], "photo_count": 1}, "geometry": {"type": "Point", "coordinates": [111.6011579, 26.4573889]}}, {"type": "Feature", "properties": {"type": "photo", "name": "\n        ", "date": "2026-09-11", "track": "2026-09-11 0854永州冷水滩区", "photo_urls": ["track_photos_new/2026-09-11_0854永州冷水滩区_1108.jpg"], "photo_count": 1}, "geometry": {"type": "Point", "coordinates": [111.6012832, 26.4569711]}}, {"type": "Feature", "properties": {"type": "photo", "name": "\n        ", "date": "2026-09-11", "track": "2026-09-11 0854永州冷水滩区", "photo_urls": ["track_photos_new/2026-09-11_0854永州冷水滩区_1109.jpg"], "photo_count": 1}, "geometry": {"type": "Point", "coordinates": [111.6014665, 26.4568556]}}, {"type": "Feature", "properties": {"type": "photo", "name": "\n        ", "date": "2026-09-11", "track": "2026-09-11 0854永州冷水滩区", "photo_urls": ["track_photos_new/2026-09-11_0854永州冷水滩区_1110.jpg"], "photo_count": 1}, "geometry": {"type": "Point", "coordinates": [111.601349, 26.4565257]}}, {"type": "Feature", "properties": {"type": "photo", "name": "\n        ", "date": "2026-09-11", "track": "2026-09-11 0854永州冷水滩区", "photo_urls": ["track_photos_new/2026-09-11_0854永州冷水滩区_1111.jpg"], "photo_count": 1}, "geometry": {"type": "Point", "coordinates": [111.6011624, 26.4560865]}}, {"type": "Feature", "properties": {"type": "photo", "name": "\n        ", "date": "2026-09-11", "track": "2026-09-11 0854永州冷水滩区", "photo_urls": ["track_photos_new/2026-09-11_0854永州冷水滩区_1112.jpg"], "photo_count": 1}, "geometry": {"type": "Point", "coordinates": [111.6011624, 26.4560865]}}, {"type": "Feature", "properties": {"type": "photo", "name": "\n        ", "date": "2026-09-11", "track": "2026-09-11 0854永州冷水滩区", "photo_urls": ["track_photos_new/2026-09-11_0854永州冷水滩区_1113.jpg"], "photo_count": 1}, "geometry": {"type": "Point", "coordinates": [111.6011561, 26.4561306]}}, {"type": "Feature", "properties": {"type": "photo", "name": "\n        ", "date": "2026-09-11", "track": "2026-09-11 0854永州冷水滩区", "photo_urls": ["track_photos_new/2026-09-11_0854永州冷水滩区_1114.jpg"], "photo_count": 1}, "geometry": {"type": "Point", "coordinates": [111.6011561, 26.4561306]}}, {"type": "Feature", "properties": {"type": "photo", "name": "\n        ", "date": "2026-09-11", "track": "2026-09-11 0854永州冷水滩区", "photo_urls": ["track_photos_new/2026-09-11_0854永州冷水滩区_1115.jpg"], "photo_count": 1}, "geometry": {"type": "Point", "coordinates": [111.60151, 26.4568815]}}, {"type": "Feature", "properties": {"type": "photo", "name": "\n        ", "date": "2026-09-11", "track": "2026-09-11 0854永州冷水滩区", "photo_urls": ["track_photos_new/2026-09-11_0854永州冷水滩区_1116.jpg"], "photo_count": 1}, "geometry": {"type": "Point", "coordinates": [111.6019439, 26.45715]}}, {"type": "Feature", "properties": {"type": "photo", "name": "\n        ", "date": "2026-09-11", "track": "2026-09-11 0854永州冷水滩区", "photo_urls": ["track_photos_new/2026-09-11_0854永州冷水滩区_1117.jpg"], "photo_count": 1}, "geometry": {"type": "Point", "coordinates": [111.6020902, 26.4574771]}}, {"type": "Feature", "properties": {"type": "photo", "name": "\n        ", "date": "2026-09-11", "track": "2026-09-11 0854永州冷水滩区", "photo_urls": ["track_photos_new/2026-09-11_0854永州冷水滩区_1118.jpg"], "photo_count": 1}, "geometry": {"type": "Point", "coordinates": [111.6027245, 26.4575126]}}, {"type": "Feature", "properties": {"type": "photo", "name": "\n        ", "date": "2026-09-11", "track": "2026-09-11 0854永州冷水滩区", "photo_urls": ["track_photos_new/2026-09-11_0854永州冷水滩区_1119.jpg"], "photo_count": 1}, "geometry": {"type": "Point", "coordinates": [111.6027933, 26.4574191]}}, {"type": "Feature", "properties": {"type": "photo", "name": "\n        ", "date": "2026-09-11", "track": "2026-09-11 0854永州冷水滩区", "photo_urls": ["track_photos_new/2026-09-11_0854永州冷水滩区_1120.jpg"], "photo_count": 1}, "geometry": {"type": "Point", "coordinates": [111.6029169, 26.4572004]}}, {"type": "Feature", "properties": {"type": "photo", "name": "\n        ", "date": "2026-09-11", "track": "2026-09-11 0854永州冷水滩区", "photo_urls": ["track_photos_new/2026-09-11_0854永州冷水滩区_1121.jpg"], "photo_count": 1}, "geometry": {"type": "Point", "coordinates": [111.6029947, 26.4569935]}}, {"type": "Feature", "properties": {"type": "photo", "name": "\n        ", "date": "2026-09-11", "track": "2026-09-11 0854永州冷水滩区", "photo_urls": ["track_photos_new/2026-09-11_0854永州冷水滩区_1122.jpg"], "photo_count": 1}, "geometry": {"type": "Point", "coordinates": [111.6030147, 26.4569775]}}, {"type": "Feature", "properties": {"type": "photo", "name": "\n        ", "date": "2026-09-11", "track": "2026-09-11 0854永州冷水滩区", "photo_urls": ["track_photos_new/2026-09-11_0854永州冷水滩区_1123.jpg"], "photo_count": 1}, "geometry": {"type": "Point", "coordinates": [111.6031219, 26.4567229]}}, {"type": "Feature", "properties": {"type": "photo", "name": "\n        ", "date": "2026-09-11", "track": "2026-09-11 0854永州冷水滩区", "photo_urls": ["track_photos_new/2026-09-11_0854永州冷水滩区_1124.jpg"], "photo_count": 1}, "geometry": {"type": "Point", "coordinates": [111.6033431, 26.4564096]}}, {"type": "Feature", "properties": {"type": "photo", "name": "\n        ", "date": "2026-09-11", "track": "2026-09-11 0854永州冷水滩区", "photo_urls": ["track_photos_new/2026-09-11_0854永州冷水滩区_1125.jpg"], "photo_count": 1}, "geometry": {"type": "Point", "coordinates": [111.603395, 26.4561746]}}, {"type": "Feature", "properties": {"type": "photo", "name": "\n        ", "date": "2026-09-11", "track": "2026-09-11 0854永州冷水滩区", "photo_urls": ["track_photos_new/2026-09-11_0854永州冷水滩区_1126.jpg"], "photo_count": 1}, "geometry": {"type": "Point", "coordinates": [111.603482, 26.4560457]}}, {"type": "Feature", "properties": {"type": "photo", "name": "\n        ", "date": "2026-09-11", "track": "2026-09-11 0854永州冷水滩区", "photo_urls": ["track_photos_new/2026-09-11_0854永州冷水滩区_1127.jpg"], "photo_count": 1}, "geometry": {"type": "Point", "coordinates": [111.603482, 26.4560457]}}, {"type": "Feature", "properties": {"type": "photo", "name": "\n        ", "date": "2026-09-11", "track": "2026-09-11 0854永州冷水滩区", "photo_urls": ["track_photos_new/2026-09-11_0854永州冷水滩区_1128.jpg"], "photo_count": 1}, "geometry": {"type": "Point", "coordinates": [111.603482, 26.4560457]}}, {"type": "Feature", "properties": {"type": "photo", "name": "\n        ", "date": "2026-09-11", "track": "2026-09-11 0854永州冷水滩区", "photo_urls": ["track_photos_new/2026-09-11_0854永州冷水滩区_1129.jpg"], "photo_count": 1}, "geometry": {"type": "Point", "coordinates": [111.6037336, 26.4555063]}}, {"type": "Feature", "properties": {"type": "photo", "name": "\n        ", "date": "2026-09-11", "track": "2026-09-11 0854永州冷水滩区", "photo_urls": ["track_photos_new/2026-09-11_0854永州冷水滩区_1130.jpg"], "photo_count": 1}, "geometry": {"type": "Point", "coordinates": [111.6036895, 26.4550514]}}, {"type": "Feature", "properties": {"type": "photo", "name": "\n        ", "date": "2026-09-11", "track": "2026-09-11 0854永州冷水滩区", "photo_urls": ["track_photos_new/2026-09-11_0854永州冷水滩区_1131.jpg"], "photo_count": 1}, "geometry": {"type": "Point", "coordinates": [111.6035689, 26.4549994]}}, {"type": "Feature", "properties": {"type": "photo", "name": "\n        ", "date": "2026-09-11", "track": "2026-09-11 0854永州冷水滩区", "photo_urls": ["track_photos_new/2026-09-11_0854永州冷水滩区_1132.jpg"], "photo_count": 1}, "geometry": {"type": "Point", "coordinates": [111.602871, 26.4547821]}}, {"type": "Feature", "properties": {"type": "photo", "name": "\n        ", "date": "2026-09-11", "track": "2026-09-11 0854永州冷水滩区", "photo_urls": ["track_photos_new/2026-09-11_0854永州冷水滩区_1133.jpg"], "photo_count": 1}, "geometry": {"type": "Point", "coordinates": [111.6026827, 26.4546565]}}, {"type": "Feature", "properties": {"type": "photo", "name": "\n        ", "date": "2026-09-11", "track": "2026-09-11 0854永州冷水滩区", "photo_urls": ["track_photos_new/2026-09-11_0854永州冷水滩区_1134.jpg"], "photo_count": 1}, "geometry": {"type": "Point", "coordinates": [111.6024134, 26.4545572]}}, {"type": "Feature", "properties": {"type": "photo", "name": "\n        ", "date": "2026-09-11", "track": "2026-09-11 0854永州冷水滩区", "photo_urls": ["track_photos_new/2026-09-11_0854永州冷水滩区_1135.jpg"], "photo_count": 1}, "geometry": {"type": "Point", "coordinates": [111.6019718, 26.4543902]}}, {"type": "Feature", "properties": {"type": "photo", "name": "\n        ", "date": "2026-09-11", "track": "2026-09-11 0854永州冷水滩区", "photo_urls": ["track_photos_new/2026-09-11_0854永州冷水滩区_1136.jpg"], "photo_count": 1}, "geometry": {"type": "Point", "coordinates": [111.6018614, 26.4543565]}}, {"type": "Feature", "properties": {"type": "photo", "name": "\n        ", "date": "2026-09-11", "track": "2026-09-11 0854永州冷水滩区", "photo_urls": ["track_photos_new/2026-09-11_0854永州冷水滩区_1137.jpg"], "photo_count": 1}, "geometry": {"type": "Point", "coordinates": [111.6017505, 26.4543088]}}, {"type": "Feature", "properties": {"type": "photo", "name": "\n        ", "date": "2026-09-11", "track": "2026-09-11 0854永州冷水滩区", "photo_urls": ["track_photos_new/2026-09-11_0854永州冷水滩区_1138.jpg"], "photo_count": 1}, "geometry": {"type": "Point", "coordinates": [111.6010359, 26.4539792]}}, {"type": "Feature", "properties": {"type": "photo", "name": "\n        ", "date": "2026-09-11", "track": "2026-09-11 0854永州冷水滩区", "photo_urls": ["track_photos_new/2026-09-11_0854永州冷水滩区_1139.jpg"], "photo_count": 1}, "geometry": {"type": "Point", "coordinates": [111.6010032, 26.4539227]}}, {"type": "Feature", "properties": {"type": "photo", "name": "\n        ", "date": "2026-09-11", "track": "2026-09-11 0854永州冷水滩区", "photo_urls": ["track_photos_new/2026-09-11_0854永州冷水滩区_1140.jpg"], "photo_count": 1}, "geometry": {"type": "Point", "coordinates": [111.6015441, 26.4541247]}}, {"type": "Feature", "properties": {"type": "photo", "name": "\n        ", "date": "2026-09-11", "track": "2026-09-11 0854永州冷水滩区", "photo_urls": ["track_photos_new/2026-09-11_0854永州冷水滩区_1141.jpg"], "photo_count": 1}, "geometry": {"type": "Point", "coordinates": [111.6019533, 26.4542755]}}, {"type": "Feature", "properties": {"type": "photo", "name": "\n        ", "date": "2026-09-11", "track": "2026-09-11 0854永州冷水滩区", "photo_urls": ["track_photos_new/2026-09-11_0854永州冷水滩区_1142.jpg"], "photo_count": 1}, "geometry": {"type": "Point", "coordinates": [111.6024461, 26.4544674]}}, {"type": "Feature", "properties": {"type": "photo", "name": "\n        ", "date": "2026-09-11", "track": "2026-09-11 0854永州冷水滩区", "photo_urls": ["track_photos_new/2026-09-11_0854永州冷水滩区_1143.jpg"], "photo_count": 1}, "geometry": {"type": "Point", "coordinates": [111.6028976, 26.4546203]}}, {"type": "Feature", "properties": {"type": "photo", "name": "\n        ", "date": "2026-09-11", "track": "2026-09-11 0854永州冷水滩区", "photo_urls": ["track_photos_new/2026-09-11_0854永州冷水滩区_1144.jpg"], "photo_count": 1}, "geometry": {"type": "Point", "coordinates": [111.6034927, 26.4548381]}}, {"type": "Feature", "properties": {"type": "photo", "name": "\n        ", "date": "2026-09-11", "track": "2026-09-11 0854永州冷水滩区", "photo_urls": ["track_photos_new/2026-09-11_0854永州冷水滩区_1145.jpg"], "photo_count": 1}, "geometry": {"type": "Point", "coordinates": [111.6041036, 26.4550506]}}, {"type": "Feature", "properties": {"type": "photo", "name": "\n        ", "date": "2026-09-11", "track": "2026-09-11 0854永州冷水滩区", "photo_urls": ["track_photos_new/2026-09-11_0854永州冷水滩区_1146.jpg"], "photo_count": 1}, "geometry": {"type": "Point", "coordinates": [111.6048786, 26.4553742]}}, {"type": "Feature", "properties": {"type": "photo", "name": "\n        ", "date": "2026-09-11", "track": "2026-09-11 0854永州冷水滩区", "photo_urls": ["track_photos_new/2026-09-11_0854永州冷水滩区_1147.jpg"], "photo_count": 1}, "geometry": {"type": "Point", "coordinates": [111.6052956, 26.4555722]}}, {"type": "Feature", "properties": {"type": "photo", "name": "\n        ", "date": "2026-09-11", "track": "2026-09-11 0854永州冷水滩区", "photo_urls": ["track_photos_new/2026-09-11_0854永州冷水滩区_1148.jpg"], "photo_count": 1}, "geometry": {"type": "Point", "coordinates": [111.6060559, 26.4558601]}}, {"type": "Feature", "properties": {"type": "photo", "name": "\n        ", "date": "2026-09-11", "track": "2026-09-11 0854永州冷水滩区", "photo_urls": ["track_photos_new/2026-09-11_0854永州冷水滩区_1149.jpg"], "photo_count": 1}, "geometry": {"type": "Point", "coordinates": [111.6065497, 26.4560569]}}, {"type": "Feature", "properties": {"type": "photo", "name": "\n        ", "date": "2026-09-11", "track": "2026-09-11 0854永州冷水滩区", "photo_urls": ["track_photos_new/2026-09-11_0854永州冷水滩区_1150.jpg"], "photo_count": 1}, "geometry": {"type": "Point", "coordinates": [111.6072747, 26.4563329]}}, {"type": "Feature", "properties": {"type": "photo", "name": "\n        ", "date": "2026-09-11", "track": "2026-09-11 0854永州冷水滩区", "photo_urls": ["track_photos_new/2026-09-11_0854永州冷水滩区_1151.jpg"], "photo_count": 1}, "geometry": {"type": "Point", "coordinates": [111.6077478, 26.456537]}}, {"type": "Feature", "properties": {"type": "photo", "name": "\n        ", "date": "2026-09-11", "track": "2026-09-11 0854永州冷水滩区", "photo_urls": ["track_photos_new/2026-09-11_0854永州冷水滩区_1152.jpg"], "photo_count": 1}, "geometry": {"type": "Point", "coordinates": [111.6077722, 26.4565629]}}, {"type": "Feature", "properties": {"type": "photo", "name": "\n        ", "date": "2026-09-11", "track": "2026-09-11 0854永州冷水滩区", "photo_urls": ["track_photos_new/2026-09-11_0854永州冷水滩区_1153.jpg"], "photo_count": 1}, "geometry": {"type": "Point", "coordinates": [111.6077722, 26.4565629]}}, {"type": "Feature", "properties": {"type": "photo", "name": "\n        ", "date": "2026-09-11", "track": "2026-09-11 0854永州冷水滩区", "photo_urls": ["track_photos_new/2026-09-11_0854永州冷水滩区_1154.jpg"], "photo_count": 1}, "geometry": {"type": "Point", "coordinates": [111.607837, 26.456614]}}, {"type": "Feature", "properties": {"type": "photo", "name": "\n        ", "date": "2026-09-11", "track": "2026-09-11 0854永州冷水滩区", "photo_urls": ["track_photos_new/2026-09-11_0854永州冷水滩区_1155.jpg"], "photo_count": 1}, "geometry": {"type": "Point", "coordinates": [111.6078685, 26.4569762]}}, {"type": "Feature", "properties": {"type": "photo", "name": "\n        ", "date": "2026-09-11", "track": "2026-09-11 0854永州冷水滩区", "photo_urls": ["track_photos_new/2026-09-11_0854永州冷水滩区_1156.jpg"], "photo_count": 1}, "geometry": {"type": "Point", "coordinates": [111.6074989, 26.4573758]}}, {"type": "Feature", "properties": {"type": "photo", "name": "\n        ", "date": "2026-09-11", "track": "2026-09-11 0854永州冷水滩区", "photo_urls": ["track_photos_new/2026-09-11_0854永州冷水滩区_1157.jpg"], "photo_count": 1}, "geometry": {"type": "Point", "coordinates": [111.6071673, 26.4578014]}}, {"type": "Feature", "properties": {"type": "photo", "name": "\n        ", "date": "2026-09-11", "track": "2026-09-11 0854永州冷水滩区", "photo_urls": ["track_photos_new/2026-09-11_0854永州冷水滩区_1158.jpg"], "photo_count": 1}, "geometry": {"type": "Point", "coordinates": [111.6067756, 26.458282]}}, {"type": "Feature", "properties": {"type": "photo", "name": "\n        ", "date": "2026-09-11", "track": "2026-09-11 0854永州冷水滩区", "photo_urls": ["track_photos_new/2026-09-11_0854永州冷水滩区_1159.jpg"], "photo_count": 1}, "geometry": {"type": "Point", "coordinates": [111.6063265, 26.4588212]}}, {"type": "Feature", "properties": {"type": "photo", "name": "\n        ", "date": "2026-09-11", "track": "2026-09-11 0854永州冷水滩区", "photo_urls": ["track_photos_new/2026-09-11_0854永州冷水滩区_1160.jpg"], "photo_count": 1}, "geometry": {"type": "Point", "coordinates": [111.6055182, 26.4598732]}}, {"type": "Feature", "properties": {"type": "photo", "name": "\n        ", "date": "2026-09-11", "track": "2026-09-11 0854永州冷水滩区", "photo_urls": ["track_photos_new/2026-09-11_0854永州冷水滩区_1161.jpg"], "photo_count": 1}, "geometry": {"type": "Point", "coordinates": [111.6051929, 26.4602747]}}, {"type": "Feature", "properties": {"type": "photo", "name": "\n        ", "date": "2026-09-11", "track": "2026-09-11 0854永州冷水滩区", "photo_urls": ["track_photos_new/2026-09-11_0854永州冷水滩区_1162.jpg"], "photo_count": 1}, "geometry": {"type": "Point", "coordinates": [111.6047484, 26.4608138]}}, {"type": "Feature", "properties": {"type": "photo", "name": "\n        ", "date": "2026-09-11", "track": "2026-09-11 0854永州冷水滩区", "photo_urls": ["track_photos_new/2026-09-11_0854永州冷水滩区_1163.jpg"], "photo_count": 1}, "geometry": {"type": "Point", "coordinates": [111.6039226, 26.4617796]}}, {"type": "Feature", "properties": {"type": "photo", "name": "\n        ", "date": "2026-09-11", "track": "2026-09-11 0854永州冷水滩区", "photo_urls": ["track_photos_new/2026-09-11_0854永州冷水滩区_1164.jpg"], "photo_count": 1}, "geometry": {"type": "Point", "coordinates": [111.6030792, 26.4628434]}}, {"type": "Feature", "properties": {"type": "photo", "name": "\n        ", "date": "2026-09-11", "track": "2026-09-11 0854永州冷水滩区", "photo_urls": ["track_photos_new/2026-09-11_0854永州冷水滩区_1165.jpg"], "photo_count": 1}, "geometry": {"type": "Point", "coordinates": [111.6030296, 26.4629825]}}, {"type": "Feature", "properties": {"type": "photo", "name": "\n        ", "date": "2026-09-11", "track": "2026-09-11 0854永州冷水滩区", "photo_urls": ["track_photos_new/2026-09-11_0854永州冷水滩区_1166.jpg"], "photo_count": 1}, "geometry": {"type": "Point", "coordinates": [111.6031849, 26.463212]}}, {"type": "Feature", "properties": {"type": "photo", "name": "\n        ", "date": "2026-09-11", "track": "2026-09-11 0854永州冷水滩区", "photo_urls": ["track_photos_new/2026-09-11_0854永州冷水滩区_1167.jpg"], "photo_count": 1}, "geometry": {"type": "Point", "coordinates": [111.604993, 26.4636424]}}, {"type": "Feature", "properties": {"type": "photo", "name": "\n        ", "date": "2026-09-11", "track": "2026-09-11 0854永州冷水滩区", "photo_urls": ["track_photos_new/2026-09-11_0854永州冷水滩区_1168.jpg"], "photo_count": 1}, "geometry": {"type": "Point", "coordinates": [111.6057566, 26.4637526]}}, {"type": "Feature", "properties": {"type": "photo", "name": "\n        ", "date": "2026-09-11", "track": "2026-09-11 0854永州冷水滩区", "photo_urls": ["track_photos_new/2026-09-11_0854永州冷水滩区_1169.jpg"], "photo_count": 1}, "geometry": {"type": "Point", "coordinates": [111.6060849, 26.4637476]}}, {"type": "Feature", "properties": {"type": "photo", "name": "\n        ", "date": "2026-09-11", "track": "2026-09-11 0854永州冷水滩区", "photo_urls": ["track_photos_new/2026-09-11_0854永州冷水滩区_1170.jpg"], "photo_count": 1}, "geometry": {"type": "Point", "coordinates": [111.6064797, 26.4637441]}}, {"type": "Feature", "properties": {"type": "photo", "name": "\n        ", "date": "2026-09-11", "track": "2026-09-11 0854永州冷水滩区", "photo_urls": ["track_photos_new/2026-09-11_0854永州冷水滩区_1171.jpg"], "photo_count": 1}, "geometry": {"type": "Point", "coordinates": [111.6068, 26.4631152]}}, {"type": "Feature", "properties": {"type": "photo", "name": "\n        ", "date": "2026-09-11", "track": "2026-09-11 0854永州冷水滩区", "photo_urls": ["track_photos_new/2026-09-11_0854永州冷水滩区_1172.jpg"], "photo_count": 1}, "geometry": {"type": "Point", "coordinates": [111.6066569, 26.462274]}}, {"type": "Feature", "properties": {"type": "photo", "name": "\n        ", "date": "2026-09-11", "track": "2026-09-11 0854永州冷水滩区", "photo_urls": ["track_photos_new/2026-09-11_0854永州冷水滩区_1173.jpg"], "photo_count": 1}, "geometry": {"type": "Point", "coordinates": [111.606638, 26.4621244]}}, {"type": "Feature", "properties": {"type": "photo", "name": "\n        ", "date": "2026-09-11", "track": "2026-09-11 0854永州冷水滩区", "photo_urls": ["track_photos_new/2026-09-11_0854永州冷水滩区_1174.jpg"], "photo_count": 1}, "geometry": {"type": "Point", "coordinates": [111.6066455, 26.4620109]}}, {"type": "Feature", "properties": {"type": "photo", "name": "\n        ", "date": "2026-09-11", "track": "2026-09-11 0854永州冷水滩区", "photo_urls": ["track_photos_new/2026-09-11_0854永州冷水滩区_1175.jpg"], "photo_count": 1}, "geometry": {"type": "Point", "coordinates": [111.6066538, 26.4617798]}}, {"type": "Feature", "properties": {"type": "photo", "name": "\n        ", "date": "2026-09-11", "track": "2026-09-11 0854永州冷水滩区", "photo_urls": ["track_photos_new/2026-09-11_0854永州冷水滩区_1176.jpg"], "photo_count": 1}, "geometry": {"type": "Point", "coordinates": [111.6066398, 26.4616134]}}, {"type": "Feature", "properties": {"type": "photo", "name": "\n        ", "date": "2026-09-11", "track": "2026-09-11 0854永州冷水滩区", "photo_urls": ["track_photos_new/2026-09-11_0854永州冷水滩区_1177.jpg"], "photo_count": 1}, "geometry": {"type": "Point", "coordinates": [111.6066058, 26.4613185]}}, {"type": "Feature", "properties": {"type": "photo", "name": "\n        ", "date": "2026-09-11", "track": "2026-09-11 0854永州冷水滩区", "photo_urls": ["track_photos_new/2026-09-11_0854永州冷水滩区_1178.jpg"], "photo_count": 1}, "geometry": {"type": "Point", "coordinates": [111.6065115, 26.4612148]}}, {"type": "Feature", "properties": {"type": "photo", "name": "\n        ", "date": "2026-09-11", "track": "2026-09-11 0854永州冷水滩区", "photo_urls": ["track_photos_new/2026-09-11_0854永州冷水滩区_1179.jpg"], "photo_count": 1}, "geometry": {"type": "Point", "coordinates": [111.6060997, 26.4609978]}}, {"type": "Feature", "properties": {"type": "photo", "name": "\n        ", "date": "2026-09-11", "track": "2026-09-11 0854永州冷水滩区", "photo_urls": ["track_photos_new/2026-09-11_0854永州冷水滩区_1180.jpg"], "photo_count": 1}, "geometry": {"type": "Point", "coordinates": [111.6059556, 26.4609448]}}, {"type": "Feature", "properties": {"type": "photo", "name": "\n        ", "date": "2026-09-11", "track": "2026-09-11 0854永州冷水滩区", "photo_urls": ["track_photos_new/2026-09-11_0854永州冷水滩区_1181.jpg"], "photo_count": 1}, "geometry": {"type": "Point", "coordinates": [111.6058267, 26.4609038]}}, {"type": "Feature", "properties": {"type": "photo", "name": "\n        ", "date": "2026-09-11", "track": "2026-09-11 0854永州冷水滩区", "photo_urls": ["track_photos_new/2026-09-11_0854永州冷水滩区_1182.jpg"], "photo_count": 1}, "geometry": {"type": "Point", "coordinates": [111.6055997, 26.4608917]}}, {"type": "Feature", "properties": {"type": "photo", "name": "\n        ", "date": "2026-09-11", "track": "2026-09-11 0854永州冷水滩区", "photo_urls": ["track_photos_new/2026-09-11_0854永州冷水滩区_1183.jpg"], "photo_count": 1}, "geometry": {"type": "Point", "coordinates": [111.6054765, 26.4608785]}}, {"type": "Feature", "properties": {"type": "photo", "name": "\n        ", "date": "2026-09-11", "track": "2026-09-11 0854永州冷水滩区", "photo_urls": ["track_photos_new/2026-09-11_0854永州冷水滩区_1184.jpg"], "photo_count": 1}, "geometry": {"type": "Point", "coordinates": [111.6053358, 26.460512]}}, {"type": "Feature", "properties": {"type": "photo", "name": "\n        ", "date": "2026-09-11", "track": "2026-09-11 0854永州冷水滩区", "photo_urls": ["track_photos_new/2026-09-11_0854永州冷水滩区_1185.jpg"], "photo_count": 1}, "geometry": {"type": "Point", "coordinates": [111.6054891, 26.4609255]}}, {"type": "Feature", "properties": {"type": "photo", "name": "\n        ", "date": "2026-09-11", "track": "2026-09-11 0854永州冷水滩区", "photo_urls": ["track_photos_new/2026-09-11_0854永州冷水滩区_1186.jpg"], "photo_count": 1}, "geometry": {"type": "Point", "coordinates": [111.6055875, 26.4609303]}}, {"type": "Feature", "properties": {"type": "photo", "name": "\n        ", "date": "2026-09-11", "track": "2026-09-11 0854永州冷水滩区", "photo_urls": ["track_photos_new/2026-09-11_0854永州冷水滩区_1187.jpg"], "photo_count": 1}, "geometry": {"type": "Point", "coordinates": [111.6057334, 26.4610948]}}, {"type": "Feature", "properties": {"type": "photo", "name": "\n        ", "date": "2026-09-11", "track": "2026-09-11 0854永州冷水滩区", "photo_urls": ["track_photos_new/2026-09-11_0854永州冷水滩区_1188.jpg"], "photo_count": 1}, "geometry": {"type": "Point", "coordinates": [111.6059166, 26.4619579]}}, {"type": "Feature", "properties": {"type": "photo", "name": "\n        ", "date": "2026-09-11", "track": "2026-09-11 0854永州冷水滩区", "photo_urls": ["track_photos_new/2026-09-11_0854永州冷水滩区_1189.jpg"], "photo_count": 1}, "geometry": {"type": "Point", "coordinates": [111.6061861, 26.4620449]}}, {"type": "Feature", "properties": {"type": "photo", "name": "\n        ", "date": "2026-09-11", "track": "2026-09-11 0854永州冷水滩区", "photo_urls": ["track_photos_new/2026-09-11_0854永州冷水滩区_1190.jpg"], "photo_count": 1}, "geometry": {"type": "Point", "coordinates": [111.6063139, 26.4622235]}}, {"type": "Feature", "properties": {"type": "photo", "name": "\n        ", "date": "2026-09-11", "track": "2026-09-11 0854永州冷水滩区", "photo_urls": ["track_photos_new/2026-09-11_0854永州冷水滩区_1191.jpg"], "photo_count": 1}, "geometry": {"type": "Point", "coordinates": [111.6063358, 26.4623818]}}, {"type": "Feature", "properties": {"type": "photo", "name": "\n        ", "date": "2026-09-11", "track": "2026-09-11 0854永州冷水滩区", "photo_urls": ["track_photos_new/2026-09-11_0854永州冷水滩区_1192.jpg"], "photo_count": 1}, "geometry": {"type": "Point", "coordinates": [111.6062822, 26.4637737]}}, {"type": "Feature", "properties": {"type": "photo", "name": "\n        ", "date": "2026-09-11", "track": "2026-09-11 0854永州冷水滩区", "photo_urls": ["track_photos_new/2026-09-11_0854永州冷水滩区_1193.jpg"], "photo_count": 1}, "geometry": {"type": "Point", "coordinates": [111.60604, 26.4637638]}}, {"type": "Feature", "properties": {"type": "photo", "name": "\n        ", "date": "2026-09-11", "track": "2026-09-11 0854永州冷水滩区", "photo_urls": ["track_photos_new/2026-09-11_0854永州冷水滩区_1194.jpg"], "photo_count": 1}, "geometry": {"type": "Point", "coordinates": [111.6059144, 26.4637644]}}, {"type": "Feature", "properties": {"type": "photo", "name": "\n        ", "date": "2026-09-11", "track": "2026-09-11 0854永州冷水滩区", "photo_urls": ["track_photos_new/2026-09-11_0854永州冷水滩区_1195.jpg"], "photo_count": 1}, "geometry": {"type": "Point", "coordinates": [111.6055728, 26.4637413]}}, {"type": "Feature", "properties": {"type": "photo", "name": "\n        ", "date": "2026-09-11", "track": "2026-09-11 0854永州冷水滩区", "photo_urls": ["track_photos_new/2026-09-11_0854永州冷水滩区_1196.jpg"], "photo_count": 1}, "geometry": {"type": "Point", "coordinates": [111.605116, 26.463659]}}, {"type": "Feature", "properties": {"type": "photo", "name": "\n        ", "date": "2026-09-11", "track": "2026-09-11 0854永州冷水滩区", "photo_urls": ["track_photos_new/2026-09-11_0854永州冷水滩区_1197.jpg"], "photo_count": 1}, "geometry": {"type": "Point", "coordinates": [111.6046425, 26.4635355]}}, {"type": "Feature", "properties": {"type": "photo", "name": "\n        ", "date": "2026-09-11", "track": "2026-09-11 0854永州冷水滩区", "photo_urls": ["track_photos_new/2026-09-11_0854永州冷水滩区_1198.jpg"], "photo_count": 1}, "geometry": {"type": "Point", "coordinates": [111.6042264, 26.4634624]}}, {"type": "Feature", "properties": {"type": "photo", "name": "\n        ", "date": "2026-09-11", "track": "2026-09-11 0854永州冷水滩区", "photo_urls": ["track_photos_new/2026-09-11_0854永州冷水滩区_1199.jpg"], "photo_count": 1}, "geometry": {"type": "Point", "coordinates": [111.6031176, 26.4632101]}}, {"type": "Feature", "properties": {"type": "photo", "name": "\n        ", "date": "2026-09-11", "track": "2026-09-11 0854永州冷水滩区", "photo_urls": ["track_photos_new/2026-09-11_0854永州冷水滩区_1200.jpg"], "photo_count": 1}, "geometry": {"type": "Point", "coordinates": [111.6029701, 26.4632027]}}, {"type": "Feature", "properties": {"type": "photo", "name": "\n        ", "date": "2026-09-11", "track": "2026-09-11 0854永州冷水滩区", "photo_urls": ["track_photos_new/2026-09-11_0854永州冷水滩区_1201.jpg"], "photo_count": 1}, "geometry": {"type": "Point", "coordinates": [111.6019048, 26.4633168]}}, {"type": "Feature", "properties": {"type": "track", "name": "2026-09-11 0854永州冷水滩区 轨迹", "date": "2026-09-11", "distance_km": 15.59, "photo_count": 344}, "geometry": {"type": "LineString", "coordinates": [[111.6110027, 26.4502808], [111.6109915, 26.4503661], [111.6109745, 26.4504188], [111.6108581, 26.4505108], [111.6107969, 26.4506034], [111.6107298, 26.4507132], [111.6106627, 26.450837], [111.61059, 26.4509833], [111.6105152, 26.451132], [111.6104473, 26.4512819], [111.6103909, 26.4514362], [111.6103313, 26.4515969], [111.6102651, 26.4517485], [111.610201, 26.4518918], [111.6101277, 26.4520399], [111.6100579, 26.4521881], [111.6099941, 26.4523301], [111.6099289, 26.4524672], [111.6098843, 26.4525862], [111.609815, 26.4526677], [111.6097159, 26.4526843], [111.6095951, 26.4526082], [111.6094809, 26.4525082], [111.6093771, 26.4524075], [111.6092749, 26.4523195], [111.6091615, 26.4522439], [111.6090146, 26.4521601], [111.6088921, 26.4521031], [111.6087773, 26.4520608], [111.6086629, 26.4520172], [111.6085346, 26.4519639], [111.6083944, 26.4519033], [111.608244, 26.4518465], [111.6080951, 26.451786], [111.6079422, 26.4517337], [111.6077953, 26.4516784], [111.6076628, 26.4516297], [111.6075342, 26.4515855], [111.6074052, 26.4515316], [111.60728, 26.4514846], [111.6071532, 26.451445], [111.6070368, 26.4513927], [111.6069277, 26.4513393], [111.6068426, 26.4512821], [111.6067815, 26.4512037], [111.6066338, 26.4511036], [111.6065285, 26.4510003], [111.6064472, 26.4508957], [111.6063763, 26.4507924], [111.606314, 26.4506878], [111.6062443, 26.4505837], [111.6061876, 26.4504763], [111.6061577, 26.4503745], [111.6061328, 26.4502742], [111.6060595, 26.4501439], [111.6059731, 26.4500289], [111.6058947, 26.4499216], [111.6058064, 26.4498495], [111.6056437, 26.4498354], [111.6055034, 26.4498498], [111.6053575, 26.4498663], [111.6052071, 26.4498746], [111.605059, 26.4498799], [111.6049266, 26.4498846], [111.6047973, 26.4498879], [111.6046237, 26.449894], [111.6044797, 26.4499066], [111.6043524, 26.4499199], [111.604218, 26.4499343], [111.604083, 26.4499368], [111.60395, 26.4499424], [111.6038122, 26.4499514], [111.603669, 26.4499591], [111.6035182, 26.4499693], [111.6033601, 26.4499806], [111.603205, 26.4499912], [111.6030556, 26.4499975], [111.6029118, 26.4500059], [111.6027772, 26.4500188], [111.6026498, 26.4500311], [111.6025337, 26.4500448], [111.6023855, 26.4500509], [111.6022588, 26.4500941], [111.6022155, 26.450255], [111.6022299, 26.4503975], [111.6022557, 26.4505382], [111.6022837, 26.4506789], [111.6023091, 26.4508209], [111.6023301, 26.450964], [111.6023659, 26.4511091], [111.6024073, 26.4512269], [111.6024457, 26.4513781], [111.6024846, 26.4515019], [111.60253, 26.4516138], [111.6025741, 26.4517352], [111.6026144, 26.4518561], [111.6026476, 26.4519672], [111.6026851, 26.4520575], [111.6027418, 26.4521931], [111.6028115, 26.4523515], [111.6028852, 26.4525143], [111.602937, 26.4526218], [111.6029875, 26.4527379], [111.60304, 26.4528408], [111.6030823, 26.4529413], [111.6031127, 26.453046], [111.6031016, 26.4531379], [111.6030809, 26.453236], [111.6030671, 26.4533559], [111.6030308, 26.4535128], [111.6029665, 26.4536771], [111.6029039, 26.4538106], [111.6028297, 26.4539407], [111.6027598, 26.454088], [111.6026869, 26.4542373], [111.6026457, 26.4543691], [111.6026955, 26.4544965], [111.6028401, 26.4545997], [111.602982, 26.4546629], [111.6031257, 26.4547028], [111.6032649, 26.4547412], [111.603395, 26.4547857], [111.6035265, 26.4548251], [111.6036489, 26.4548663], [111.6037544, 26.4549096], [111.6038483, 26.4549455], [111.6039635, 26.4549796], [111.6040777, 26.4550149], [111.6041965, 26.4550569], [111.6043196, 26.4551008], [111.604443, 26.4551424], [111.604555, 26.4551821], [111.6046728, 26.4552338], [111.6047918, 26.4552866], [111.6049089, 26.4553327], [111.60501, 26.4553636], [111.6051165, 26.4553611], [111.6051996, 26.4552749], [111.6052836, 26.4551552], [111.6053398, 26.4550468], [111.6053768, 26.4549238], [111.6054388, 26.4548363], [111.6055047, 26.4547463], [111.6055867, 26.4546613], [111.605676, 26.4545889], [111.6057221, 26.4544522], [111.605774, 26.4543558], [111.60581, 26.4542593], [111.6058148, 26.4542296], [111.6058233, 26.454162], [111.6058368, 26.454057], [111.6058602, 26.4539139], [111.6058738, 26.4537667], [111.6058807, 26.4536109], [111.6058908, 26.4534526], [111.6059007, 26.4533297], [111.6059022, 26.4532142], [111.6058897, 26.4531135], [111.6058796, 26.4530019], [111.6058654, 26.4528911], [111.6058665, 26.4527736], [111.6059005, 26.452631], [111.6059627, 26.4525194], [111.6060618, 26.4524327], [111.6061381, 26.4523158], [111.6061904, 26.4522041], [111.6062034, 26.4521067], [111.6061732, 26.452013], [111.6062074, 26.4519088], [111.6062804, 26.4518128], [111.6063643, 26.4516776], [111.6064569, 26.4515037], [111.6065396, 26.451333], [111.6066134, 26.4512212], [111.6066262, 26.4511079], [111.6065295, 26.4509313], [111.6063999, 26.4507694], [111.6062799, 26.4506149], [111.6062118, 26.4504832], [111.6061843, 26.4503855], [111.6061308, 26.4502437], [111.6060698, 26.4501435], [111.605973, 26.4500346], [111.6058975, 26.4499272], [111.6057043, 26.4498634], [111.6054663, 26.4498404], [111.6051818, 26.4498414], [111.6048589, 26.4498535], [111.6045415, 26.449873], [111.6042457, 26.4498934], [111.60398, 26.4499121], [111.6037302, 26.4499272], [111.603487, 26.4499367], [111.6032444, 26.4499419], [111.6029933, 26.4499454], [111.6027332, 26.4499564], [111.6024883, 26.4499736], [111.6022829, 26.4499965], [111.6020975, 26.4500129], [111.6019046, 26.4500157], [111.6017095, 26.4500162], [111.6015278, 26.4500194], [111.6013591, 26.4500171], [111.6012307, 26.4500044], [111.6011017, 26.4499854], [111.6010521, 26.4500509], [111.6011053, 26.4501648], [111.6011508, 26.450276], [111.6010954, 26.4503368], [111.6010461, 26.4503469], [111.6010058, 26.4502647], [111.6009576, 26.4501688], [111.6008871, 26.4500751], [111.6008098, 26.450052], [111.6007292, 26.4499962], [111.6007743, 26.4499334], [111.600753, 26.4498528], [111.6007476, 26.4498996], [111.6006878, 26.4498622], [111.6006974, 26.4498509], [111.6007268, 26.4499469], [111.6007268, 26.4499469], [111.6002934, 26.4497707], [111.6002934, 26.4497707], [111.600182, 26.4497731], [111.5999267, 26.4497036], [111.599768, 26.4496794], [111.5996464, 26.4496489], [111.599517, 26.4496152], [111.5993628, 26.4495836], [111.5991867, 26.4495543], [111.5989957, 26.4495224], [111.5988113, 26.4494888], [111.5986384, 26.449449], [111.5984792, 26.4494076], [111.598335, 26.4493671], [111.5982075, 26.4493279], [111.5981023, 26.4493071], [111.5980043, 26.4493175], [111.5979617, 26.449426], [111.5979961, 26.44958], [111.5980282, 26.4497455], [111.5980331, 26.4499028], [111.5980498, 26.4500646], [111.5980803, 26.4502264], [111.598058, 26.4503745], [111.5979975, 26.4504739], [111.5978682, 26.4505487], [111.5977467, 26.4505951], [111.5976153, 26.4506567], [111.5975274, 26.4505746], [111.5974233, 26.4504849], [111.5973186, 26.4504955], [111.5972112, 26.4505594], [111.5971015, 26.450675], [111.5970218, 26.4508141], [111.5969788, 26.4509565], [111.5969506, 26.4510896], [111.596915, 26.4512004], [111.5968609, 26.4513212], [111.5967975, 26.4514488], [111.5967493, 26.4515461], [111.5967079, 26.4516464], [111.596678, 26.4517479], [111.5966551, 26.4518528], [111.5966295, 26.4519496], [111.5965547, 26.4520403], [111.5965417, 26.4521585], [111.5965349, 26.4522656], [111.5965288, 26.4523688], [111.5965303, 26.4524785], [111.5965301, 26.4525381], [111.5965248, 26.4526247], [111.5965164, 26.4527167], [111.5965141, 26.4528092], [111.5965232, 26.4529006], [111.5965079, 26.4529933], [111.5965014, 26.4531072], [111.5965156, 26.4531736], [111.5965139, 26.4532642], [111.5965251, 26.4533555], [111.5965083, 26.4534436], [111.5965075, 26.4535365], [111.596523, 26.453633], [111.5965061, 26.4537365], [111.5964825, 26.4538301], [111.5964712, 26.4539296], [111.596468, 26.4540229], [111.5964791, 26.4541373], [111.5964671, 26.4542669], [111.5964681, 26.4544045], [111.5964798, 26.4545215], [111.5964793, 26.4546284], [111.5965132, 26.4547302], [111.5965097, 26.4548291], [111.5964967, 26.4549588], [111.5964781, 26.4550959], [111.5964674, 26.4552163], [111.5964522, 26.4553221], [111.5964295, 26.455418], [111.596395, 26.4555161], [111.5964287, 26.455611], [111.5965262, 26.4556528], [111.5966236, 26.4556982], [111.5967127, 26.4557748], [111.5968519, 26.4557987], [111.5969832, 26.4558043], [111.5971108, 26.4557983], [111.5972564, 26.4557918], [111.597386, 26.4557989], [111.5975032, 26.4557964], [111.5976404, 26.4557833], [111.5977984, 26.4557636], [111.5979213, 26.45576], [111.598083, 26.4557649], [111.5982513, 26.4557825], [111.5983913, 26.4557771], [111.5985068, 26.4557529], [111.5985939, 26.4556669], [111.5986893, 26.4555673], [111.5987956, 26.4554612], [111.5989003, 26.4554091], [111.5989777, 26.4554872], [111.5989159, 26.4555658], [111.5988393, 26.4556247], [111.5988207, 26.4556836], [111.5987714, 26.4557535], [111.5988368, 26.45568], [111.598784, 26.4557677], [111.5986964, 26.4558261], [111.5986057, 26.4558682], [111.598516, 26.4559151], [111.598417, 26.4559292], [111.5983067, 26.4558832], [111.5981851, 26.4558214], [111.598074, 26.455799], [111.5979804, 26.455746], [111.5978809, 26.4557083], [111.5977711, 26.4557086], [111.5976532, 26.4557083], [111.5975427, 26.455729], [111.5974383, 26.455735], [111.5973381, 26.455759], [111.5972489, 26.4558123], [111.5971416, 26.4558386], [111.597037, 26.455852], [111.5969267, 26.4558448], [111.5968134, 26.4558494], [111.5967868, 26.4559225], [111.5968356, 26.4560198], [111.5969158, 26.4561143], [111.596907, 26.4560791], [111.5968798, 26.4560659], [111.5968373, 26.4559854], [111.5968073, 26.4558874], [111.5968158, 26.4557825], [111.5967445, 26.4557421], [111.5966337, 26.4557134], [111.5965209, 26.4557055], [111.5964367, 26.4557676], [111.596386, 26.4558675], [111.5963531, 26.4559716], [111.5964299, 26.4560369], [111.596503, 26.4561324], [111.5964749, 26.4562096], [111.5965361, 26.4562313], [111.5965794, 26.4562948], [111.5966592, 26.4563612], [111.5967448, 26.4564339], [111.5966915, 26.4564026], [111.5966102, 26.4563268], [111.5965522, 26.4562245], [111.5965053, 26.4561268], [111.5964286, 26.4560439], [111.5963429, 26.4559857], [111.5962692, 26.4560331], [111.5962086, 26.4561243], [111.5961552, 26.4562168], [111.5960676, 26.4562894], [111.5959982, 26.4563663], [111.595912, 26.4564481], [111.5958559, 26.4565317], [111.5959156, 26.4565966], [111.5959444, 26.4566113], [111.5960239, 26.4566414], [111.5961226, 26.4566742], [111.5962145, 26.4567275], [111.596301, 26.4567834], [111.5963891, 26.4568368], [111.5964714, 26.4568961], [111.5965578, 26.4569561], [111.5966478, 26.4570256], [111.5967412, 26.4570802], [111.5967018, 26.4570377], [111.5965923, 26.4569915], [111.5964864, 26.4569342], [111.5963908, 26.4568747], [111.5963089, 26.4568069], [111.5962194, 26.4567483], [111.5961409, 26.4566817], [111.596053, 26.4566206], [111.5959448, 26.4565859], [111.5958303, 26.4565732], [111.5957619, 26.4566432], [111.5957477, 26.4567547], [111.595763, 26.4568615], [111.5957703, 26.4569352], [111.5958182, 26.4570234], [111.5958458, 26.4571179], [111.5958758, 26.4572252], [111.5959013, 26.4573284], [111.5959321, 26.4574315], [111.5959432, 26.4575312], [111.5959376, 26.4576264], [111.5959602, 26.4577136], [111.5960465, 26.4577378], [111.5961567, 26.4577362], [111.5960981, 26.4577122], [111.5960103, 26.457646], [111.5959647, 26.4575383], [111.5959314, 26.4574305], [111.5959085, 26.4573232], [111.5958808, 26.45722], [111.5958635, 26.4571262], [111.5958383, 26.4570266], [111.595818, 26.4569336], [111.595801, 26.4568408], [111.595795, 26.4567343], [111.5958007, 26.4566363], [111.5958406, 26.4565239], [111.5959073, 26.4564407], [111.5959697, 26.4563557], [111.5960088, 26.4563088], [111.596078, 26.456251], [111.5961545, 26.4561811], [111.5962244, 26.4561072], [111.5962696, 26.4560209], [111.5963353, 26.4559282], [111.5964083, 26.4558418], [111.59647, 26.4557636], [111.5965611, 26.4557397], [111.5966653, 26.455758], [111.5967843, 26.4557889], [111.5969114, 26.4557873], [111.597021, 26.455781], [111.5971254, 26.4557213], [111.5971584, 26.4556271], [111.5971868, 26.4555326], [111.5971759, 26.4554192], [111.5971462, 26.455321], [111.5971528, 26.4552223], [111.5971647, 26.4551283], [111.5972256, 26.4550592], [111.5973741, 26.454982], [111.5975118, 26.4549732], [111.5976509, 26.4549765], [111.5977737, 26.4549866], [111.597891, 26.4549907], [111.5980058, 26.4550181], [111.5981125, 26.4550239], [111.5982336, 26.4550492], [111.5983443, 26.4550825], [111.5984432, 26.4550695], [111.5985652, 26.4550513], [111.5986847, 26.4550492], [111.5988056, 26.4550273], [111.5989113, 26.4550252], [111.5989963, 26.4549794], [111.5990289, 26.4548844], [111.5990543, 26.4547802], [111.5990718, 26.4546731], [111.5990466, 26.4545699], [111.5990086, 26.4544726], [111.5990205, 26.4543644], [111.5989944, 26.4542674], [111.598989, 26.4541645], [111.5989688, 26.4540669], [111.5989349, 26.4539676], [111.5988461, 26.4538658], [111.5986755, 26.4537725], [111.5984463, 26.4537715], [111.5982884, 26.4537617], [111.5982018, 26.4537093], [111.5981237, 26.4536482], [111.5980278, 26.4535824], [111.5979278, 26.4535348], [111.5978216, 26.4535099], [111.5977553, 26.4534468], [111.5976566, 26.453387], [111.5975544, 26.4533859], [111.597471, 26.4534422], [111.5973902, 26.4535199], [111.5972949, 26.4535717], [111.5971948, 26.4535991], [111.5970966, 26.453566], [111.5970012, 26.4534971], [111.5969071, 26.4534429], [111.5968165, 26.4533779], [111.5967636, 26.4532884], [111.5966897, 26.4532227], [111.5966122, 26.4531534], [111.5965937, 26.4532154], [111.5966038, 26.453328], [111.5966028, 26.4534492], [111.5966126, 26.4535664], [111.596602, 26.4536833], [111.5966003, 26.4537819], [111.5966754, 26.4538178], [111.5967868, 26.4538521], [111.5969065, 26.453854], [111.5970283, 26.4538578], [111.5971462, 26.4538438], [111.5972559, 26.453835], [111.5973757, 26.4538268], [111.5974974, 26.4538514], [111.5975807, 26.4539107], [111.5976171, 26.4539973], [111.5976105, 26.4540993], [111.5976016, 26.4542112], [111.5976031, 26.4543315], [111.5976109, 26.4544447], [111.5976291, 26.4545539], [111.5976245, 26.4546678], [111.5976356, 26.454789], [111.5976483, 26.4548971], [111.5976393, 26.4549937], [111.5977087, 26.4549987], [111.5978331, 26.4549906], [111.5979553, 26.4549812], [111.5980797, 26.4549735], [111.5981737, 26.4549243], [111.5982532, 26.4549685], [111.598301, 26.4550027], [111.5983772, 26.4550425], [111.5984728, 26.4550559], [111.5985886, 26.4550376], [111.5987083, 26.455024], [111.598827, 26.4549964], [111.598827, 26.4549964], [111.5991829, 26.4558428], [111.5991829, 26.4558428], [111.5992658, 26.4558301], [111.5994023, 26.4557798], [111.5995221, 26.4557643], [111.599623, 26.4558006], [111.5997279, 26.4558378], [111.5998392, 26.455849], [111.5999442, 26.4558501], [111.6000513, 26.4558521], [111.6001566, 26.4558555], [111.6002556, 26.4558727], [111.6003404, 26.4559224], [111.6004446, 26.455948], [111.6003943, 26.4560183], [111.6003741, 26.4561212], [111.6003456, 26.4560841], [111.6003336, 26.4559921], [111.6002781, 26.4558865], [111.6001767, 26.4558443], [111.6000524, 26.4558481], [111.5999281, 26.4558408], [111.5998107, 26.4558398], [111.5997077, 26.4558645], [111.5995998, 26.4558632], [111.5994721, 26.4558447], [111.5993534, 26.455829], [111.599241, 26.4558149], [111.599138, 26.4558086], [111.5990303, 26.4558025], [111.5990303, 26.4558025], [111.5966858, 26.4556702], [111.5966858, 26.4556702], [111.5964479, 26.4555955], [111.5963151, 26.4555839], [111.5962828, 26.4556624], [111.5962511, 26.4557633], [111.5961991, 26.4558838], [111.5961291, 26.4560038], [111.5960563, 26.4561215], [111.5959903, 26.4562334], [111.5959121, 26.4563351], [111.5958311, 26.4564361], [111.5957474, 26.4565326], [111.5956748, 26.4566303], [111.5955996, 26.4567356], [111.5955237, 26.4568514], [111.5954513, 26.4569785], [111.5953787, 26.4571116], [111.5953014, 26.4572492], [111.5952265, 26.4573649], [111.5951782, 26.4574632], [111.5951819, 26.4575541], [111.5952495, 26.4576377], [111.595379, 26.4576956], [111.5955397, 26.4577258], [111.5956994, 26.4577404], [111.5958339, 26.457753], [111.5959599, 26.4577652], [111.596086, 26.4577783], [111.5962261, 26.4577886], [111.5963827, 26.4577942], [111.5965452, 26.4577962], [111.5967119, 26.4577955], [111.5968803, 26.457799], [111.5970557, 26.4578112], [111.597231, 26.4578289], [111.5974002, 26.4578471], [111.5975613, 26.4578646], [111.5977211, 26.4578829], [111.5978809, 26.4579004], [111.5980329, 26.457926], [111.5981839, 26.4579448], [111.5983452, 26.4579604], [111.5985099, 26.457971], [111.598688, 26.4579869], [111.5988709, 26.4580067], [111.5990506, 26.4580201], [111.5992192, 26.4580294], [111.5993663, 26.4580511], [111.5994949, 26.4580707], [111.5996274, 26.4580877], [111.5997675, 26.4581009], [111.5999079, 26.4581112], [111.6000512, 26.4581146], [111.6002056, 26.4581213], [111.6003582, 26.4581392], [111.6004972, 26.4581618], [111.6006305, 26.4581881], [111.6007582, 26.4582162], [111.6008731, 26.4582443], [111.6009848, 26.4582761], [111.6010923, 26.4583115], [111.6012003, 26.4583435], [111.6013148, 26.4583746], [111.6014335, 26.4584039], [111.601548, 26.4584381], [111.6016636, 26.4584766], [111.6017826, 26.4585149], [111.6019033, 26.4585512], [111.6020271, 26.4585899], [111.6021432, 26.4586302], [111.6022821, 26.4586887], [111.6023996, 26.4587445], [111.6025232, 26.4588164], [111.6026468, 26.4589044], [111.602791, 26.4590271], [111.6028894, 26.4591153], [111.6029652, 26.4591879], [111.603076, 26.4593076], [111.6031705, 26.4594269], [111.6032807, 26.4595298], [111.6033745, 26.4596223], [111.6034859, 26.4597421], [111.6035714, 26.4598293], [111.6036519, 26.4599078], [111.6037279, 26.4599876], [111.6038207, 26.4600747], [111.6039161, 26.4601621], [111.6040025, 26.46025], [111.6040839, 26.4603336], [111.6041627, 26.4604116], [111.6042374, 26.4604805], [111.6043291, 26.4605645], [111.6044285, 26.4606159], [111.604567, 26.4606305], [111.6047289, 26.4605833], [111.6048325, 26.4605146], [111.6049058, 26.4604336], [111.6049711, 26.4603457], [111.60504, 26.460252], [111.6051097, 26.4601542], [111.6051815, 26.4600687], [111.6052805, 26.4599502], [111.6053948, 26.4598096], [111.6055076, 26.4596692], [111.6056286, 26.4595164], [111.6057145, 26.4594125], [111.6057859, 26.4593234], [111.6058608, 26.4592372], [111.6059326, 26.459154], [111.6059952, 26.4590763], [111.6060521, 26.4590015], [111.6061266, 26.4589055], [111.6061954, 26.4588194], [111.6062747, 26.4587409], [111.6063606, 26.4586433], [111.6064427, 26.4585151], [111.6065219, 26.4583852], [111.6066274, 26.4582724], [111.6067345, 26.4581528], [111.6068482, 26.4580069], [111.6069236, 26.457906], [111.606995, 26.4578219], [111.607065, 26.4577367], [111.60714, 26.457648], [111.607212, 26.4575574], [111.6072816, 26.4574686], [111.607353, 26.4573883], [111.6074249, 26.4573049], [111.6074976, 26.4572186], [111.6075688, 26.4571327], [111.6076429, 26.4570513], [111.6077199, 26.4569271], [111.6077586, 26.4567704], [111.6076721, 26.4566153], [111.6075412, 26.4565397], [111.607399, 26.4564942], [111.6072665, 26.4564537], [111.607141, 26.4564151], [111.6070373, 26.4563812], [111.6069117, 26.4563371], [111.6067995, 26.4563027], [111.606696, 26.4562549], [111.6065432, 26.4562051], [111.6064114, 26.4561542], [111.6062924, 26.4561161], [111.6061846, 26.456104], [111.6060927, 26.4561889], [111.6060044, 26.456304], [111.6059403, 26.4564231], [111.60588, 26.4565326], [111.6058233, 26.4566702], [111.6057663, 26.4568092], [111.6057565, 26.4569209], [111.6057565, 26.4570503], [111.6057138, 26.457203], [111.6056924, 26.4573576], [111.6056779, 26.4575064], [111.6056406, 26.4576545], [111.6055874, 26.4577927], [111.6055352, 26.4579017], [111.6055144, 26.457933], [111.6055265, 26.4580141], [111.6056192, 26.4580518], [111.6057571, 26.4580676], [111.6059131, 26.4580937], [111.6060525, 26.4581141], [111.606004, 26.4580962], [111.6058394, 26.4580477], [111.6056771, 26.4580016], [111.6055532, 26.4579602], [111.6054406, 26.4579161], [111.605339, 26.4578775], [111.6051789, 26.4578292], [111.6050101, 26.4577765], [111.604888, 26.4577423], [111.6047397, 26.4576981], [111.6046195, 26.45766], [111.604494, 26.4576268], [111.6043383, 26.4575833], [111.6041859, 26.4575451], [111.6040253, 26.457496], [111.6038769, 26.4574695], [111.6038272, 26.4574506], [111.6037422, 26.4574333], [111.603605, 26.457406], [111.6034971, 26.4573523], [111.6033413, 26.4572971], [111.6032317, 26.4572385], [111.6031352, 26.4572012], [111.603027, 26.4572274], [111.602916, 26.4572503], [111.6028081, 26.4573092], [111.6027323, 26.4573964], [111.6026652, 26.4574799], [111.6026558, 26.4576068], [111.602714, 26.4577018], [111.6028276, 26.4578038], [111.6029715, 26.4578782], [111.6031103, 26.4579269], [111.603286, 26.4579793], [111.6033983, 26.4580306], [111.6035445, 26.4580848], [111.6036733, 26.4580836], [111.60381, 26.4581015], [111.6039533, 26.458137], [111.604119, 26.4581814], [111.604292, 26.4582346], [111.6044115, 26.4582752], [111.6045526, 26.4583245], [111.604672, 26.4583555], [111.6048351, 26.4583946], [111.6049917, 26.4584268], [111.6051255, 26.4584635], [111.6052278, 26.458503], [111.6051579, 26.4584723], [111.6049762, 26.4584269], [111.6048253, 26.4583986], [111.6046392, 26.4583645], [111.6045068, 26.4583249], [111.6043927, 26.4582875], [111.6042819, 26.4582506], [111.6041655, 26.4582099], [111.6040526, 26.458176], [111.6039549, 26.458137], [111.6038583, 26.458104], [111.6037465, 26.4580729], [111.6036261, 26.4580446], [111.6035076, 26.4580224], [111.6033956, 26.458001], [111.6032822, 26.4579728], [111.6031637, 26.4579336], [111.6030518, 26.4578886], [111.6029587, 26.4578342], [111.602864, 26.4577852], [111.6027302, 26.4577222], [111.6026619, 26.4576744], [111.6025942, 26.4575935], [111.6024564, 26.4575085], [111.6023376, 26.4574529], [111.6022288, 26.4574118], [111.6021119, 26.4573747], [111.6019825, 26.4573256], [111.6018856, 26.4573689], [111.6018341, 26.4575151], [111.6017926, 26.4576767], [111.6017036, 26.4577463], [111.6015616, 26.4577173], [111.6013724, 26.4576602], [111.6011933, 26.4576128], [111.6011325, 26.4575867], [111.6011246, 26.4574886], [111.6011579, 26.4573889], [111.601195, 26.4572233], [111.6012326, 26.4571034], [111.6012832, 26.4569711], [111.6014007, 26.4569301], [111.6014665, 26.4568556], [111.6014186, 26.456772], [111.6013681, 26.4566647], [111.601349, 26.4565257], [111.6013101, 26.4564155], [111.6012632, 26.4563208], [111.601205, 26.4561985], [111.6011624, 26.4560865], [111.6011561, 26.4561306], [111.6012111, 26.4562372], [111.6012896, 26.4563902], [111.601369, 26.4565638], [111.6014075, 26.4566912], [111.601444, 26.4567949], [111.60151, 26.4568815], [111.6016113, 26.4569578], [111.6017303, 26.4570311], [111.6018436, 26.4570921], [111.6019439, 26.45715], [111.6019715, 26.4572752], [111.6020016, 26.4574119], [111.6020902, 26.4574771], [111.602236, 26.4575124], [111.6023813, 26.4575381], [111.6024994, 26.4575576], [111.6026212, 26.4575595], [111.6027245, 26.4575126], [111.6027933, 26.4574191], [111.6028532, 26.4573058], [111.6029169, 26.4572004], [111.6029677, 26.4570941], [111.6029947, 26.4569935], [111.6030147, 26.4569775], [111.603063, 26.456913], [111.603105, 26.4568247], [111.6031219, 26.4567229], [111.6031983, 26.4566453], [111.6032825, 26.4565295], [111.6033431, 26.4564096], [111.6033804, 26.4562809], [111.603395, 26.4561746], [111.6033958, 26.4561214], [111.603482, 26.4560457], [111.6035247, 26.4559599], [111.6035685, 26.4558707], [111.6036137, 26.455769], [111.6036681, 26.4556492], [111.6037107, 26.4555418], [111.6037336, 26.4555063], [111.6037869, 26.4554332], [111.6038241, 26.4553273], [111.6038643, 26.4552297], [111.6038184, 26.4551211], [111.6036895, 26.4550514], [111.6035689, 26.4549994], [111.6034015, 26.4549405], [111.6032428, 26.4548853], [111.6030859, 26.4548556], [111.6029696, 26.4548199], [111.602871, 26.4547821], [111.602794, 26.4547179], [111.6026827, 26.4546565], [111.60255, 26.4545999], [111.6024134, 26.4545572], [111.602255, 26.4544996], [111.6020997, 26.4544366], [111.6019718, 26.4543902], [111.6018614, 26.4543565], [111.6017505, 26.4543088], [111.6016574, 26.4542555], [111.6015468, 26.4542057], [111.6014425, 26.4541596], [111.6013128, 26.4541012], [111.6011704, 26.4540385], [111.6010359, 26.4539792], [111.6009332, 26.4539263], [111.6010032, 26.4539227], [111.6011725, 26.4539851], [111.601308, 26.4540378], [111.6014282, 26.454081], [111.6015441, 26.4541247], [111.6016695, 26.4541721], [111.601805, 26.4542231], [111.6019533, 26.4542755], [111.6021156, 26.4543344], [111.6022849, 26.4544056], [111.6024461, 26.4544674], [111.6025908, 26.4545197], [111.6027337, 26.4545686], [111.6028976, 26.4546203], [111.6030877, 26.4546857], [111.6032895, 26.4547614], [111.6034927, 26.4548381], [111.6036908, 26.4549091], [111.603853, 26.4549668], [111.6039799, 26.4550052], [111.6041036, 26.4550506], [111.6042571, 26.4551134], [111.6044353, 26.4551834], [111.6046083, 26.4552529], [111.604752, 26.4553164], [111.6048786, 26.4553742], [111.6049993, 26.4554353], [111.6051325, 26.4555005], [111.6052956, 26.4555722], [111.6055131, 26.4556527], [111.6057792, 26.4557489], [111.6060559, 26.4558601], [111.6063142, 26.4559648], [111.6065497, 26.4560569], [111.6067578, 26.4561332], [111.6069501, 26.4561984], [111.6071202, 26.4562697], [111.6072747, 26.4563329], [111.6074212, 26.4563858], [111.6075544, 26.456439], [111.6076656, 26.4564803], [111.6077478, 26.456537], [111.6077722, 26.4565629], [111.607837, 26.456614], [111.6079213, 26.4567054], [111.6079289, 26.4568523], [111.6078685, 26.4569762], [111.6077767, 26.4570789], [111.6076849, 26.4571759], [111.6075916, 26.457275], [111.6074989, 26.4573758], [111.6074203, 26.4574751], [111.6073469, 26.4575787], [111.6072616, 26.457687], [111.6071673, 26.4578014], [111.6070779, 26.4579176], [111.6069933, 26.4580222], [111.6069211, 26.4581119], [111.6068499, 26.4581941], [111.6067756, 26.458282], [111.6066902, 26.4583688], [111.6065994, 26.4584745], [111.6065009, 26.4585937], [111.6064059, 26.4587097], [111.6063265, 26.4588212], [111.606253, 26.4589268], [111.606171, 26.4590408], [111.6060833, 26.459157], [111.6059974, 26.4592619], [111.6059114, 26.4593608], [111.6058242, 26.4594583], [111.6057388, 26.4595658], [111.6056578, 26.4596763], [111.6055869, 26.4597795], [111.6055182, 26.4598732], [111.6054462, 26.4599699], [111.6053623, 26.4600739], [111.6052752, 26.4601769], [111.6051929, 26.4602747], [111.6051148, 26.4603685], [111.6050469, 26.46046], [111.6049864, 26.4605466], [111.6049238, 26.460627], [111.6048416, 26.4607173], [111.6047484, 26.4608138], [111.6046542, 26.4609322], [111.6045841, 26.4610257], [111.604522, 26.4611037], [111.6044591, 26.4611937], [111.6043928, 26.461296], [111.6043124, 26.4613797], [111.6042164, 26.461471], [111.6041182, 26.4615698], [111.604017, 26.46167], [111.6039226, 26.4617796], [111.6038395, 26.4618949], [111.6037526, 26.4620175], [111.603656, 26.4621369], [111.6035659, 26.4622482], [111.6034826, 26.462342], [111.6034092, 26.4624209], [111.6033462, 26.4624973], [111.6032819, 26.4625851], [111.6032176, 26.4626787], [111.6031479, 26.4627665], [111.6030792, 26.4628434], [111.6030296, 26.4629825], [111.6030635, 26.4631151], [111.6031849, 26.463212], [111.603359, 26.4632775], [111.6034933, 26.4633061], [111.6036073, 26.4633151], [111.6037157, 26.4633235], [111.6038202, 26.4633396], [111.6039258, 26.4633624], [111.6040431, 26.4633927], [111.6041719, 26.4634312], [111.6043132, 26.4634708], [111.6044594, 26.4635036], [111.60461, 26.4635352], [111.6047573, 26.463572], [111.6048796, 26.4636042], [111.604993, 26.4636424], [111.6051643, 26.4636963], [111.6053109, 26.4637415], [111.6054715, 26.4637487], [111.6055917, 26.46375], [111.6057566, 26.4637526], [111.6059236, 26.4637467], [111.6060849, 26.4637476], [111.6062286, 26.46375], [111.6063576, 26.4637468], [111.6064797, 26.4637441], [111.606608, 26.4637168], [111.6066975, 26.4636632], [111.606741, 26.4635537], [111.6067624, 26.4634317], [111.6067852, 26.4632779], [111.6068, 26.4631152], [111.6067745, 26.4629621], [111.6067198, 26.4627945], [111.6066812, 26.4626263], [111.6066645, 26.4624468], [111.6066569, 26.462274], [111.606638, 26.4621244], [111.6066455, 26.4620109], [111.6066508, 26.4619194], [111.6066538, 26.4617798], [111.6066398, 26.4616134], [111.6066309, 26.4614563], [111.6066058, 26.4613185], [111.6065115, 26.4612148], [111.6063654, 26.4611304], [111.6062188, 26.4610526], [111.6060997, 26.4609978], [111.6059556, 26.4609448], [111.6058267, 26.4609038], [111.6057215, 26.4608638], [111.6055997, 26.4608917], [111.6054765, 26.4608785], [111.6054221, 26.4607507], [111.6053822, 26.4605827], [111.6053357, 26.4604342], [111.6053358, 26.460512], [111.6053882, 26.4606663], [111.6054244, 26.4608201], [111.6054891, 26.4609255], [111.6055875, 26.4609303], [111.6056785, 26.4609755], [111.6057334, 26.4610948], [111.6057659, 26.4612478], [111.605787, 26.461406], [111.6058156, 26.4615664], [111.6058367, 26.4617175], [111.6058517, 26.4618517], [111.6059166, 26.4619579], [111.6060539, 26.4620251], [111.6061861, 26.4620449], [111.6062734, 26.4621041], [111.6063139, 26.4622235], [111.6063358, 26.4623818], [111.6063487, 26.4625412], [111.6063621, 26.4626985], [111.60639, 26.4628551], [111.6064239, 26.4630234], [111.6064521, 26.4631927], [111.6064628, 26.4633727], [111.6064597, 26.4634897], [111.6064426, 26.463624], [111.6063855, 26.4637341], [111.6062822, 26.4637737], [111.6061714, 26.4637688], [111.60604, 26.4637638], [111.6059144, 26.4637644], [111.6058111, 26.4637586], [111.6056898, 26.4637531], [111.6055728, 26.4637413], [111.6054367, 26.4637368], [111.6052991, 26.4637122], [111.605116, 26.463659], [111.6049788, 26.4636197], [111.6048599, 26.463585], [111.6047515, 26.4635574], [111.6046425, 26.4635355], [111.6045377, 26.4635096], [111.6044327, 26.4634935], [111.6043275, 26.4634816], [111.6042264, 26.4634624], [111.6040699, 26.4634562], [111.6039361, 26.4634404], [111.6038266, 26.4634229], [111.6037136, 26.4633855], [111.6035634, 26.4633377], [111.6034494, 26.4633028], [111.6033534, 26.4632685], [111.6032326, 26.4632372], [111.6031176, 26.4632101], [111.6029701, 26.4632027], [111.6028737, 26.4632286], [111.6027716, 26.4632714], [111.6026551, 26.4633108], [111.6024798, 26.463326], [111.6023269, 26.4633276], [111.6021775, 26.4633239], [111.6020356, 26.4633156], [111.6019048, 26.4633168], [111.6017817, 26.4633214], [111.6016503, 26.4633202], [111.6015236, 26.4633196], [111.6013535, 26.4633206], [111.6011816, 26.4633254], [111.6010046, 26.4633323], [111.6008399, 26.463335], [111.6008399, 26.463335]]}}]}